serial,kind,category,name,status,load_time_seconds,problem,browser_evidence,attempt,tested_at,uid
1,channel,Sports,T Sports,PASS,1.109,,readyState=4; video=1280x720; currentTime=26.27s; playing=True; progressed=True,1,2026-08-29T19:00:23+00:00,channel:t-sports:0
2,channel,Sports,PTV Sports,PASS,3.375,,readyState=4; video=1280x720; currentTime=27.32s; playing=True; progressed=True,2,2026-08-29T16:26:54+00:00,channel:ptv-sports:1
3,channel,Sports,Willow,FAIL,,Player exhausted all playback routes: চ্যানেলটি চালানো যায়নি।,readyState=0; video=0x0; currentTime=0.00s; playing=False; progressed=False,2,2026-08-29T16:33:07+00:00,channel:willow:2
4,channel,Sports,Willow 2,FAIL,,Player exhausted all playback routes: চ্যানেলটি চালানো যায়নি।,readyState=0; video=0x0; currentTime=0.00s; playing=False; progressed=False,2,2026-08-29T16:33:13+00:00,channel:willow-2:3
5,channel,Sports,STAR SPORTS 1 Hindi,PASS,9.766,,readyState=4; video=854x480; currentTime=0.42s; playing=True; progressed=True,1,2026-08-29T16:08:50+00:00,channel:star-sports-1-hindi:4
6,channel,Sports,Star Sports 2,PASS,5.875,,readyState=4; video=1280x720; currentTime=36.34s; playing=True; progressed=True,1,2026-08-29T16:07:27+00:00,channel:star-sports-2:5
7,channel,Sports,A Sports,PASS,1.109,,readyState=4; video=1280x720; currentTime=36.28s; playing=True; progressed=True,1,2026-08-29T16:08:51+00:00,channel:a-sports:6
8,channel,Sports,Star Sports Select 2,PASS,2.078,,readyState=4; video=1280x720; currentTime=36.33s; playing=True; progressed=True,1,2026-08-29T16:07:30+00:00,channel:star-sports-select-2:7
9,channel,Sports,UNITE8 SPORTS 2,PASS,0.828,,readyState=4; video=1280x720; currentTime=4.09s; playing=True; progressed=True,1,2026-08-29T16:08:52+00:00,channel:unite8-sports-2:8
10,channel,Sports,Pk Sports,PASS,14.907,,readyState=4; video=1280x720; currentTime=16.55s; playing=True; progressed=True,1,2026-08-29T16:07:45+00:00,channel:pk-sports:9
11,channel,Sports,BEIN SPORTS,PASS,4.172,,readyState=4; video=854x480; currentTime=46.12s; playing=True; progressed=True,1,2026-08-29T16:08:57+00:00,channel:bein-sports:10
12,channel,Sports,BEIN Sports 2,FAIL,,Player exhausted all playback routes: চ্যানেলটি চালানো যায়নি।,readyState=0; video=0x0; currentTime=0.00s; playing=False; progressed=True,2,2026-08-29T16:34:03+00:00,channel:bein-sports-2:11
13,channel,Sports,BEIN Sports 3,PASS,1.563,,readyState=4; video=1280x720; currentTime=11.36s; playing=True; progressed=True,2,2026-08-29T16:26:56+00:00,channel:bein-sports-3:12
14,channel,Sports,BEIN Sports 4,FAIL,,Player exhausted all playback routes: চ্যানেলটি চালানো যায়নি।,readyState=0; video=0x0; currentTime=0.00s; playing=False; progressed=True,2,2026-08-29T16:42:46+00:00,channel:bein-sports-4:13
15,channel,Sports,BEIN Sports 5,FAIL,,Player exhausted all playback routes: চ্যানেলটি চালানো যায়নি।,readyState=0; video=0x0; currentTime=0.00s; playing=False; progressed=True,2,2026-08-29T16:33:22+00:00,channel:bein-sports-5:14
16,channel,Sports,Bein Sports Extra,PASS,1.719,,readyState=4; video=854x480; currentTime=46.23s; playing=True; progressed=True,1,2026-08-29T16:08:16+00:00,channel:bein-sports-extra:15
17,channel,Sports,BeIN Sports Xtra,PASS,3.297,,readyState=4; video=854x480; currentTime=46.15s; playing=True; progressed=True,1,2026-08-29T16:09:30+00:00,channel:bein-sports-xtra:16
18,channel,Sports,GOAL TV,PASS,2.281,,readyState=4; video=640x360; currentTime=48.26s; playing=True; progressed=True,1,2026-08-29T16:08:18+00:00,channel:goal-tv:17
19,channel,Sports,M Sports,PASS,2.641,,readyState=4; video=1920x1080; currentTime=12.23s; playing=True; progressed=True,1,2026-08-29T16:09:33+00:00,channel:m-sports:18
20,channel,Sports,2 Tv Sports FIFA Worldcup,PASS,14.078,,readyState=4; video=1280x720; currentTime=12.39s; playing=True; progressed=True,2,2026-08-29T16:33:27+00:00,channel:2-tv-sports-fifa-worldcup:19
21,channel,Sports,2TV Sport 🇳🇴,PASS,2.734,,readyState=4; video=1280x720; currentTime=12.09s; playing=True; progressed=True,1,2026-08-29T16:09:36+00:00,channel:2tv-sport:20
22,channel,Sports,5 SPORT,FAIL,,Player exhausted all playback routes: চ্যানেলটি চালানো যায়নি।,readyState=0; video=0x0; currentTime=8.90s; playing=False; progressed=True,2,2026-08-29T16:34:05+00:00,channel:5-sport:21
23,channel,Sports,Bein Sports 1,PASS,6.406,,readyState=4; video=1920x1080; currentTime=38.31s; playing=True; progressed=True,1,2026-08-29T16:09:42+00:00,channel:bein-sports-1:22
24,channel,Sports,beIN SPORTS 6,FAIL,,Player exhausted all playback routes: চ্যানেলটি চালানো যায়নি।,readyState=0; video=0x0; currentTime=0.00s; playing=False; progressed=False,2,2026-08-29T16:42:50+00:00,channel:bein-sports-6:23
25,channel,Sports,beIN SPORTS 7,FAIL,,Player exhausted all playback routes: চ্যানেলটি চালানো যায়নি।,readyState=0; video=0x0; currentTime=69.01s; playing=False; progressed=True,2,2026-08-29T16:33:25+00:00,channel:bein-sports-7:24
26,channel,Sports,BeIN Sports Español,PASS,2.656,,readyState=4; video=1280x720; currentTime=38.34s; playing=True; progressed=True,1,2026-08-29T16:08:46+00:00,channel:tnt-sports-3:25
27,channel,Sports,Bein Sports Xtra ñ *2,PASS,13.015,,readyState=4; video=854x480; currentTime=46.31s; playing=True; progressed=True,1,2026-08-29T16:09:58+00:00,channel:bein-sports-xtra-ñ-2:26
28,channel,Sports,Bein Xtra,PASS,7.375,,readyState=4; video=1280x720; currentTime=38.42s; playing=True; progressed=True,1,2026-08-29T16:08:54+00:00,channel:bein-xtra:27
29,channel,Sports,Cowboy tv,PASS,13.469,,readyState=4; video=848x480; currentTime=46.25s; playing=True; progressed=True,1,2026-08-29T16:10:12+00:00,channel:cowboy-tv:28
30,channel,Sports,Dazn 1,FAIL,,Player exhausted all playback routes: চ্যানেলটি চালানো যায়নি।,readyState=0; video=0x0; currentTime=8.89s; playing=False; progressed=True,2,2026-08-29T16:33:42+00:00,channel:dazn-1:29
31,channel,Sports,Dazn 2,FAIL,,Player exhausted all playback routes: চ্যানেলটি চালানো যায়নি।,readyState=0; video=0x0; currentTime=8.90s; playing=False; progressed=True,2,2026-08-29T16:34:20+00:00,channel:dazn-2:30
32,channel,Sports,Dazn 3,FAIL,,Player exhausted all playback routes: চ্যানেলটি চালানো যায়নি।,readyState=0; video=0x0; currentTime=8.87s; playing=False; progressed=True,2,2026-08-29T16:43:04+00:00,channel:dazn-3:31
33,channel,Sports,Dazn 4,FAIL,,Player exhausted all playback routes: চ্যানেলটি চালানো যায়নি।,readyState=0; video=0x0; currentTime=8.86s; playing=False; progressed=True,2,2026-08-29T16:33:39+00:00,channel:dazn-4:32
34,channel,Sports,Dazn 5,FAIL,,Player exhausted all playback routes: চ্যানেলটি চালানো যায়নি।,readyState=0; video=0x0; currentTime=8.89s; playing=False; progressed=True,2,2026-08-29T16:33:45+00:00,channel:dazn-5:33
35,channel,Sports,DAZN FAST+,FAIL,,Player exhausted all playback routes: চ্যানেলটি চালানো যায়নি।,readyState=0; video=0x0; currentTime=8.90s; playing=False; progressed=True,2,2026-08-29T16:34:23+00:00,channel:dazn-fast:34
36,channel,Sports,DD Sports 2 0,PASS,2.437,,readyState=4; video=896x504; currentTime=42.34s; playing=True; progressed=True,1,2026-08-29T16:09:28+00:00,channel:dd-sports-2-0:35
37,channel,Sports,FIFA Live,FAIL,,Player exhausted all playback routes: চ্যানেলটি চালানো যায়নি।,readyState=0; video=0x0; currentTime=0.00s; playing=False; progressed=True,2,2026-08-29T16:43:19+00:00,channel:fifa:36
38,channel,Sports,Football World Cup 2026,FAIL,,Player exhausted all playback routes: চ্যানেলটি চালানো যায়নি।,readyState=0; video=0x0; currentTime=8.86s; playing=False; progressed=True,2,2026-08-29T16:33:42+00:00,channel:football-world-cup-2026:37
39,channel,Sports,FOX Sports,PASS,2.406,,readyState=4; video=1280x720; currentTime=38.33s; playing=True; progressed=True,1,2026-08-29T16:11:04+00:00,channel:fox-sports:38
40,channel,Sports,Fox Sports 501,FAIL,,Player exhausted all playback routes: চ্যানেলটি চালানো যায়নি।,readyState=0; video=0x0; currentTime=8.89s; playing=False; progressed=True,2,2026-08-29T16:33:48+00:00,channel:fox-sports-501:39
41,channel,Sports,GO 3 sport 1,FAIL,,Player exhausted all playback routes: চ্যানেলটি চালানো যায়নি।,readyState=0; video=0x0; currentTime=8.90s; playing=False; progressed=True,2,2026-08-29T16:34:25+00:00,channel:go-3-sport-1:40
42,channel,Sports,GO 3 sport 2,FAIL,,Player exhausted all playback routes: চ্যানেলটি চালানো যায়নি।,readyState=0; video=0x0; currentTime=8.90s; playing=False; progressed=True,2,2026-08-29T16:43:22+00:00,channel:go-3-sport-2:41
43,channel,Sports,Kiev Спорт,FAIL,,Player exhausted all playback routes: চ্যানেলটি চালানো যায়নি।,readyState=0; video=0x0; currentTime=0.00s; playing=False; progressed=True,2,2026-08-29T16:33:57+00:00,channel:kiev-спорт:42
44,channel,Sports,NOVA SPORT 1,FAIL,,Player exhausted all playback routes: চ্যানেলটি চালানো যায়নি।,readyState=0; video=0x0; currentTime=8.89s; playing=False; progressed=True,2,2026-08-29T16:33:50+00:00,channel:nova-sport-1:43
45,channel,Sports,QAZ Sports,PASS,4.656,,readyState=4; video=1920x1080; currentTime=10.27s; playing=True; progressed=True,1,2026-08-29T16:11:27+00:00,channel:qaz-sports:44
46,channel,Sports,RS Sports 1,FAIL,,Player exhausted all playback routes: চ্যানেলটি চালানো যায়নি।,readyState=0; video=0x0; currentTime=8.90s; playing=False; progressed=True,2,2026-08-29T16:34:40+00:00,channel:rs-sports-1:45
47,channel,Sports,RS Sports 2,FAIL,,Player exhausted all playback routes: চ্যানেলটি চালানো যায়নি।,readyState=0; video=0x0; currentTime=8.90s; playing=False; progressed=True,2,2026-08-29T16:43:36+00:00,channel:rs-sports-2:46
48,channel,Sports,RS Sports 3,FAIL,,Player exhausted all playback routes: চ্যানেলটি চালানো যায়নি।,readyState=0; video=0x0; currentTime=0.00s; playing=False; progressed=False,2,2026-08-29T16:34:12+00:00,channel:rs-sports-3:47
49,channel,Sports,RS Sports 4,FAIL,,Player exhausted all playback routes: চ্যানেলটি চালানো যায়নি।,readyState=0; video=0x0; currentTime=8.89s; playing=False; progressed=True,2,2026-08-29T16:34:05+00:00,channel:rs-sports-4:48
50,channel,Sports,RS Sports 5,FAIL,,Player exhausted all playback routes: চ্যানেলটি চালানো যায়নি।,readyState=0; video=0x0; currentTime=0.00s; playing=False; progressed=True,2,2026-08-29T16:34:55+00:00,channel:rs-sports-5:49
51,channel,Sports,SKY SPORTS ACTION,FAIL,,Browser blocked the media response (ORB; invalid or cross-origin media response),readyState=0; video=0x0; currentTime=78.25s; playing=False; progressed=True,2,2026-08-29T16:43:39+00:00,channel:sky-sports-action:50
52,channel,Sports,SKY SPORTS CRICKET,FAIL,,Player exhausted all playback routes: চ্যানেলটি চালানো যায়নি।,readyState=0; video=0x0; currentTime=72.96s; playing=False; progressed=True,2,2026-08-29T16:34:16+00:00,channel:sky-sports-cricket:51
53,channel,Sports,SKY SPORTS EPL,FAIL,,Player exhausted all playback routes: চ্যানেলটি চালানো যায়নি।,readyState=0; video=0x0; currentTime=72.48s; playing=False; progressed=True,2,2026-08-29T16:34:08+00:00,channel:sky-sports-epl:52
54,channel,Sports,SKY SPORTS F1,FAIL,,Player exhausted all playback routes: চ্যানেলটি চালানো যায়নি।,readyState=0; video=0x0; currentTime=0.00s; playing=False; progressed=False,2,2026-08-29T16:35:08+00:00,channel:sky-sports-f1:53
55,channel,Sports,SKY SPORTS FOOTBALL,FAIL,,Player exhausted all playback routes: চ্যানেলটি চালানো যায়নি।,readyState=0; video=0x0; currentTime=78.25s; playing=False; progressed=True,2,2026-08-29T16:43:41+00:00,channel:sky-sports-football:54
56,channel,Sports,SKY SPORTS MIX,FAIL,,Player exhausted all playback routes: চ্যানেলটি চালানো যায়নি।,readyState=0; video=0x0; currentTime=72.96s; playing=False; progressed=True,2,2026-08-29T16:34:31+00:00,channel:sky-sports-mix:55
57,channel,Sports,SKY SPORTS TENNIS,FAIL,,Player exhausted all playback routes: চ্যানেলটি চালানো যায়নি।,readyState=0; video=0x0; currentTime=72.48s; playing=False; progressed=True,2,2026-08-29T16:34:22+00:00,channel:sky-sports-tennis:56
58,channel,Sports,Sony Ten 1,FAIL,,Player exhausted all playback routes: চ্যানেলটি চালানো যায়নি।,readyState=0; video=0x0; currentTime=0.00s; playing=False; progressed=False,2,2026-08-29T16:35:11+00:00,channel:sony-ten-1:57
59,channel,Sports,Sony Ten 2,FAIL,,Player exhausted all playback routes: চ্যানেলটি চালানো যায়নি।,readyState=0; video=0x0; currentTime=78.25s; playing=False; progressed=True,2,2026-08-29T16:43:44+00:00,channel:sony-ten-2:58
60,channel,Sports,Sony Ten 3,FAIL,,Player exhausted all playback routes: চ্যানেলটি চালানো যায়নি।,readyState=0; video=0x0; currentTime=72.96s; playing=False; progressed=True,2,2026-08-29T16:34:33+00:00,channel:sony-ten-3:59
61,channel,Sports,Sony Ten 4,FAIL,,Player exhausted all playback routes: চ্যানেলটি চালানো যায়নি।,readyState=0; video=0x0; currentTime=72.48s; playing=False; progressed=True,2,2026-08-29T16:34:24+00:00,channel:sony-ten-4:60
62,channel,Sports,Sony Ten 5,FAIL,,Player exhausted all playback routes: চ্যানেলটি চালানো যায়নি।,readyState=0; video=0x0; currentTime=0.00s; playing=False; progressed=False,2,2026-08-29T16:35:13+00:00,channel:sony-ten-5:61
63,channel,Sports,Star Sports Select 1,FAIL,,Player exhausted all playback routes: চ্যানেলটি চালানো যায়নি।,readyState=0; video=0x0; currentTime=8.87s; playing=False; progressed=True,2,2026-08-29T16:43:46+00:00,channel:star-sports-select-1:62
64,channel,Sports,TNT Sports 1,FAIL,,Player exhausted all playback routes: চ্যানেলটি চালানো যায়নি।,readyState=0; video=0x0; currentTime=72.96s; playing=False; progressed=True,2,2026-08-29T16:34:47+00:00,channel:tnt-sports-1:63
65,channel,Sports,TNT Sports 2,FAIL,,Player exhausted all playback routes: চ্যানেলটি চালানো যায়নি।,readyState=0; video=0x0; currentTime=72.48s; playing=False; progressed=True,2,2026-08-29T16:34:38+00:00,channel:tnt-sports-2:64
66,channel,Sports,TNT Sports 4,FAIL,,Player exhausted all playback routes: চ্যানেলটি চালানো যায়নি।,readyState=0; video=0x0; currentTime=0.00s; playing=False; progressed=False,2,2026-08-29T16:35:27+00:00,channel:tnt-sports-4:65
67,channel,Sports,Trace Sport,PASS,13.094,,readyState=4; video=848x480; currentTime=48.24s; playing=True; progressed=True,1,2026-08-29T16:12:55+00:00,channel:trace-sport:66
68,channel,Sports,W SPORTS,FAIL,,Player exhausted all playback routes: চ্যানেলটি চালানো যায়নি।,readyState=0; video=0x0; currentTime=8.87s; playing=False; progressed=True,2,2026-08-29T16:43:49+00:00,channel:w-sports:67
69,channel,Sports,Willow SPORTS,FAIL,,Player exhausted all playback routes: চ্যানেলটি চালানো যায়নি।,readyState=0; video=0x0; currentTime=72.96s; playing=False; progressed=True,2,2026-08-29T16:34:50+00:00,channel:willow-sports:68
70,channel,Sports,X SPORT,FAIL,,Player exhausted all playback routes: চ্যানেলটি চালানো যায়নি।,readyState=0; video=0x0; currentTime=0.00s; playing=False; progressed=True,2,2026-08-29T16:34:52+00:00,channel:x-sport:69
71,channel,Sports,ZIGGO SPORT LIVE,FAIL,,Player exhausted all playback routes: চ্যানেলটি চালানো যায়নি।,readyState=0; video=0x0; currentTime=0.00s; playing=False; progressed=False,2,2026-08-29T16:35:36+00:00,channel:ziggo-sport-live:70
72,channel,Sports,ZIGGO SPORT 1,FAIL,,Player exhausted all playback routes: চ্যানেলটি চালানো যায়নি।,readyState=0; video=0x0; currentTime=8.87s; playing=False; progressed=True,2,2026-08-29T16:44:03+00:00,channel:ziggo-sport-1:71
73,channel,Sports,ZIGGO SPORT 2,FAIL,,Player exhausted all playback routes: চ্যানেলটি চালানো যায়নি।,readyState=0; video=0x0; currentTime=8.89s; playing=False; progressed=True,2,2026-08-29T16:35:05+00:00,channel:ziggo-sport-2:72
74,channel,Sports,ZIGGO SPORT 3,FAIL,,Player exhausted all playback routes: চ্যানেলটি চালানো যায়নি।,readyState=0; video=0x0; currentTime=8.88s; playing=False; progressed=True,2,2026-08-29T16:35:07+00:00,channel:ziggo-sport-3:73
75,channel,Sports,TNT Sports 3,FAIL,,Player exhausted all playback routes: চ্যানেলটি চালানো যায়নি।,readyState=0; video=0x0; currentTime=0.00s; playing=False; progressed=False,2,2026-08-29T16:35:48+00:00,channel:tnt-sports-3-2:74
76,channel,Sports,AKASH GO Live 1,FAIL,,Player exhausted all playback routes: চ্যানেলটি চালানো যায়নি।,readyState=0; video=0x0; currentTime=8.87s; playing=False; progressed=True,2,2026-08-29T16:44:05+00:00,channel:akash-go-live-1:75
77,channel,Sports,Crazy Ex,FAIL,,Player exhausted all playback routes: চ্যানেলটি চালানো যায়নি।,readyState=0; video=0x0; currentTime=8.89s; playing=False; progressed=True,2,2026-08-29T16:35:08+00:00,channel:crazy-ex:76
78,channel,Sports,ESPN 1 AFRICA LIVE,FAIL,,Player exhausted all playback routes: চ্যানেলটি চালানো যায়নি।,readyState=0; video=0x0; currentTime=8.88s; playing=False; progressed=True,2,2026-08-29T16:35:12+00:00,channel:espn-1-africa-live:77
79,channel,Sports,Fighters,FAIL,,Player exhausted all playback routes: চ্যানেলটি চালানো যায়নি।,readyState=0; video=0x0; currentTime=0.00s; playing=False; progressed=False,2,2026-08-29T16:35:50+00:00,channel:fighters:78
80,channel,Sports,Flash Guys,FAIL,,Player exhausted all playback routes: চ্যানেলটি চালানো যায়নি।,readyState=0; video=0x0; currentTime=8.87s; playing=False; progressed=True,2,2026-08-29T16:44:08+00:00,channel:flash-guys:79
81,channel,Sports,Sports Legends,FAIL,,Player exhausted all playback routes: চ্যানেলটি চালানো যায়নি।,readyState=0; video=0x0; currentTime=8.89s; playing=False; progressed=True,2,2026-08-29T16:35:10+00:00,channel:sports-legends:80
82,channel,Sports,Sports Range,FAIL,,Player exhausted all playback routes: চ্যানেলটি চালানো যায়নি।,readyState=0; video=0x0; currentTime=8.88s; playing=False; progressed=True,2,2026-08-29T16:35:14+00:00,channel:sports-range:81
83,channel,Sports,Star Sports 1 Digital,FAIL,,Player exhausted all playback routes: চ্যানেলটি চালানো যায়নি।,readyState=0; video=0x0; currentTime=0.00s; playing=False; progressed=False,2,2026-08-29T16:35:55+00:00,channel:star-sports-1-digital:82
84,channel,Sports,Star Sports 1 Hindi Digital,FAIL,,Player exhausted all playback routes: চ্যানেলটি চালানো যায়নি।,readyState=0; video=0x0; currentTime=8.87s; playing=False; progressed=True,2,2026-08-29T16:44:12+00:00,channel:star-sports-1-hindi-digital:83
85,channel,Sports,Star Sports 1 Kannada Digital,FAIL,,Player exhausted all playback routes: চ্যানেলটি চালানো যায়নি।,readyState=0; video=0x0; currentTime=8.89s; playing=False; progressed=True,2,2026-08-29T16:35:15+00:00,channel:star-sports-1-kannada-digital:84
86,channel,Sports,STAR SPORTS 1 SELECT,FAIL,,Player exhausted all playback routes: চ্যানেলটি চালানো যায়নি।,readyState=0; video=0x0; currentTime=8.88s; playing=False; progressed=True,2,2026-08-29T16:35:19+00:00,channel:star-sports-1-select:85
87,channel,Sports,Star Sports 1 Tamil Digital,FAIL,,Player exhausted all playback routes: চ্যানেলটি চালানো যায়নি।,readyState=0; video=0x0; currentTime=0.00s; playing=False; progressed=False,2,2026-08-29T16:36:00+00:00,channel:star-sports-1-tamil-digital:86
88,channel,Sports,Star Sports 1 Telugu Digital,FAIL,,Player exhausted all playback routes: চ্যানেলটি চালানো যায়নি।,readyState=0; video=0x0; currentTime=8.87s; playing=False; progressed=True,2,2026-08-29T16:44:17+00:00,channel:star-sports-1-telugu-digital:87
89,channel,Sports,Star Sports 2 Digital,FAIL,,Player exhausted all playback routes: চ্যানেলটি চালানো যায়নি।,readyState=0; video=0x0; currentTime=8.89s; playing=False; progressed=True,2,2026-08-29T16:35:19+00:00,channel:star-sports-2-digital:88
90,channel,Sports,Star Sports 2 Hindi Digital,FAIL,,Player exhausted all playback routes: চ্যানেলটি চালানো যায়নি।,readyState=0; video=0x0; currentTime=8.88s; playing=False; progressed=True,2,2026-08-29T16:35:24+00:00,channel:star-sports-2-hindi-digital:89
91,channel,Sports,Star Sports 2 Kannada Digital,FAIL,,Player exhausted all playback routes: চ্যানেলটি চালানো যায়নি।,readyState=0; video=0x0; currentTime=0.00s; playing=False; progressed=False,2,2026-08-29T16:36:04+00:00,channel:star-sports-2-kannada-digital:90
92,channel,Sports,STAR SPORTS 2 SELECT,FAIL,,Player exhausted all playback routes: চ্যানেলটি চালানো যায়নি।,readyState=0; video=0x0; currentTime=8.87s; playing=False; progressed=True,2,2026-08-29T16:44:21+00:00,channel:star-sports-2-select:91
93,channel,Sports,Star Sports 2 Tamil Digital,FAIL,,Player exhausted all playback routes: চ্যানেলটি চালানো যায়নি।,readyState=0; video=0x0; currentTime=8.89s; playing=False; progressed=True,2,2026-08-29T16:35:23+00:00,channel:star-sports-2-tamil-digital:92
94,channel,Sports,Star Sports 2 Telugu Digital,FAIL,,Player exhausted all playback routes: চ্যানেলটি চালানো যায়নি।,readyState=0; video=0x0; currentTime=8.88s; playing=False; progressed=True,2,2026-08-29T16:35:28+00:00,channel:star-sports-2-telugu-digital:93
95,channel,Sports,Star Sports 3 Digital,FAIL,,Player exhausted all playback routes: চ্যানেলটি চালানো যায়নি।,readyState=0; video=0x0; currentTime=0.00s; playing=False; progressed=False,2,2026-08-29T16:36:09+00:00,channel:star-sports-3-digital:94
96,channel,Sports,Star Sports Khel Digital,FAIL,,Player exhausted all playback routes: চ্যানেলটি চালানো যায়নি।,readyState=0; video=0x0; currentTime=8.87s; playing=False; progressed=True,2,2026-08-29T16:44:26+00:00,channel:star-sports-khel-digital:95
97,channel,Sports,Star Sports Select 1 Digital,FAIL,,Player exhausted all playback routes: চ্যানেলটি চালানো যায়নি।,readyState=0; video=0x0; currentTime=8.89s; playing=False; progressed=True,2,2026-08-29T16:35:28+00:00,channel:star-sports-select-1-digital:96
98,channel,Sports,Star Sports Select 2 Digital,FAIL,,Player exhausted all playback routes: চ্যানেলটি চালানো যায়নি।,readyState=0; video=0x0; currentTime=8.88s; playing=False; progressed=True,2,2026-08-29T16:35:33+00:00,channel:star-sports-select-2-digital:97
99,channel,Sports,Thunder Er,FAIL,,Player exhausted all playback routes: চ্যানেলটি চালানো যায়নি।,readyState=0; video=0x0; currentTime=0.00s; playing=False; progressed=False,2,2026-08-29T16:36:12+00:00,channel:thunder-er:98
100,channel,Bangla,BTV,FAIL,,Player exhausted all playback routes: চ্যানেলটি চালানো যায়নি।,readyState=0; video=0x0; currentTime=0.00s; playing=False; progressed=False,2,2026-08-29T16:52:02+00:00,channel:btv:42
101,channel,Bangla,Somoy TV,FAIL,,Player exhausted all playback routes: চ্যানেলটি চালানো যায়নি।,readyState=0; video=0x0; currentTime=0.00s; playing=False; progressed=True,2,2026-08-29T16:52:21+00:00,channel:somoy-tv:37
102,channel,Bangla,Channel 24,PASS,2.469,,readyState=4; video=1280x720; currentTime=4.12s; playing=True; progressed=True,1,2026-08-29T16:13:50+00:00,channel:channel-24:8
103,channel,Bangla,Independent TV,FAIL,,Player exhausted all playback routes: চ্যানেলটি চালানো যায়নি।,readyState=0; video=0x0; currentTime=0.00s; playing=False; progressed=False,2,2026-08-29T16:52:05+00:00,channel:independent-tv:45
104,channel,Bangla,DBC News,FAIL,,Player exhausted all playback routes: চ্যানেলটি চালানো যায়নি।,readyState=0; video=0x0; currentTime=0.00s; playing=False; progressed=True,2,2026-08-29T16:52:35+00:00,channel:dbc-news:12
105,channel,Bangla,NEWS 24,PASS,2.609,,readyState=4; video=1280x720; currentTime=36.34s; playing=True; progressed=True,1,2026-08-29T16:14:10+00:00,channel:news-24:27
106,channel,Bangla,ATN News,FAIL,,Player exhausted all playback routes: চ্যানেলটি চালানো যায়নি।,readyState=0; video=0x0; currentTime=0.00s; playing=False; progressed=True,2,2026-08-29T16:52:20+00:00,channel:atn-news:3
107,channel,Bangla,RTV,PASS,0.734,,readyState=4; video=1280x720; currentTime=36.16s; playing=True; progressed=True,2,2026-08-29T16:52:36+00:00,channel:rtv:35
108,channel,Bangla,Bangla Vision,PASS,9.672,,readyState=4; video=1280x720; currentTime=36.08s; playing=True; progressed=True,1,2026-08-29T16:14:49+00:00,channel:bangla-vision:5
109,channel,Bangla,Channel I,PASS,0.812,,readyState=4; video=1280x720; currentTime=26.24s; playing=True; progressed=True,1,2026-08-29T16:14:50+00:00,channel:channel-i:10
110,channel,Bangla,Deepto TV,FAIL,,Player exhausted all playback routes: চ্যানেলটি চালানো যায়নি।,readyState=0; video=0x0; currentTime=0.00s; playing=False; progressed=True,2,2026-08-29T16:52:34+00:00,channel:deepto-tv:13
111,channel,Bangla,Maasranga TV,FAIL,,Player exhausted all playback routes: চ্যানেলটি চালানো যায়নি।,readyState=0; video=0x0; currentTime=0.00s; playing=False; progressed=True,2,2026-08-29T16:52:51+00:00,channel:maasranga-tv:24
112,channel,Bangla,SRK TV,PASS,1.063,,readyState=4; video=1280x720; currentTime=12.21s; playing=True; progressed=True,1,2026-08-29T16:15:20+00:00,channel:srk-tv:38
113,channel,Bangla,Boishakhi TV,FAIL,,Player exhausted all playback routes: চ্যানেলটি চালানো যায়নি।,readyState=0; video=0x0; currentTime=0.00s; playing=False; progressed=True,2,2026-08-29T16:52:49+00:00,channel:boishakhi-tv:6
114,channel,Bangla,Green TV,PASS,6.125,,readyState=4; video=1280x720; currentTime=12.17s; playing=True; progressed=True,1,2026-08-29T16:15:41+00:00,channel:green-tv:21
115,channel,Bangla,ATN Bangla,FAIL,,Player exhausted all playback routes: চ্যানেলটি চালানো যায়নি।,readyState=0; video=0x0; currentTime=0.00s; playing=False; progressed=True,2,2026-08-29T16:53:05+00:00,channel:atn-bangla:2
116,channel,Bangla,Ekhon TV,PASS,3.156,,readyState=4; video=1280x720; currentTime=4.05s; playing=True; progressed=True,1,2026-08-29T16:15:59+00:00,channel:ekhon-tv:17
117,channel,Bangla,Nexus TV,PASS,1.891,,readyState=4; video=1280x720; currentTime=4.24s; playing=True; progressed=True,1,2026-08-29T16:16:01+00:00,channel:nexus-tv:28
118,channel,Bangla,Global TV,PASS,1.703,,readyState=4; video=1280x720; currentTime=4.18s; playing=True; progressed=True,1,2026-08-29T16:16:03+00:00,channel:global-tv:20
119,channel,Bangla,Channel S,PASS,3.125,,readyState=4; video=1280x720; currentTime=12.27s; playing=True; progressed=True,1,2026-08-29T16:16:06+00:00,channel:channel-s:11
120,channel,Bangla,Mohona TV,PASS,1.36,,readyState=4; video=1280x720; currentTime=4.19s; playing=True; progressed=True,1,2026-08-29T16:16:08+00:00,channel:mohona-tv:25
121,channel,Bangla,NTV,PASS,9.829,,readyState=4; video=1280x720; currentTime=36.17s; playing=True; progressed=True,1,2026-08-29T16:16:18+00:00,channel:ntv:31
122,channel,Bangla,SA TV,PASS,2.532,,readyState=4; video=1280x720; currentTime=36.23s; playing=True; progressed=True,1,2026-08-29T16:16:20+00:00,channel:sa-tv:36
123,channel,Bangla,Ekushey TV,PASS,14.265,,readyState=4; video=320x180; currentTime=34.27s; playing=True; progressed=True,1,2026-08-29T16:16:35+00:00,channel:ekushey-tv:18
124,channel,Bangla,Nagorik TV,FAIL,,Player exhausted all playback routes: চ্যানেলটি চালানো যায়নি।,readyState=0; video=0x0; currentTime=0.00s; playing=False; progressed=True,2,2026-08-29T16:52:52+00:00,channel:nagorik-tv:46
125,channel,Bangla,Desh TV,PASS,1.985,,readyState=4; video=854x480; currentTime=4.30s; playing=True; progressed=True,1,2026-08-29T16:16:52+00:00,channel:desh-tv:14
126,channel,Bangla,Movie Bangla,FAIL,,Player exhausted all playback routes: চ্যানেলটি চালানো যায়নি।,readyState=0; video=0x0; currentTime=0.00s; playing=False; progressed=True,2,2026-08-29T16:53:20+00:00,channel:movie-bangla:26
127,channel,Bangla,Rajdhani TV,FAIL,,Player exhausted all playback routes: চ্যানেলটি চালানো যায়নি।,readyState=0; video=0x0; currentTime=0.00s; playing=False; progressed=True,2,2026-08-29T16:53:07+00:00,channel:rajdhani-tv:33
128,channel,Bangla,Ahsan TV,PASS,36.75,,readyState=4; video=1280x720; currentTime=0.07s; playing=True; progressed=True,2,2026-08-29T16:53:57+00:00,channel:ahsan-tv:0
129,channel,Bangla,Ananda TV,PASS,2.063,,readyState=4; video=1280x720; currentTime=36.39s; playing=True; progressed=True,1,2026-08-29T16:17:46+00:00,channel:ananda-tv:1
130,channel,Bangla,Bangla TV,PASS,2.546,,readyState=4; video=1920x1080; currentTime=7.23s; playing=True; progressed=True,1,2026-08-29T16:17:49+00:00,channel:bangla-tv:4
131,channel,Bangla,Channel 1 NEWS,PASS,3.031,,readyState=4; video=1280x720; currentTime=4.33s; playing=True; progressed=True,1,2026-08-29T16:17:52+00:00,channel:channel-1-news:7
132,channel,Bangla,Channel 9,PASS,10.047,,readyState=4; video=1280x720; currentTime=36.10s; playing=True; progressed=True,1,2026-08-29T16:18:03+00:00,channel:channel-9:9
133,channel,Bangla,Drama 24,FAIL,,Player exhausted all playback routes: চ্যানেলটি চালানো যায়নি।,readyState=0; video=0x0; currentTime=0.00s; playing=False; progressed=True,2,2026-08-29T16:53:21+00:00,channel:drama-24:15
134,channel,Bangla,DTV USA,FAIL,,Player exhausted all playback routes: চ্যানেলটি চালানো যায়নি।,readyState=0; video=0x0; currentTime=0.00s; playing=False; progressed=True,2,2026-08-29T16:54:11+00:00,channel:dtv-usa:16
135,channel,Bangla,France News 24,FAIL,,Player exhausted all playback routes: চ্যানেলটি চালানো যায়নি।,readyState=0; video=0x0; currentTime=0.00s; playing=False; progressed=True,2,2026-08-29T16:53:36+00:00,channel:france-news-24:19
136,channel,Bangla,GTV NEWS,FAIL,,Player exhausted all playback routes: চ্যানেলটি চালানো যায়নি।,readyState=0; video=0x0; currentTime=0.00s; playing=False; progressed=True,2,2026-08-29T16:54:26+00:00,channel:gtv-news:22
137,channel,Bangla,Jago News 24,PASS,3.578,,readyState=4; video=1920x1080; currentTime=12.32s; playing=True; progressed=True,1,2026-08-29T16:19:06+00:00,channel:jago-news-24:23
138,channel,Bangla,NK,PASS,3.359,,readyState=4; video=960x540; currentTime=55.13s; playing=True; progressed=True,1,2026-08-29T16:19:10+00:00,channel:nk:29
139,channel,Bangla,NRB TV,PASS,2.843,,readyState=4; video=1920x1080; currentTime=10.26s; playing=True; progressed=True,2,2026-08-29T16:53:39+00:00,channel:nrb-tv:30
140,channel,Bangla,pcv,PASS,11.39,,readyState=4; video=1280x720; currentTime=11.71s; playing=True; progressed=True,1,2026-08-29T16:19:37+00:00,channel:pcv:32
141,channel,Bangla,Rongeen TV,FAIL,,Player exhausted all playback routes: চ্যানেলটি চালানো যায়নি।,readyState=0; video=0x0; currentTime=0.00s; playing=False; progressed=True,2,2026-08-29T16:54:40+00:00,channel:rongeen-tv:34
142,channel,Bangla,TBN24,PASS,5.969,,readyState=4; video=1920x1080; currentTime=9.08s; playing=True; progressed=True,2,2026-08-29T16:53:45+00:00,channel:tbn24:39
143,channel,Bangla,TEN IP TV,PASS,9.875,,readyState=4; video=1280x720; currentTime=9.67s; playing=True; progressed=True,1,2026-08-29T16:20:16+00:00,channel:ten-ip-tv:40
144,channel,Bangla,Time TV,FAIL,,Player exhausted all playback routes: চ্যানেলটি চালানো যায়নি।,readyState=0; video=0x0; currentTime=0.00s; playing=False; progressed=False,2,2026-08-29T16:54:55+00:00,channel:time-tv:41
145,channel,Bangla,BTV Sangsad,FAIL,,Player exhausted all playback routes: চ্যানেলটি চালানো যায়নি।,readyState=0; video=0x0; currentTime=0.00s; playing=False; progressed=False,2,2026-08-29T16:53:48+00:00,channel:btv-shangshad:43
146,channel,Bangla,Channel 1,FAIL,,Player exhausted all playback routes: চ্যানেলটি চালানো যায়নি।,readyState=0; video=0x0; currentTime=0.00s; playing=False; progressed=False,2,2026-08-29T16:54:57+00:00,channel:channel-1:44
147,channel,Bangla,ZillarBarta News,PASS,10.25,,readyState=4; video=1280x720; currentTime=10.10s; playing=True; progressed=True,1,2026-08-29T16:20:46+00:00,channel:zillarbarta-news:47
148,channel,Indian,Star Jalsha,PASS,9.39,,readyState=4; video=1920x1080; currentTime=0.44s; playing=True; progressed=True,1,2026-08-29T15:44:11+00:00,channel:star-jalsha:0
149,channel,Indian,Zee Bangla,FAIL,,Player exhausted all playback routes: চ্যানেলটি চালানো যায়নি।,readyState=0; video=0x0; currentTime=0.00s; playing=False; progressed=False,2,2026-08-29T16:42:58+00:00,channel:zee-bangla:1
150,channel,Indian,Sony Aath,FAIL,,Player exhausted all playback routes: চ্যানেলটি চালানো যায়নি।,readyState=0; video=0x0; currentTime=0.00s; playing=False; progressed=True,2,2026-08-29T16:43:11+00:00,channel:sony-aath:2
151,channel,Indian,Jalsha Movies,PASS,1.922,,readyState=4; video=1280x720; currentTime=0.26s; playing=True; progressed=True,2,2026-08-29T16:43:39+00:00,channel:jalsha-movies:3
152,channel,Indian,Zee Bangla Cinema,PASS,3.5,,readyState=4; video=1280x720; currentTime=4.66s; playing=True; progressed=True,1,2026-08-29T15:44:15+00:00,channel:zee-bangla-cinema:4
153,channel,Indian,Republic Bangla,PASS,2.234,,readyState=4; video=640x360; currentTime=48.38s; playing=True; progressed=True,1,2026-08-29T15:44:26+00:00,channel:republic-bangla:5
154,channel,Indian,10 TV,FAIL,,Player exhausted all playback routes: চ্যানেলটি চালানো যায়নি।,readyState=0; video=0x0; currentTime=0.00s; playing=False; progressed=True,2,2026-08-29T16:49:39+00:00,channel:10-tv:6
155,channel,Indian,22Scope News,PASS,2.313,,readyState=4; video=1280x720; currentTime=12.15s; playing=True; progressed=True,1,2026-08-29T15:44:26+00:00,channel:22scope-news:7
156,channel,Indian,24 News,FAIL,,Player exhausted all playback routes: চ্যানেলটি চালানো যায়নি।,readyState=0; video=0x0; currentTime=0.00s; playing=False; progressed=True,2,2026-08-29T16:49:54+00:00,channel:24-news:8
157,channel,Indian,9X Jalwa,PASS,2.188,,readyState=4; video=640x360; currentTime=48.27s; playing=True; progressed=True,1,2026-08-29T15:44:29+00:00,channel:9x-jalwa:9
158,channel,Indian,9X Jhakkas,PASS,2.172,,readyState=4; video=640x360; currentTime=48.49s; playing=True; progressed=True,1,2026-08-29T15:44:49+00:00,channel:9x-jhakkas:10
159,channel,Indian,9X Tashan,PASS,2.296,,readyState=4; video=640x360; currentTime=48.33s; playing=True; progressed=True,1,2026-08-29T15:44:29+00:00,channel:9x-tashan:11
160,channel,Indian,9XM,PASS,3.391,,readyState=4; video=640x360; currentTime=48.36s; playing=True; progressed=True,1,2026-08-29T15:44:41+00:00,channel:9xm:12
161,channel,Indian,Aaj Tak,PASS,5.344,,readyState=4; video=718x404; currentTime=48.25s; playing=True; progressed=True,1,2026-08-29T15:44:35+00:00,channel:aaj-tak:13
162,channel,Indian,Aaj Tak Bangla,FAIL,,Player exhausted all playback routes: চ্যানেলটি চালানো যায়নি।,readyState=0; video=0x0; currentTime=0.00s; playing=False; progressed=True,2,2026-08-29T16:43:13+00:00,channel:aaj-tak-bangla:14
163,channel,Indian,Aamar Bangla,PASS,3.282,,readyState=4; video=1280x720; currentTime=24.13s; playing=True; progressed=True,1,2026-08-29T15:44:32+00:00,channel:aamar-bangla:15
164,channel,Indian,Aaryaa TV,FAIL,,Player exhausted all playback routes: চ্যানেলটি চালানো যায়নি।,readyState=0; video=0x0; currentTime=0.00s; playing=False; progressed=True,2,2026-08-29T16:43:26+00:00,channel:aaryaa-tv:16
165,channel,Indian,Aastha,PASS,3.265,,readyState=4; video=640x360; currentTime=14.48s; playing=True; progressed=True,1,2026-08-29T15:44:38+00:00,channel:aastha:17
166,channel,Indian,Aastha Prime 1,PASS,3.672,,readyState=4; video=640x360; currentTime=12.39s; playing=True; progressed=True,1,2026-08-29T15:45:15+00:00,channel:aastha-prime-1:18
167,channel,Indian,ABN Andhra Jyoti,PASS,2.781,,readyState=4; video=1280x720; currentTime=12.52s; playing=True; progressed=True,1,2026-08-29T15:44:36+00:00,channel:abn-andhra-jyoti:19
168,channel,Indian,ABP Ananda,PASS,11.625,,readyState=4; video=416x234; currentTime=48.84s; playing=True; progressed=True,1,2026-08-29T15:45:16+00:00,channel:abp-ananda:20
169,channel,Indian,ABP Asmita,PASS,1.375,,readyState=4; video=426x240; currentTime=32.07s; playing=True; progressed=True,1,2026-08-29T15:44:40+00:00,channel:abp-asmita:21
170,channel,Indian,ABP Ganga,PASS,1.891,,readyState=4; video=640x360; currentTime=48.31s; playing=True; progressed=True,1,2026-08-29T15:45:17+00:00,channel:abp-ganga:22
171,channel,Indian,ABP Majha,PASS,2.578,,readyState=4; video=640x360; currentTime=48.21s; playing=True; progressed=True,1,2026-08-29T15:44:38+00:00,channel:abp-majha:23
172,channel,Indian,ABP News,PASS,2.672,,readyState=4; video=640x360; currentTime=48.27s; playing=True; progressed=True,1,2026-08-29T15:45:19+00:00,channel:abp-news:24
173,channel,Indian,Adhyatm TV,PASS,1.813,,readyState=4; video=1280x720; currentTime=12.17s; playing=True; progressed=True,1,2026-08-29T15:44:42+00:00,channel:adhyatm-tv:25
174,channel,Indian,AKD Calcutta News,PASS,2.234,,readyState=4; video=1920x1080; currentTime=48.16s; playing=True; progressed=True,1,2026-08-29T15:45:20+00:00,channel:akd-calcutta-news:26
175,channel,Indian,Amrita TV,PASS,3.235,,readyState=4; video=1396x720; currentTime=69.28s; playing=True; progressed=True,1,2026-08-29T15:44:42+00:00,channel:amrita-tv:27
176,channel,Indian,&TV,PASS,6.875,,readyState=4; video=1280x720; currentTime=4.29s; playing=True; progressed=True,1,2026-08-29T15:45:26+00:00,channel:tv:28
177,channel,Indian,Apna Punjab TV,PASS,7.656,,readyState=4; video=1280x720; currentTime=10.13s; playing=True; progressed=True,2,2026-08-29T16:43:47+00:00,channel:apna-punjab-tv:29
178,channel,Indian,Arputhar Yesu TV,FAIL,,Player exhausted all playback routes: চ্যানেলটি চালানো যায়নি।,readyState=0; video=0x0; currentTime=0.00s; playing=False; progressed=False,2,2026-08-29T16:49:52+00:00,channel:arputhar-yesu-tv:30
179,channel,Indian,B4U Movies,PASS,4.891,,readyState=4; video=848x480; currentTime=42.51s; playing=True; progressed=True,1,2026-08-29T15:44:47+00:00,channel:b4u-movies:31
180,channel,Indian,Balle Balle,FAIL,,Player exhausted all playback routes: চ্যানেলটি চালানো যায়নি।,readyState=0; video=0x0; currentTime=0.00s; playing=False; progressed=True,2,2026-08-29T16:50:09+00:00,channel:balle-balle:32
181,channel,Indian,Bhojpuri Cinema,PASS,1.657,,readyState=4; video=854x480; currentTime=48.22s; playing=True; progressed=True,1,2026-08-29T15:45:07+00:00,channel:bhojpuri-cinema:33
182,channel,Indian,Channel Divya,PASS,1.813,,readyState=4; video=640x360; currentTime=42.54s; playing=True; progressed=True,1,2026-08-29T15:45:45+00:00,channel:channel-divya:34
183,channel,Indian,Chardikla Gurbaani TV,PASS,2.094,,readyState=4; video=1920x1080; currentTime=10.13s; playing=True; progressed=True,1,2026-08-29T15:44:50+00:00,channel:chardikla-gurbaani-tv:35
184,channel,Indian,Chardikla Time TV,PASS,12.797,,readyState=4; video=1920x1080; currentTime=9.55s; playing=True; progressed=True,1,2026-08-29T15:46:02+00:00,channel:chardikla-time-tv:36
185,channel,Indian,Chardikla Time TV North America,PASS,12.031,,readyState=4; video=1920x1080; currentTime=9.63s; playing=True; progressed=True,1,2026-08-29T15:45:19+00:00,channel:chardikla-time-tv-north-america:37
186,channel,Indian,CNBC Awaaz,PASS,1.687,,readyState=4; video=640x360; currentTime=576.18s; playing=True; progressed=True,1,2026-08-29T15:45:47+00:00,channel:cnbc-awaaz:38
187,channel,Indian,CNBC Bajar,PASS,1.5,,readyState=4; video=640x360; currentTime=581.88s; playing=True; progressed=True,1,2026-08-29T15:44:52+00:00,channel:cnbc-bajar:39
188,channel,Indian,CNBC TV18,PASS,2.578,,readyState=4; video=640x360; currentTime=582.81s; playing=True; progressed=True,1,2026-08-29T15:46:06+00:00,channel:cnbc-tv18:40
189,channel,Indian,CNBC TV18 Prime,PASS,2.359,,readyState=4; video=640x360; currentTime=588.40s; playing=True; progressed=True,1,2026-08-29T15:45:22+00:00,channel:cnbc-tv18-prime:41
190,channel,Indian,Cnews Bharat,PASS,3.313,,readyState=4; video=1280x720; currentTime=8.59s; playing=True; progressed=True,1,2026-08-29T15:45:51+00:00,channel:cnews-bharat:42
191,channel,Indian,CTVN AKD Plus,FAIL,,Player exhausted all playback routes: চ্যানেলটি চালানো যায়নি।,readyState=0; video=0x0; currentTime=0.00s; playing=False; progressed=True,2,2026-08-29T16:43:28+00:00,channel:ctvn-akd-plus:43
192,channel,Indian,Dangal TV,PASS,1.922,,readyState=4; video=854x480; currentTime=48.37s; playing=True; progressed=True,1,2026-08-29T15:46:08+00:00,channel:dangal-tv:44
193,channel,Indian,DANGAL2,PASS,1.735,,readyState=4; video=854x480; currentTime=48.43s; playing=True; progressed=True,1,2026-08-29T15:45:24+00:00,channel:dangal2:45
194,channel,Indian,Desi Channel,FAIL,,Player exhausted all playback routes: চ্যানেলটি চালানো যায়নি।,readyState=0; video=0x0; currentTime=0.00s; playing=False; progressed=True,2,2026-08-29T16:43:41+00:00,channel:desi-channel:46
195,channel,Indian,Divyavani TV,PASS,1.953,,readyState=4; video=1280x720; currentTime=12.52s; playing=True; progressed=True,1,2026-08-29T15:45:17+00:00,channel:divyavani-tv:47
196,channel,Indian,Enter 10 Bangla,FAIL,,Player exhausted all playback routes: চ্যানেলটি চালানো যায়নি।,readyState=0; video=0x0; currentTime=0.00s; playing=False; progressed=True,2,2026-08-29T16:44:02+00:00,channel:enter-10-bangla:48
197,channel,Indian,Enter10 Bangla,FAIL,,Player exhausted all playback routes: চ্যানেলটি চালানো যায়নি।,readyState=0; video=0x0; currentTime=0.00s; playing=False; progressed=True,2,2026-08-29T16:50:07+00:00,channel:enter10-bangla:49
198,channel,Indian,Enterr 10 Bangla,PASS,1.766,,readyState=4; video=854x480; currentTime=48.35s; playing=True; progressed=True,1,2026-08-29T15:46:16+00:00,channel:enterr-10-bangla:50
199,channel,Indian,Enterr10 Bangla,PASS,2.953,,readyState=4; video=854x480; currentTime=48.28s; playing=True; progressed=True,1,2026-08-29T15:45:20+00:00,channel:enterr10-bangla:51
200,channel,Indian,Epic Music,FAIL,,Player exhausted all playback routes: চ্যানেলটি চালানো যায়নি।,readyState=0; video=0x0; currentTime=0.00s; playing=False; progressed=True,2,2026-08-29T16:50:24+00:00,channel:epic-music:52
201,channel,Indian,Epic TV Digital,PASS,2.625,,readyState=4; video=854x480; currentTime=42.55s; playing=True; progressed=True,1,2026-08-29T15:45:50+00:00,channel:epic-tv-digital:53
202,channel,Indian,ETV Andhra Pradesh,PASS,2.25,,readyState=4; video=768x432; currentTime=48.50s; playing=True; progressed=True,1,2026-08-29T15:46:18+00:00,channel:etv-andhra-pradesh:54
203,channel,Indian,ETV Cinema,PASS,1.844,,readyState=4; video=768x432; currentTime=48.50s; playing=True; progressed=True,1,2026-08-29T15:45:23+00:00,channel:etv-cinema:55
204,channel,Indian,ETV Comedy,PASS,3.391,,readyState=4; video=848x480; currentTime=42.40s; playing=True; progressed=True,1,2026-08-29T15:46:58+00:00,channel:etv-comedy:56
205,channel,Indian,ETV Josh,PASS,2.687,,readyState=4; video=848x480; currentTime=42.22s; playing=True; progressed=True,1,2026-08-29T15:45:53+00:00,channel:etv-josh:57
206,channel,Indian,ETV Life,PASS,2.219,,readyState=4; video=768x432; currentTime=48.52s; playing=True; progressed=True,1,2026-08-29T15:46:21+00:00,channel:etv-life:58
207,channel,Indian,ETV Music,PASS,2.11,,readyState=4; video=848x480; currentTime=42.55s; playing=True; progressed=True,1,2026-08-29T15:45:25+00:00,channel:etv-music:59
208,channel,Indian,ETV News,PASS,2.562,,readyState=4; video=854x480; currentTime=66.32s; playing=True; progressed=True,2,2026-08-29T16:43:31+00:00,channel:etv-news:60
209,channel,Indian,ETV Telangana,PASS,1.969,,readyState=4; video=768x432; currentTime=48.24s; playing=True; progressed=True,1,2026-08-29T15:45:55+00:00,channel:etv-telangana:61
210,channel,Indian,ETV Telugu,PASS,2.204,,readyState=4; video=768x432; currentTime=48.66s; playing=True; progressed=True,1,2026-08-29T15:46:23+00:00,channel:etv-telugu:62
211,channel,Indian,Fateh TV,PASS,2.234,,readyState=4; video=1920x1080; currentTime=12.10s; playing=True; progressed=True,1,2026-08-29T15:45:28+00:00,channel:fateh-tv:63
212,channel,Indian,Global Punjab,PASS,3.953,,readyState=4; video=1920x1080; currentTime=48.25s; playing=True; progressed=True,1,2026-08-29T15:47:25+00:00,channel:global-punjab:64
213,channel,Indian,Goldmines Bollywood,FAIL,,Media loaded without a decoded video frame,readyState=4; video=0x0; currentTime=51.82s; playing=True; progressed=True,2,2026-08-29T16:44:30+00:00,channel:goldmines-bollywood:65
214,channel,Indian,Good News Today,PASS,2.172,,readyState=4; video=718x404; currentTime=48.32s; playing=True; progressed=True,1,2026-08-29T15:46:26+00:00,channel:good-news-today:66
215,channel,Indian,Gospel TV India,FAIL,,Player exhausted all playback routes: চ্যানেলটি চালানো যায়নি।,readyState=0; video=0x0; currentTime=0.00s; playing=False; progressed=True,2,2026-08-29T16:44:12+00:00,channel:gospel-tv-india:67
216,channel,Indian,GTC News,PASS,2.438,,readyState=4; video=640x360; currentTime=48.34s; playing=True; progressed=True,1,2026-08-29T15:47:28+00:00,channel:gtc-news:68
217,channel,Indian,India Daily Live,PASS,13.735,,readyState=4; video=640x360; currentTime=48.64s; playing=True; progressed=True,1,2026-08-29T15:46:32+00:00,channel:india-daily-live:69
218,channel,Indian,India Today,FAIL,,Player exhausted all playback routes: চ্যানেলটি চালানো যায়নি।,readyState=0; video=0x0; currentTime=0.00s; playing=False; progressed=True,2,2026-08-29T16:50:22+00:00,channel:india-today:70
219,channel,Indian,India TV,PASS,1.907,,readyState=4; video=480x270; currentTime=46.63s; playing=True; progressed=True,1,2026-08-29T15:45:53+00:00,channel:india-tv:71
220,channel,Indian,India TV Speed News,PASS,1.812,,readyState=4; video=640x360; currentTime=50.19s; playing=True; progressed=True,1,2026-08-29T15:47:30+00:00,channel:india-tv-speed-news:72
221,channel,Indian,JOO MUSIC,PASS,5.438,,readyState=4; video=1280x720; currentTime=12.07s; playing=True; progressed=True,1,2026-08-29T15:46:38+00:00,channel:joo-music:73
222,channel,Indian,Kannur Vision,PASS,5.328,,readyState=4; video=1920x1080; currentTime=5.06s; playing=True; progressed=True,1,2026-08-29T15:46:55+00:00,channel:kannur-vision:74
223,channel,Indian,Kashish News,FAIL,,Player exhausted all playback routes: চ্যানেলটি চালানো যায়নি।,readyState=0; video=0x0; currentTime=0.00s; playing=False; progressed=True,2,2026-08-29T16:50:36+00:00,channel:kashish-news:75
224,channel,Indian,Kolkata TV,FAIL,,Player exhausted all playback routes: চ্যানেলটি চালানো যায়নি।,readyState=0; video=0x0; currentTime=0.00s; playing=False; progressed=True,2,2026-08-29T16:43:47+00:00,channel:kolkata-tv:76
225,channel,Indian,Living India News,PASS,1.812,,readyState=4; video=640x360; currentTime=48.42s; playing=True; progressed=True,2,2026-08-29T16:44:32+00:00,channel:living-india-news:77
226,channel,Indian,Mahaa Bhakti,PASS,2.687,,readyState=4; video=1920x1080; currentTime=10.47s; playing=True; progressed=True,1,2026-08-29T15:46:58+00:00,channel:mahaa-bhakti:78
227,channel,Indian,Manorama News,PASS,2.25,,readyState=4; video=640x360; currentTime=18.21s; playing=True; progressed=True,1,2026-08-29T15:46:18+00:00,channel:manorama-news:79
228,channel,Indian,Mazhavil Manorama,PASS,2.5,,readyState=4; video=852x480; currentTime=12.22s; playing=True; progressed=True,1,2026-08-29T15:47:56+00:00,channel:mazhavil-manorama:80
229,channel,Indian,N TV,PASS,6.593,,readyState=4; video=1280x720; currentTime=0.30s; playing=True; progressed=True,1,2026-08-29T15:47:08+00:00,channel:n-tv:81
230,channel,Indian,Nazara,PASS,4.469,,readyState=4; video=683x360; currentTime=42.43s; playing=True; progressed=True,1,2026-08-29T15:47:03+00:00,channel:nazara:82
231,channel,Indian,NDTV English,PASS,1.531,,readyState=4; video=854x480; currentTime=32.41s; playing=True; progressed=True,1,2026-08-29T15:46:20+00:00,channel:ndtv-english:83
232,channel,Indian,NDTV Hindi,PASS,1.61,,readyState=4; video=854x480; currentTime=32.55s; playing=True; progressed=True,1,2026-08-29T15:47:58+00:00,channel:ndtv-hindi:84
233,channel,Indian,NDTV Madhya Pradesh Chhattisgarh,PASS,2.36,,readyState=4; video=854x480; currentTime=48.24s; playing=True; progressed=True,1,2026-08-29T15:47:11+00:00,channel:ndtv-madhya-pradesh-chhattisgarh:85
234,channel,Indian,NDTV NEWS,PASS,1.422,,readyState=4; video=854x480; currentTime=32.41s; playing=True; progressed=True,1,2026-08-29T15:47:05+00:00,channel:ndtv-news:86
235,channel,Indian,NDTV Profit,FAIL,,Player exhausted all playback routes: চ্যানেলটি চালানো যায়নি।,readyState=0; video=0x0; currentTime=0.00s; playing=False; progressed=True,2,2026-08-29T16:44:27+00:00,channel:ndtv-profit:87
236,channel,Indian,NDTV Rajasthan,PASS,3.125,,readyState=4; video=854x480; currentTime=48.33s; playing=True; progressed=True,1,2026-08-29T15:48:01+00:00,channel:ndtv-rajasthan:88
237,channel,Indian,News Nation,PASS,1.61,,readyState=4; video=640x360; currentTime=48.32s; playing=True; progressed=True,1,2026-08-29T15:47:12+00:00,channel:news-nation:89
238,channel,Indian,News18 Assam North East,PASS,1.25,,readyState=4; video=640x360; currentTime=576.31s; playing=True; progressed=True,1,2026-08-29T15:47:06+00:00,channel:news18-assam-north-east:90
239,channel,Indian,News18 Bangla,PASS,1.25,,readyState=4; video=640x360; currentTime=576.31s; playing=True; progressed=True,1,2026-08-29T15:46:44+00:00,channel:news18-bangla:91
240,channel,Indian,News18 Delhi NCR JK,PASS,1.704,,readyState=4; video=640x360; currentTime=576.61s; playing=True; progressed=True,1,2026-08-29T15:48:03+00:00,channel:news18-delhi-ncr-jk:92
241,channel,Indian,News18 Gujarati,PASS,1.125,,readyState=4; video=640x360; currentTime=576.09s; playing=True; progressed=True,1,2026-08-29T15:47:14+00:00,channel:news18-gujarati:93
242,channel,Indian,News18 India,PASS,1.609,,readyState=4; video=640x360; currentTime=576.45s; playing=True; progressed=True,1,2026-08-29T15:47:08+00:00,channel:news18-india:94
243,channel,Indian,News18 Kerala,PASS,1.781,,readyState=4; video=640x360; currentTime=576.41s; playing=True; progressed=True,1,2026-08-29T15:46:46+00:00,channel:news18-kerala:95
244,channel,Indian,News18 Madhya Pradesh Chhattisgarh,PASS,1.375,,readyState=4; video=640x360; currentTime=576.31s; playing=True; progressed=True,1,2026-08-29T15:48:05+00:00,channel:news18-madhya-pradesh-chhattisgarh:96
245,channel,Indian,News18 Marathi,PASS,1.313,,readyState=4; video=640x360; currentTime=576.15s; playing=True; progressed=True,1,2026-08-29T15:47:16+00:00,channel:news18-marathi:97
246,channel,Indian,News18 Odia,PASS,1.375,,readyState=4; video=640x360; currentTime=576.31s; playing=True; progressed=True,1,2026-08-29T15:47:10+00:00,channel:news18-odia:98
247,channel,Indian,News18 Punjab Haryana Himachal,PASS,1.187,,readyState=4; video=640x360; currentTime=576.14s; playing=True; progressed=True,1,2026-08-29T15:46:48+00:00,channel:news18-punjab-haryana-himachal:99
248,channel,Indian,News18 Rajasthan,PASS,1.546,,readyState=4; video=640x360; currentTime=576.48s; playing=True; progressed=True,1,2026-08-29T15:48:07+00:00,channel:news18-rajasthan:100
249,channel,Indian,News18 Tamil Nadu,PASS,1.079,,readyState=4; video=640x360; currentTime=576.15s; playing=True; progressed=True,1,2026-08-29T15:47:17+00:00,channel:news18-tamil-nadu:101
250,channel,Indian,News18 Urdu,PASS,1.312,,readyState=4; video=512x288; currentTime=576.15s; playing=True; progressed=True,1,2026-08-29T15:47:12+00:00,channel:news18-urdu:102
251,channel,Indian,News18 Uttar Pradesh Uttarakhand,PASS,1.25,,readyState=4; video=640x360; currentTime=576.24s; playing=True; progressed=True,1,2026-08-29T15:46:50+00:00,channel:news18-uttar-pradesh-uttarakhand:103
252,channel,Indian,NKR TV Kannada,PASS,1.516,,readyState=4; video=640x360; currentTime=12.11s; playing=True; progressed=True,1,2026-08-29T15:48:09+00:00,channel:nkr-tv-kannada:104
253,channel,Indian,NTV Telugu,FAIL,,Player exhausted all playback routes: চ্যানেলটি চালানো যায়নি।,readyState=0; video=0x0; currentTime=0.00s; playing=False; progressed=True,2,2026-08-29T16:50:37+00:00,channel:ntv-telugu:105
254,channel,Indian,Oli TV,PASS,2.453,,readyState=4; video=1920x1080; currentTime=45.80s; playing=True; progressed=True,1,2026-08-29T15:47:15+00:00,channel:oli-tv:106
255,channel,Indian,Pitaara,PASS,3.969,,readyState=4; video=640x360; currentTime=48.49s; playing=True; progressed=True,1,2026-08-29T15:46:54+00:00,channel:pitaara:107
256,channel,Indian,PMC Telugu,PASS,1.594,,readyState=4; video=1280x720; currentTime=10.12s; playing=True; progressed=True,2,2026-08-29T16:50:37+00:00,channel:pmc-telugu:108
257,channel,Indian,Pratham Khabar 24x7,PASS,2.047,,readyState=4; video=1920x1080; currentTime=12.16s; playing=True; progressed=True,1,2026-08-29T15:47:42+00:00,channel:pratham-khabar-24x7:109
258,channel,Indian,PTC Music,PASS,1.485,,readyState=4; video=640x360; currentTime=48.41s; playing=True; progressed=True,1,2026-08-29T15:47:17+00:00,channel:ptc-music:110
259,channel,Indian,PTC Punjabi,PASS,1.578,,readyState=4; video=640x360; currentTime=48.39s; playing=True; progressed=True,1,2026-08-29T15:46:56+00:00,channel:ptc-punjabi:111
260,channel,Indian,PTC Punjabi Gold,PASS,2.0,,readyState=4; video=640x360; currentTime=48.61s; playing=True; progressed=True,1,2026-08-29T15:48:34+00:00,channel:ptc-punjabi-gold:112
261,channel,Indian,Punjabi Hits,PASS,1.797,,readyState=4; video=640x360; currentTime=12.29s; playing=True; progressed=True,1,2026-08-29T15:47:44+00:00,channel:punjabi-hits:113
262,channel,Indian,Punjabi Shorts,PASS,3.719,,readyState=4; video=640x360; currentTime=42.78s; playing=True; progressed=True,1,2026-08-29T15:47:21+00:00,channel:punjabi-shorts:114
263,channel,Indian,R Plus News,PASS,11.859,,readyState=4; video=1920x1080; currentTime=48.53s; playing=True; progressed=True,2,2026-08-29T16:43:59+00:00,channel:r-plus-news:115
264,channel,Indian,Republic Bharat,PASS,3.14,,readyState=4; video=640x360; currentTime=48.61s; playing=True; progressed=True,1,2026-08-29T15:48:37+00:00,channel:republic-bharat:116
265,channel,Indian,Republic Kannada,PASS,2.922,,readyState=4; video=640x360; currentTime=48.25s; playing=True; progressed=True,1,2026-08-29T15:47:48+00:00,channel:republic-kannada:117
266,channel,Indian,Republic TV,PASS,2.922,,readyState=4; video=640x360; currentTime=48.56s; playing=True; progressed=True,1,2026-08-29T15:47:24+00:00,channel:republic-tv:118
267,channel,Indian,Rozana Spokesman,FAIL,,Player exhausted all playback routes: চ্যানেলটি চালানো যায়নি।,readyState=0; video=0x0; currentTime=0.00s; playing=False; progressed=True,2,2026-08-29T16:44:47+00:00,channel:rozana-spokesman:119
268,channel,Indian,SAB,FAIL,,Player exhausted all playback routes: চ্যানেলটি চালানো যায়নি।,readyState=0; video=0x0; currentTime=0.00s; playing=False; progressed=False,2,2026-08-29T16:44:36+00:00,channel:sab:120
269,channel,Indian,Samay Kolkata,PASS,2.234,,readyState=4; video=1280x720; currentTime=12.34s; playing=True; progressed=True,1,2026-08-29T15:47:50+00:00,channel:samay-kolkata:121
270,channel,Indian,Sana Plus,FAIL,,Player exhausted all playback routes: চ্যানেলটি চালানো যায়নি।,readyState=0; video=0x0; currentTime=0.00s; playing=False; progressed=True,2,2026-08-29T16:50:52+00:00,channel:sana-plus:122
271,channel,Indian,Sana TV,PASS,4.578,,readyState=4; video=1920x1080; currentTime=46.08s; playing=True; progressed=True,1,2026-08-29T15:47:46+00:00,channel:sana-tv:123
272,channel,Indian,Sananda Tv,FAIL,,Player exhausted all playback routes: চ্যানেলটি চালানো যায়নি।,readyState=0; video=0x0; currentTime=0.00s; playing=False; progressed=True,2,2026-08-29T16:50:52+00:00,channel:sananda-tv:124
273,channel,Indian,Sansad TV 1,PASS,1.406,,readyState=4; video=640x360; currentTime=48.29s; playing=True; progressed=True,1,2026-08-29T15:47:52+00:00,channel:sansad-tv-1:125
274,channel,Indian,Sansad TV 2,PASS,1.594,,readyState=4; video=640x360; currentTime=48.24s; playing=True; progressed=True,1,2026-08-29T15:47:49+00:00,channel:sansad-tv-2:126
275,channel,Indian,Sanskar TV,PASS,1.843,,readyState=4; video=640x360; currentTime=48.32s; playing=True; progressed=True,1,2026-08-29T15:47:48+00:00,channel:sanskar-tv:127
276,channel,Indian,Sanskar UK,PASS,2.593,,readyState=4; video=384x288; currentTime=48.39s; playing=True; progressed=True,1,2026-08-29T15:49:26+00:00,channel:sanskar-uk:128
277,channel,Indian,Sanskar USA,PASS,1.609,,readyState=4; video=384x288; currentTime=48.45s; playing=True; progressed=True,1,2026-08-29T15:47:54+00:00,channel:sanskar-usa:129
278,channel,Indian,Sanskar Web TV,PASS,1.5,,readyState=4; video=384x288; currentTime=48.21s; playing=True; progressed=True,1,2026-08-29T15:47:50+00:00,channel:sanskar-web-tv:130
279,channel,Indian,Satsang TV,PASS,1.782,,readyState=4; video=640x360; currentTime=48.40s; playing=True; progressed=True,1,2026-08-29T15:47:50+00:00,channel:satsang-tv:131
280,channel,Indian,Satsang Web TV,PASS,3.062,,readyState=4; video=384x288; currentTime=48.31s; playing=True; progressed=True,1,2026-08-29T15:49:30+00:00,channel:satsang-web-tv:132
281,channel,Indian,Sheemaroo Bollywood,PASS,4.375,,readyState=4; video=848x480; currentTime=48.08s; playing=True; progressed=True,1,2026-08-29T15:47:59+00:00,channel:sheemaroo-bollywood:133
282,channel,Indian,Shubh Cinema TV,PASS,1.64,,readyState=4; video=384x288; currentTime=48.54s; playing=True; progressed=True,1,2026-08-29T15:47:53+00:00,channel:shubh-cinema-tv:134
283,channel,Indian,Shubh TV,PASS,2.235,,readyState=4; video=640x360; currentTime=48.20s; playing=True; progressed=True,1,2026-08-29T15:47:53+00:00,channel:shubh-tv:135
284,channel,Indian,Songdew TV,PASS,3.39,,readyState=4; video=640x360; currentTime=24.43s; playing=True; progressed=True,1,2026-08-29T15:49:34+00:00,channel:songdew-tv:136
285,channel,Indian,Sony,FAIL,,Player exhausted all playback routes: চ্যানেলটি চালানো যায়নি।,readyState=0; video=0x0; currentTime=0.00s; playing=False; progressed=False,2,2026-08-29T16:44:01+00:00,channel:sony:137
286,channel,Indian,SONY KAL,PASS,4.047,,readyState=4; video=640x360; currentTime=14.22s; playing=True; progressed=True,1,2026-08-29T15:47:57+00:00,channel:sony-kal:138
287,channel,Indian,Sony Marathi,FAIL,,Player exhausted all playback routes: চ্যানেলটি চালানো যায়নি।,readyState=0; video=0x0; currentTime=0.00s; playing=False; progressed=False,2,2026-08-29T16:44:50+00:00,channel:sony-marathi:139
288,channel,Indian,Sony MAX,FAIL,,Player exhausted all playback routes: চ্যানেলটি চালানো যায়নি।,readyState=0; video=0x0; currentTime=0.00s; playing=False; progressed=False,2,2026-08-29T16:44:46+00:00,channel:sony-max:140
289,channel,Indian,Sony Max 2,FAIL,,Player exhausted all playback routes: চ্যানেলটি চালানো যায়নি।,readyState=0; video=0x0; currentTime=0.00s; playing=False; progressed=False,2,2026-08-29T16:51:01+00:00,channel:sony-max-2:141
290,channel,Indian,Sony MAX2,FAIL,,Player exhausted all playback routes: চ্যানেলটি চালানো যায়নি।,readyState=0; video=0x0; currentTime=0.00s; playing=False; progressed=False,2,2026-08-29T16:50:55+00:00,channel:sony-max2:142
291,channel,Indian,Sony Pal,FAIL,,Player exhausted all playback routes: চ্যানেলটি চালানো যায়নি।,readyState=0; video=0x0; currentTime=0.00s; playing=False; progressed=False,2,2026-08-29T16:44:04+00:00,channel:sony-pal:143
292,channel,Indian,Sony PIX,FAIL,,Player exhausted all playback routes: চ্যানেলটি চালানো যায়নি।,readyState=0; video=0x0; currentTime=0.00s; playing=False; progressed=False,2,2026-08-29T16:44:59+00:00,channel:sony-pix:144
293,channel,Indian,Sony SAB,FAIL,,Player exhausted all playback routes: চ্যানেলটি চালানো যায়নি।,readyState=0; video=0x0; currentTime=0.00s; playing=False; progressed=False,2,2026-08-29T16:44:49+00:00,channel:sony-sab:145
294,channel,Indian,Sony Television,PASS,2.688,,readyState=4; video=854x480; currentTime=4.47s; playing=True; progressed=True,1,2026-08-29T15:48:22+00:00,channel:sony-television:146
295,channel,Indian,Sony Wah,FAIL,,Player exhausted all playback routes: চ্যানেলটি চালানো যায়নি।,readyState=0; video=0x0; currentTime=0.00s; playing=False; progressed=False,2,2026-08-29T16:51:04+00:00,channel:sony-wah:147
296,channel,Indian,Sony Yay Hindi,FAIL,,Player exhausted all playback routes: চ্যানেলটি চালানো যায়নি।,readyState=0; video=0x0; currentTime=0.00s; playing=False; progressed=False,2,2026-08-29T16:50:58+00:00,channel:sony-yay-hindi:148
297,channel,Indian,Subin TV,PASS,2.687,,readyState=4; video=1920x1080; currentTime=9.25s; playing=True; progressed=True,1,2026-08-29T15:49:10+00:00,channel:subin-tv:149
298,channel,Indian,Sudarshan News,PASS,2.437,,readyState=2; video=1920x1080; currentTime=4.22s; playing=True; progressed=True,1,2026-08-29T15:48:25+00:00,channel:sudarshan-news:150
299,channel,Indian,Swatantra TV,PASS,11.844,,readyState=4; video=1280x720; currentTime=12.36s; playing=True; progressed=True,1,2026-08-29T15:49:13+00:00,channel:swatantra-tv:151
300,channel,Indian,Tabbar Hits,PASS,2.937,,readyState=4; video=640x360; currentTime=48.39s; playing=True; progressed=True,1,2026-08-29T15:50:45+00:00,channel:tabbar-hits:152
301,channel,Indian,Times Of India,PASS,3.282,,readyState=4; video=854x480; currentTime=12.34s; playing=True; progressed=True,1,2026-08-29T15:49:14+00:00,channel:times-of-india:153
302,channel,Indian,TNP News,PASS,2.25,,readyState=4; video=1280x720; currentTime=10.60s; playing=True; progressed=True,2,2026-08-29T16:44:06+00:00,channel:tnp-news:154
303,channel,Indian,Total Bhakti,PASS,1.844,,readyState=4; video=384x288; currentTime=46.53s; playing=True; progressed=True,1,2026-08-29T15:49:16+00:00,channel:total-bhakti:155
304,channel,Indian,TV9 Bangla,PASS,3.515,,readyState=4; video=854x480; currentTime=48.31s; playing=True; progressed=True,1,2026-08-29T15:50:49+00:00,channel:tv9-bangla:156
305,channel,Indian,Ultimate TV,FAIL,,Player exhausted all playback routes: চ্যানেলটি চালানো যায়নি।,readyState=0; video=0x0; currentTime=0.00s; playing=False; progressed=True,2,2026-08-29T16:45:13+00:00,channel:ultimate-tv:157
306,channel,Indian,Unique TV,FAIL,,Player exhausted all playback routes: চ্যানেলটি চালানো যায়নি।,readyState=0; video=0x0; currentTime=0.00s; playing=False; progressed=True,2,2026-08-29T16:45:04+00:00,channel:unique-tv:158
307,channel,Indian,ENT | Dangal TV,FAIL,,Player exhausted all playback routes: চ্যানেলটি চালানো যায়নি।,readyState=0; video=0x0; currentTime=0.00s; playing=False; progressed=True,2,2026-08-29T16:51:19+00:00,channel:ent-dangal-tv:159
308,channel,Indian,ENT | DD National,PASS,1.172,,readyState=4; video=640x360; currentTime=48.06s; playing=True; progressed=True,1,2026-08-29T15:50:50+00:00,channel:ent-dd-national:160
309,channel,Indian,IN | TV9 Bangla,PASS,1.813,,readyState=4; video=854x480; currentTime=48.63s; playing=True; progressed=True,1,2026-08-29T15:49:39+00:00,channel:in-tv9-bangla:161
310,channel,Indian,NEWS | Aap Ki Adalat,PASS,2.484,,readyState=4; video=640x360; currentTime=0.31s; playing=True; progressed=True,1,2026-08-29T15:49:13+00:00,channel:news-aap-ki-adalat:162
311,channel,Indian,NEWS | India Today,PASS,2.079,,readyState=4; video=640x360; currentTime=48.46s; playing=True; progressed=True,1,2026-08-29T15:49:41+00:00,channel:news-india-today:163
312,channel,Indian,NEWS | News24,PASS,12.75,,readyState=4; video=853x480; currentTime=48.17s; playing=True; progressed=True,1,2026-08-29T15:51:03+00:00,channel:news-news24:164
313,channel,Indian,V6 News,PASS,2.437,,readyState=4; video=640x360; currentTime=24.13s; playing=True; progressed=True,1,2026-08-29T15:49:42+00:00,channel:v6-news:165
314,channel,Indian,yrf Music,PASS,2.735,,readyState=4; video=854x480; currentTime=32.22s; playing=True; progressed=True,1,2026-08-29T15:49:16+00:00,channel:yrf-music:166
315,channel,Indian,zee 24 gonta,FAIL,,Player exhausted all playback routes: চ্যানেলটি চালানো যায়নি।,readyState=0; video=0x0; currentTime=0.00s; playing=False; progressed=True,2,2026-08-29T16:51:13+00:00,channel:zee-24-gonta:167
316,channel,Indian,Zee 24 Kalak,FAIL,,Player exhausted all playback routes: চ্যানেলটি চালানো যায়নি।,readyState=0; video=0x0; currentTime=0.00s; playing=False; progressed=True,2,2026-08-29T16:44:21+00:00,channel:zee-24-kalak:168
317,channel,Indian,Zee 24 Taas,FAIL,,Player exhausted all playback routes: চ্যানেলটি চালানো যায়নি।,readyState=0; video=0x0; currentTime=0.00s; playing=False; progressed=True,2,2026-08-29T16:45:28+00:00,channel:zee-24-taas:169
318,channel,Indian,Zee Bharat,PASS,2.687,,readyState=4; video=640x360; currentTime=48.34s; playing=True; progressed=True,1,2026-08-29T15:49:20+00:00,channel:zee-bharat:170
319,channel,Indian,Zee Bihar Jharkhand,PASS,1.891,,readyState=4; video=640x360; currentTime=24.28s; playing=True; progressed=True,1,2026-08-29T15:50:05+00:00,channel:zee-bihar-jharkhand:171
320,channel,Indian,Zee Bollywood,PASS,1.985,,readyState=4; video=854x480; currentTime=4.09s; playing=True; progressed=True,1,2026-08-29T15:51:28+00:00,channel:zee-bollywood:172
321,channel,Indian,Zee Business,FAIL,,Player exhausted all playback routes: চ্যানেলটি চালানো যায়নি।,readyState=0; video=0x0; currentTime=0.00s; playing=False; progressed=True,2,2026-08-29T16:45:19+00:00,channel:zee-business:173
322,channel,Indian,Zee Cinema,PASS,3.688,,readyState=4; video=1280x720; currentTime=4.18s; playing=True; progressed=True,1,2026-08-29T15:49:24+00:00,channel:zee-cinema:174
323,channel,Indian,Zee Delhi NCR Haryana,PASS,2.265,,readyState=4; video=640x360; currentTime=24.40s; playing=True; progressed=True,1,2026-08-29T15:50:08+00:00,channel:zee-delhi-ncr-haryana:175
324,channel,Indian,Zee Kannada News,FAIL,,Player exhausted all playback routes: চ্যানেলটি চালানো যায়নি।,readyState=0; video=0x0; currentTime=0.00s; playing=False; progressed=True,2,2026-08-29T16:51:34+00:00,channel:zee-kannada-news:176
325,channel,Indian,Zee Madhya Pradesh Chhattisgarh,PASS,2.094,,readyState=4; video=640x360; currentTime=24.29s; playing=True; progressed=True,1,2026-08-29T15:50:29+00:00,channel:zee-madhya-pradesh-chhattisgarh:177
326,channel,Indian,Zee News,FAIL,,Player exhausted all playback routes: চ্যানেলটি চালানো যায়নি।,readyState=0; video=0x0; currentTime=0.00s; playing=False; progressed=True,2,2026-08-29T16:51:27+00:00,channel:zee-news:178
327,channel,Indian,Zee Punjab Haryana Himachal,PASS,2.204,,readyState=4; video=640x360; currentTime=24.43s; playing=True; progressed=True,1,2026-08-29T15:50:11+00:00,channel:zee-punjab-haryana-himachal:179
328,channel,Indian,Zee Rajasthan,PASS,2.032,,readyState=4; video=640x360; currentTime=24.29s; playing=True; progressed=True,1,2026-08-29T15:51:53+00:00,channel:zee-rajasthan:180
329,channel,Indian,Zee Telugu News,PASS,2.422,,readyState=4; video=854x480; currentTime=24.19s; playing=True; progressed=True,1,2026-08-29T15:50:32+00:00,channel:zee-telugu-news:181
330,channel,Indian,Zee TV,PASS,4.36,,readyState=4; video=854x480; currentTime=4.48s; playing=True; progressed=True,1,2026-08-29T15:49:51+00:00,channel:zee-tv:182
331,channel,Indian,Zee Uttar Pradesh Uttarakhand,FAIL,,Player exhausted all playback routes: চ্যানেলটি চালানো যায়নি।,readyState=0; video=0x0; currentTime=0.00s; playing=False; progressed=True,2,2026-08-29T16:44:37+00:00,channel:zee-uttar-pradesh-uttarakhand:183
332,channel,Indian,Zoom,PASS,2.328,,readyState=4; video=854x480; currentTime=90.38s; playing=True; progressed=True,1,2026-08-29T15:51:56+00:00,channel:zoom:184
333,channel,Indian,Aakaash Aath,PASS,2.953,,readyState=4; video=1280x720; currentTime=38.11s; playing=True; progressed=True,1,2026-08-29T15:50:36+00:00,channel:aakaash-aath:185
334,channel,Indian,Colors Bangla Cinema Digital,FAIL,,Player exhausted all playback routes: চ্যানেলটি চালানো যায়নি।,readyState=0; video=0x0; currentTime=0.00s; playing=False; progressed=False,2,2026-08-29T16:45:33+00:00,channel:colors-bangla-cinema-digital:186
335,channel,Indian,Colors Bangla Digital,FAIL,,Player exhausted all playback routes: চ্যানেলটি চালানো যায়নি।,readyState=0; video=0x0; currentTime=0.00s; playing=False; progressed=False,2,2026-08-29T16:45:24+00:00,channel:colors-bangla-digital:187
336,channel,Indian,Colors Cineplex Digital,FAIL,,Player exhausted all playback routes: চ্যানেলটি চালানো যায়নি।,readyState=0; video=0x0; currentTime=0.00s; playing=False; progressed=False,2,2026-08-29T16:51:39+00:00,channel:colors-cineplex-digital:188
337,channel,Indian,Colors Digital,FAIL,,Player exhausted all playback routes: চ্যানেলটি চালানো যায়নি।,readyState=0; video=0x0; currentTime=0.00s; playing=False; progressed=False,2,2026-08-29T16:51:33+00:00,channel:colors-digital:189
338,channel,Indian,Colors Kannada Cinema Digital,FAIL,,Player exhausted all playback routes: চ্যানেলটি চালানো যায়নি।,readyState=0; video=0x0; currentTime=0.00s; playing=False; progressed=False,2,2026-08-29T16:44:42+00:00,channel:colors-kannada-cinema-digital:190
339,channel,Indian,Colors Kannada Digital,FAIL,,Player exhausted all playback routes: চ্যানেলটি চালানো যায়নি।,readyState=0; video=0x0; currentTime=0.00s; playing=False; progressed=False,2,2026-08-29T16:45:38+00:00,channel:colors-kannada-digital:191
340,channel,Indian,Colors Marathi Digital,FAIL,,Player exhausted all playback routes: চ্যানেলটি চালানো যায়নি।,readyState=0; video=0x0; currentTime=0.00s; playing=False; progressed=False,2,2026-08-29T16:45:29+00:00,channel:colors-marathi-digital:192
341,channel,Indian,Colors Rishtey Digital,FAIL,,Player exhausted all playback routes: চ্যানেলটি চালানো যায়নি।,readyState=0; video=0x0; currentTime=0.00s; playing=False; progressed=False,2,2026-08-29T16:51:44+00:00,channel:colors-rishtey-digital:193
342,channel,Indian,Colors Super Digital,FAIL,,Player exhausted all playback routes: চ্যানেলটি চালানো যায়নি।,readyState=0; video=0x0; currentTime=0.00s; playing=False; progressed=False,2,2026-08-29T16:51:38+00:00,channel:colors-super-digital:194
343,channel,Indian,Jalsha Movies Digital,FAIL,,Player exhausted all playback routes: চ্যানেলটি চালানো যায়নি।,readyState=0; video=0x0; currentTime=0.00s; playing=False; progressed=False,2,2026-08-29T16:44:47+00:00,channel:jalsha-movies-digital:195
344,channel,Indian,Prudent Media,FAIL,,Player exhausted all playback routes: চ্যানেলটি চালানো যায়নি।,readyState=0; video=0x0; currentTime=0.00s; playing=False; progressed=True,2,2026-08-29T16:45:52+00:00,channel:prudent-media:196
345,channel,Indian,Star Bharat,FAIL,,Player exhausted all playback routes: চ্যানেলটি চালানো যায়নি।,readyState=0; video=0x0; currentTime=0.00s; playing=False; progressed=False,2,2026-08-29T16:45:34+00:00,channel:star-bharat:197
346,channel,Indian,Star Bharat Digital,FAIL,,Player exhausted all playback routes: চ্যানেলটি চালানো যায়নি।,readyState=0; video=0x0; currentTime=0.00s; playing=False; progressed=False,2,2026-08-29T16:51:49+00:00,channel:star-bharat-digital:198
347,channel,Indian,Star Gold Digital,FAIL,,Player exhausted all playback routes: চ্যানেলটি চালানো যায়নি।,readyState=0; video=0x0; currentTime=0.00s; playing=False; progressed=False,2,2026-08-29T16:51:42+00:00,channel:star-gold-digital:199
348,channel,Indian,Star Jalsha Digital,FAIL,,Player exhausted all playback routes: চ্যানেলটি চালানো যায়নি।,readyState=0; video=0x0; currentTime=0.00s; playing=False; progressed=False,2,2026-08-29T16:44:52+00:00,channel:star-jalsha-digital:200
349,channel,Indian,Star Kiran Digital,FAIL,,Player exhausted all playback routes: চ্যানেলটি চালানো যায়নি।,readyState=0; video=0x0; currentTime=0.00s; playing=False; progressed=False,2,2026-08-29T16:45:58+00:00,channel:star-kiran-digital:201
350,channel,Indian,Star Maa,FAIL,,Player exhausted all playback routes: চ্যানেলটি চালানো যায়নি।,readyState=0; video=0x0; currentTime=0.00s; playing=False; progressed=False,2,2026-08-29T16:45:38+00:00,channel:star-maa:202
351,channel,Indian,Star Maa Digital,FAIL,,Player exhausted all playback routes: চ্যানেলটি চালানো যায়নি।,readyState=0; video=0x0; currentTime=0.00s; playing=False; progressed=False,2,2026-08-29T16:51:53+00:00,channel:star-maa-digital:203
352,channel,Indian,Star Maa Movies,FAIL,,Player exhausted all playback routes: চ্যানেলটি চালানো যায়নি।,readyState=0; video=0x0; currentTime=0.00s; playing=False; progressed=False,2,2026-08-29T16:51:47+00:00,channel:star-maa-movies:204
353,channel,Indian,Star Plus Digital,FAIL,,Player exhausted all playback routes: চ্যানেলটি চালানো যায়নি।,readyState=0; video=0x0; currentTime=0.00s; playing=False; progressed=False,2,2026-08-29T16:44:56+00:00,channel:star-plus-digital:205
354,channel,Indian,Star Pravah,FAIL,,Player exhausted all playback routes: চ্যানেলটি চালানো যায়নি।,readyState=0; video=0x0; currentTime=0.00s; playing=False; progressed=False,2,2026-08-29T16:46:03+00:00,channel:star-pravah:206
355,channel,Indian,Star Pravah Digital,FAIL,,Player exhausted all playback routes: চ্যানেলটি চালানো যায়নি।,readyState=0; video=0x0; currentTime=0.00s; playing=False; progressed=False,2,2026-08-29T16:45:43+00:00,channel:star-pravah-digital:207
356,channel,Indian,Star Suvarna,FAIL,,Player exhausted all playback routes: চ্যানেলটি চালানো যায়নি।,readyState=0; video=0x0; currentTime=0.00s; playing=False; progressed=False,2,2026-08-29T16:51:58+00:00,channel:star-suvarna:208
357,channel,Indian,Star Suvarna Digital,FAIL,,Player exhausted all playback routes: চ্যানেলটি চালানো যায়নি।,readyState=0; video=0x0; currentTime=0.00s; playing=False; progressed=False,2,2026-08-29T16:51:52+00:00,channel:star-suvarna-digital:209
358,channel,Indian,Star Suvarna Plus,FAIL,,Player exhausted all playback routes: চ্যানেলটি চালানো যায়নি।,readyState=0; video=0x0; currentTime=0.00s; playing=False; progressed=False,2,2026-08-29T16:45:01+00:00,channel:star-suvarna-plus:210
359,channel,Indian,Star Utsav,FAIL,,Player exhausted all playback routes: চ্যানেলটি চালানো যায়নি।,readyState=0; video=0x0; currentTime=0.00s; playing=False; progressed=False,2,2026-08-29T16:46:08+00:00,channel:star-utsav:211
360,channel,Indian,Star Utsav Digital,FAIL,,Player exhausted all playback routes: চ্যানেলটি চালানো যায়নি।,readyState=0; video=0x0; currentTime=0.00s; playing=False; progressed=False,2,2026-08-29T16:45:48+00:00,channel:star-utsav-digital:212
361,channel,Indian,Star Vijay,FAIL,,Player exhausted all playback routes: চ্যানেলটি চালানো যায়নি।,readyState=0; video=0x0; currentTime=0.00s; playing=False; progressed=False,2,2026-08-29T16:52:03+00:00,channel:star-vijay:213
362,channel,Indian,Star Vijay Digital,FAIL,,Player exhausted all playback routes: চ্যানেলটি চালানো যায়নি।,readyState=0; video=0x0; currentTime=0.00s; playing=False; progressed=False,2,2026-08-29T16:51:57+00:00,channel:star-vijay-digital:214
363,channel,Indian,Vijay Takkar APAC,PASS,3.937,,readyState=4; video=1920x1080; currentTime=17706445.19s; playing=True; progressed=True,1,2026-08-29T15:53:16+00:00,channel:vijay-takkar-apac:215
364,channel,Indian,ZB Bhakti,FAIL,,Player exhausted all playback routes: চ্যানেলটি চালানো যায়নি।,readyState=0; video=0x0; currentTime=0.00s; playing=False; progressed=True,2,2026-08-29T16:45:16+00:00,channel:zb-bhakti:216
365,channel,Indian,ZB Cinema,FAIL,,Player exhausted all playback routes: চ্যানেলটি চালানো যায়নি।,readyState=0; video=0x0; currentTime=0.00s; playing=False; progressed=True,2,2026-08-29T16:46:22+00:00,channel:zb-cinema:217
366,channel,Indian,ZB Music,FAIL,,Player exhausted all playback routes: চ্যানেলটি চালানো যায়নি।,readyState=0; video=0x0; currentTime=0.00s; playing=False; progressed=True,2,2026-08-29T16:46:03+00:00,channel:zb-music:218
367,channel,Cartoon,Duronto TV,PASS,0.656,,readyState=4; video=1280x720; currentTime=36.76s; playing=True; progressed=True,1,2026-08-29T16:21:36+00:00,channel:duronto-tv:0
368,channel,Cartoon,Sony YaY,PASS,2.688,,readyState=4; video=1280x720; currentTime=4.15s; playing=True; progressed=True,1,2026-08-29T16:21:39+00:00,channel:sony-yay:1
369,channel,Cartoon,Bantul The Great,FAIL,,Player exhausted all playback routes: চ্যানেলটি চালানো যায়নি।,readyState=0; video=0x0; currentTime=0.00s; playing=False; progressed=True,2,2026-08-29T16:52:23+00:00,channel:bantul-the-great:2
370,channel,Cartoon,0 WowKidz,PASS,3.734,,readyState=4; video=1280x720; currentTime=51.01s; playing=True; progressed=True,2,2026-08-29T16:53:34+00:00,channel:bbc-cbeebies:3
371,channel,Cartoon,Biznet Kids,FAIL,,Player exhausted all playback routes: চ্যানেলটি চালানো যায়নি।,readyState=0; video=0x0; currentTime=0.00s; playing=False; progressed=False,2,2026-08-29T16:52:25+00:00,channel:biznet-kids:4
372,channel,Cartoon,Cartoon Network,PASS,4.579,,readyState=4; video=1340x720; currentTime=80.14s; playing=True; progressed=True,2,2026-08-29T16:53:38+00:00,channel:cartoon-network:5
373,channel,Cartoon,Cartoon Network English,PASS,7.047,,readyState=4; video=640x360; currentTime=12.03s; playing=True; progressed=True,2,2026-08-29T16:52:32+00:00,channel:cartoon-network-english:6
374,channel,Cartoon,DA VANCI KIDS,PASS,3.734,,readyState=4; video=1920x1080; currentTime=10.15s; playing=True; progressed=True,2,2026-08-29T16:53:42+00:00,channel:da-vanci-kids:7
375,channel,Cartoon,Discovery Kids,PASS,2.093,,readyState=4; video=854x480; currentTime=4.06s; playing=True; progressed=True,1,2026-08-29T16:22:59+00:00,channel:discovery-kids:8
376,channel,Cartoon,Disney Channel,FAIL,,Player exhausted all playback routes: চ্যানেলটি চালানো যায়নি।,readyState=0; video=0x0; currentTime=0.00s; playing=False; progressed=False,2,2026-08-29T16:52:38+00:00,channel:disney-channel:9
377,channel,Cartoon,KIDS FLIX,PASS,6.204,,readyState=4; video=854x480; currentTime=0.34s; playing=True; progressed=True,1,2026-08-29T16:23:13+00:00,channel:kids-flix:10
378,channel,Cartoon,KINO KAZKA KIDS,PASS,3.406,,readyState=4; video=640x360; currentTime=90.25s; playing=True; progressed=True,2,2026-08-29T16:53:46+00:00,channel:kino-kazka-kids:11
379,channel,Cartoon,Motu Patlu,FAIL,,Player exhausted all playback routes: চ্যানেলটি চালানো যায়নি।,readyState=0; video=0x0; currentTime=0.00s; playing=False; progressed=True,2,2026-08-29T16:52:53+00:00,channel:motu-patlu:12
380,channel,Cartoon,MR BEAN 24 7,PASS,2.734,,readyState=4; video=848x480; currentTime=48.13s; playing=True; progressed=True,1,2026-08-29T16:23:46+00:00,channel:mr-bean-animated:13
381,channel,Cartoon,NICK TOONS,FAIL,,Player exhausted all playback routes: চ্যানেলটি চালানো যায়নি।,readyState=0; video=0x0; currentTime=0.00s; playing=False; progressed=True,2,2026-08-29T16:54:01+00:00,channel:nick-toons:14
382,channel,Cartoon,NIKI JR KIDS,PASS,12.735,,readyState=4; video=1024x576; currentTime=90.03s; playing=True; progressed=True,1,2026-08-29T16:24:13+00:00,channel:niki-jr-kids:15
383,channel,Cartoon,NIKI KIDS,PASS,4.25,,readyState=4; video=1024x576; currentTime=90.06s; playing=True; progressed=True,2,2026-08-29T16:52:57+00:00,channel:niki-kids:16
384,channel,Cartoon,Pogo,PASS,14.015,,readyState=4; video=1280x720; currentTime=4.08s; playing=True; progressed=True,1,2026-08-29T16:24:42+00:00,channel:pogo:17
385,channel,Cartoon,Zoo Moo,PASS,3.344,,readyState=4; video=848x480; currentTime=48.07s; playing=True; progressed=True,1,2026-08-29T16:24:45+00:00,channel:zoo-moo:18
386,channel,Cartoon,BuddyStar,FAIL,,Player exhausted all playback routes: চ্যানেলটি চালানো যায়নি।,readyState=0; video=0x0; currentTime=0.00s; playing=False; progressed=False,2,2026-08-29T16:54:03+00:00,channel:buddystar:19
387,channel,Cartoon,Funny Junior,FAIL,,Player exhausted all playback routes: চ্যানেলটি চালানো যায়নি।,readyState=0; video=0x0; currentTime=0.00s; playing=False; progressed=False,2,2026-08-29T16:52:59+00:00,channel:funny-junior:20
388,channel,Cartoon,Joy,FAIL,,Player exhausted all playback routes: চ্যানেলটি চালানো যায়নি।,readyState=0; video=0x0; currentTime=0.00s; playing=False; progressed=False,2,2026-08-29T16:54:05+00:00,channel:joy:21
389,channel,Cartoon,Kids Stars,FAIL,,Player exhausted all playback routes: চ্যানেলটি চালানো যায়নি।,readyState=0; video=0x0; currentTime=0.00s; playing=False; progressed=False,2,2026-08-29T16:53:02+00:00,channel:kids-stars:22
390,channel,Cartoon,Kids TV,FAIL,,Player exhausted all playback routes: চ্যানেলটি চালানো যায়নি।,readyState=0; video=0x0; currentTime=0.00s; playing=False; progressed=True,2,2026-08-29T16:54:18+00:00,channel:kids-tv:23
391,channel,Cartoon,Lucky Family,FAIL,,Player exhausted all playback routes: চ্যানেলটি চালানো যায়নি।,readyState=0; video=0x0; currentTime=0.00s; playing=False; progressed=False,2,2026-08-29T16:53:04+00:00,channel:lucky-family:24
392,channel,Cartoon,Nick Digital,FAIL,,Player exhausted all playback routes: চ্যানেলটি চালানো যায়নি।,readyState=0; video=0x0; currentTime=0.00s; playing=False; progressed=False,2,2026-08-29T16:54:22+00:00,channel:nick-digital:25
393,channel,Cartoon,Nick Plus Digital,FAIL,,Player exhausted all playback routes: চ্যানেলটি চালানো যায়নি।,readyState=0; video=0x0; currentTime=0.00s; playing=False; progressed=False,2,2026-08-29T16:53:09+00:00,channel:nick-plus-digital:26
394,channel,Cartoon,Nikki,FAIL,,Player exhausted all playback routes: চ্যানেলটি চালানো যায়নি।,readyState=0; video=0x0; currentTime=0.00s; playing=False; progressed=False,2,2026-08-29T16:54:24+00:00,channel:nikki:27
395,channel,Cartoon,Smarty,FAIL,,Player exhausted all playback routes: চ্যানেলটি চালানো যায়নি।,readyState=0; video=0x0; currentTime=0.00s; playing=False; progressed=False,2,2026-08-29T16:53:11+00:00,channel:smarty:28
396,channel,Cartoon,Sonic Digital,FAIL,,Player exhausted all playback routes: চ্যানেলটি চালানো যায়নি।,readyState=0; video=0x0; currentTime=0.00s; playing=False; progressed=False,2,2026-08-29T16:54:28+00:00,channel:sonic-digital:29
397,channel,Cartoon,Tom Jarry,FAIL,,Player exhausted all playback routes: চ্যানেলটি চালানো যায়নি।,readyState=0; video=0x0; currentTime=0.00s; playing=False; progressed=True,2,2026-08-29T16:53:26+00:00,channel:tom-jarry:30
398,channel,Cartoon,Tom Jerry TV,PASS,5.0,,readyState=4; video=854x480; currentTime=5.63s; playing=True; progressed=True,1,2026-08-29T16:25:43+00:00,channel:tom-jerry-tv:31
399,channel,Cartoon,ZB Cartoon,FAIL,,Player exhausted all playback routes: চ্যানেলটি চালানো যায়নি।,readyState=0; video=0x0; currentTime=0.00s; playing=False; progressed=True,2,2026-08-29T16:54:43+00:00,channel:zb-cartoon:32
400,channel,Islamic,AL QAMAR,PASS,2.578,,readyState=4; video=854x480; currentTime=48.22s; playing=True; progressed=True,1,2026-08-29T16:25:12+00:00,channel:al-qamar:0
401,channel,Islamic,AL Sunnah TV,FAIL,,Player exhausted all playback routes: চ্যানেলটি চালানো যায়নি।,readyState=0; video=0x0; currentTime=0.00s; playing=False; progressed=True,2,2026-08-29T16:54:11+00:00,channel:al-sunnah-tv:1
402,channel,Islamic,BAHRAIN QURAN,FAIL,,Playback startup timed out,readyState=1; video=640x360; currentTime=50.00s; playing=True; progressed=True,2,2026-08-29T16:54:59+00:00,channel:bahrain-quran:2
403,channel,Islamic,Iqraa TV,PASS,8.687,,readyState=4; video=854x641; currentTime=1160.55s; playing=True; progressed=True,1,2026-08-29T16:25:58+00:00,channel:iqraa-tv:3
404,channel,Islamic,Quran TV,PASS,3.391,,readyState=4; video=640x360; currentTime=48.05s; playing=True; progressed=True,1,2026-08-29T16:26:01+00:00,channel:live-quran-tv:4
405,channel,Islamic,Madani TV,FAIL,,Player exhausted all playback routes: চ্যানেলটি চালানো যায়নি।,readyState=0; video=0x0; currentTime=0.00s; playing=False; progressed=True,2,2026-08-29T16:55:14+00:00,channel:madani-tv:5
406,channel,Islamic,MQTV,PASS,1.968,,readyState=4; video=1280x720; currentTime=0.15s; playing=True; progressed=True,1,2026-08-29T16:26:18+00:00,channel:mqtv:6
407,channel,Islamic,PEACE TV,PASS,3.656,,readyState=4; video=852x480; currentTime=12.19s; playing=True; progressed=True,1,2026-08-29T16:26:22+00:00,channel:peace-tv-english:7
408,channel,Islamic,Peace TV Urdu,PASS,1.703,,readyState=4; video=852x480; currentTime=12.18s; playing=True; progressed=True,1,2026-08-29T16:26:23+00:00,channel:peace-tv-urdu:8
409,channel,Islamic,Quran,PASS,6.625,,readyState=4; video=640x360; currentTime=12.00s; playing=True; progressed=True,2,2026-08-29T16:55:20+00:00,channel:quran:9
410,channel,Islamic,QURAN RADIOTV SMC,PASS,2.25,,readyState=4; video=1920x1080; currentTime=4.02s; playing=True; progressed=True,1,2026-08-29T16:26:40+00:00,channel:quran-radiotv-smc:10
411,channel,Islamic,Salaam TV,PASS,0.89,,readyState=4; video=1280x720; currentTime=17.02s; playing=True; progressed=True,1,2026-08-29T16:26:41+00:00,channel:salaam-tv:11
412,channel,Islamic,Sunnah Tv,PASS,5.61,,readyState=4; video=1280x720; currentTime=4.82s; playing=True; progressed=True,1,2026-08-29T16:26:47+00:00,channel:sunnah-tv:12
413,channel,Infotainments,ACCU WEATHER,PASS,12.719,,readyState=4; video=848x480; currentTime=46.08s; playing=True; progressed=True,1,2026-08-29T16:23:34+00:00,channel:accu-weather:0
414,channel,Infotainments,Amazon SAT,PASS,4.906,,readyState=4; video=1920x1080; currentTime=15.16s; playing=True; progressed=True,1,2026-08-29T16:23:39+00:00,channel:amazon-sat:1
415,channel,Infotainments,BBC Earth,FAIL,,Player exhausted all playback routes: চ্যানেলটি চালানো যায়নি।,readyState=0; video=0x0; currentTime=0.00s; playing=False; progressed=False,2,2026-08-29T16:53:59+00:00,channel:bbc-earth:2
416,channel,Infotainments,BIZNET ADVENTURE,FAIL,,Player exhausted all playback routes: চ্যানেলটি চালানো যায়নি।,readyState=0; video=0x0; currentTime=0.00s; playing=False; progressed=False,2,2026-08-29T16:54:01+00:00,channel:biznet-adventure:3
417,channel,Infotainments,Biznet Lifestyle,FAIL,,Player exhausted all playback routes: চ্যানেলটি চালানো যায়নি।,readyState=0; video=0x0; currentTime=0.00s; playing=False; progressed=False,2,2026-08-29T16:54:04+00:00,channel:biznet-lifestyle:4
418,channel,Infotainments,Channel Y,PASS,6.657,,readyState=4; video=1920x1080; currentTime=12.03s; playing=True; progressed=True,1,2026-08-29T16:23:59+00:00,channel:channel-y:5
419,channel,Infotainments,DISCOVERY PAKISTAN,PASS,1.281,,readyState=4; video=1920x1080; currentTime=3.05s; playing=True; progressed=True,2,2026-08-29T16:54:05+00:00,channel:discovery-pakistan:6
420,channel,Infotainments,DocuBay TV,PASS,1.828,,readyState=4; video=854x480; currentTime=4.88s; playing=True; progressed=True,1,2026-08-29T16:24:15+00:00,channel:docubay-tv:7
421,channel,Infotainments,FASHION ONE,FAIL,,Player exhausted all playback routes: চ্যানেলটি চালানো যায়নি।,readyState=0; video=0x0; currentTime=0.00s; playing=False; progressed=True,2,2026-08-29T16:54:20+00:00,channel:fashion-one:8
422,channel,Infotainments,Insight,FAIL,,Player exhausted all playback routes: চ্যানেলটি চালানো যায়নি।,readyState=0; video=0x0; currentTime=0.00s; playing=False; progressed=False,2,2026-08-29T16:54:24+00:00,channel:insight:9
423,channel,Infotainments,Motor Vision,PASS,2.156,,readyState=4; video=854x480; currentTime=48.25s; playing=True; progressed=True,1,2026-08-29T16:24:37+00:00,channel:motor-vision:10
424,channel,Infotainments,NAT GEO WILD,FAIL,,Player exhausted all playback routes: চ্যানেলটি চালানো যায়নি।,readyState=0; video=0x0; currentTime=8.89s; playing=False; progressed=True,2,2026-08-29T16:54:28+00:00,channel:nat-geo-wild:11
425,channel,Infotainments,Program Promo,PASS,11.671,,readyState=4; video=854x480; currentTime=24.28s; playing=True; progressed=True,1,2026-08-29T16:24:53+00:00,channel:program-promo:12
426,channel,Infotainments,REAL WILD,PASS,4.656,,readyState=4; video=848x480; currentTime=48.44s; playing=True; progressed=True,1,2026-08-29T16:24:58+00:00,channel:real-wild:13
427,channel,Infotainments,Sony BBC Earth,FAIL,,Player exhausted all playback routes: চ্যানেলটি চালানো যায়নি।,readyState=0; video=0x0; currentTime=8.89s; playing=False; progressed=True,2,2026-08-29T16:54:30+00:00,channel:sony-bbc-earth:14
428,channel,Infotainments,WEATHER SPY,PASS,6.125,,readyState=4; video=640x360; currentTime=48.15s; playing=True; progressed=True,1,2026-08-29T16:25:07+00:00,channel:weather-spy:15
429,channel,Infotainments,Wild Earth,PASS,4.031,,readyState=4; video=768x432; currentTime=48.25s; playing=True; progressed=True,1,2026-08-29T16:25:11+00:00,channel:wild-earth:16
430,channel,Infotainments,Delicious,FAIL,,Player exhausted all playback routes: চ্যানেলটি চালানো যায়নি।,readyState=0; video=0x0; currentTime=8.89s; playing=False; progressed=True,2,2026-08-29T16:54:33+00:00,channel:delicious:17
431,channel,Infotainments,Luxell,FAIL,,Player exhausted all playback routes: চ্যানেলটি চালানো যায়নি।,readyState=0; video=0x0; currentTime=8.89s; playing=False; progressed=True,2,2026-08-29T16:54:35+00:00,channel:luxell:18
432,channel,Infotainments,Travel XP English,PASS,2.938,,readyState=4; video=640x360; currentTime=48.16s; playing=True; progressed=True,1,2026-08-29T16:25:19+00:00,channel:travel-xp-english:19
433,channel,Infotainments,Travel XP English NZ,PASS,2.922,,readyState=4; video=640x360; currentTime=48.59s; playing=True; progressed=True,1,2026-08-29T16:25:22+00:00,channel:travel-xp-english-nz:20
434,channel,Foreign News,92 News,FAIL,,Player exhausted all playback routes: চ্যানেলটি চালানো যায়নি।,readyState=0; video=0x0; currentTime=0.00s; playing=False; progressed=True,2,2026-08-29T16:44:44+00:00,channel:92-news:0
435,channel,Foreign News,AL EKHBARIA,FAIL,,Player exhausted all playback routes: চ্যানেলটি চালানো যায়নি।,readyState=0; video=0x0; currentTime=0.00s; playing=False; progressed=True,2,2026-08-29T16:44:59+00:00,channel:al-ekhbaria:1
436,channel,Foreign News,Al Jazeera,PASS,3.329,,readyState=4; video=747x420; currentTime=38.18s; playing=True; progressed=True,1,2026-08-29T16:16:29+00:00,channel:al-jazeera:2
437,channel,Foreign News,ALMASIRA MUBASHER,PASS,5.938,,readyState=4; video=854x480; currentTime=8.14s; playing=True; progressed=True,2,2026-08-29T16:45:05+00:00,channel:almasira-mubasher:3
438,channel,Foreign News,ANB News,PASS,1.89,,readyState=4; video=1280x720; currentTime=10.23s; playing=True; progressed=True,1,2026-08-29T16:16:46+00:00,channel:anb-news:4
439,channel,Foreign News,Breaking News,PASS,2.547,,readyState=4; video=640x360; currentTime=40.08s; playing=True; progressed=True,1,2026-08-29T16:16:49+00:00,channel:breaking-news:5
440,channel,Foreign News,CGTN Docment,FAIL,,Player exhausted all playback routes: চ্যানেলটি চালানো যায়নি।,readyState=0; video=0x0; currentTime=0.00s; playing=False; progressed=True,2,2026-08-29T16:45:19+00:00,channel:cgtn-docment:6
441,channel,Foreign News,CGTN News,FAIL,,Player exhausted all playback routes: চ্যানেলটি চালানো যায়নি।,readyState=0; video=0x0; currentTime=0.00s; playing=False; progressed=True,2,2026-08-29T16:45:34+00:00,channel:cgtn-news:7
442,channel,Foreign News,CNA,PASS,1.422,,readyState=4; video=640x360; currentTime=32.17s; playing=True; progressed=True,1,2026-08-29T16:17:20+00:00,channel:cna:8
443,channel,Foreign News,CNA News,FAIL,,Player exhausted all playback routes: চ্যানেলটি চালানো যায়নি।,readyState=0; video=0x0; currentTime=0.00s; playing=False; progressed=True,2,2026-08-29T16:45:48+00:00,channel:cna-news:9
444,channel,Foreign News,CNN,PASS,1.797,,readyState=4; video=640x360; currentTime=40.28s; playing=True; progressed=True,1,2026-08-29T16:17:37+00:00,channel:cnn:10
445,channel,Foreign News,DW English,PASS,1.109,,readyState=4; video=640x360; currentTime=1788.12s; playing=True; progressed=True,1,2026-08-29T16:17:38+00:00,channel:dw-english:11
446,channel,Foreign News,FOX 11 Green Bay WI,PASS,4.047,,readyState=4; video=640x360; currentTime=46.27s; playing=True; progressed=True,1,2026-08-29T16:17:42+00:00,channel:fox-11-green-bay-wi:12
447,channel,Foreign News,Fox News,PASS,3.812,,readyState=4; video=848x480; currentTime=48.26s; playing=True; progressed=True,1,2026-08-29T16:17:47+00:00,channel:fox-news:13
448,channel,Foreign News,FOX NY,PASS,4.141,,readyState=4; video=720x404; currentTime=40.12s; playing=True; progressed=True,1,2026-08-29T16:17:51+00:00,channel:fox-ny:14
449,channel,Foreign News,France 24 English,FAIL,,Player exhausted all playback routes: চ্যানেলটি চালানো যায়নি।,readyState=0; video=0x0; currentTime=0.00s; playing=False; progressed=True,2,2026-08-29T16:46:03+00:00,channel:france-24-english:15
450,channel,Foreign News,Global News,PASS,2.719,,readyState=4; video=848x480; currentTime=6.11s; playing=True; progressed=True,1,2026-08-29T16:18:09+00:00,channel:global-news:16
451,channel,Foreign News,GNN,FAIL,,Player exhausted all playback routes: চ্যানেলটি চালানো যায়নি।,readyState=0; video=0x0; currentTime=0.00s; playing=False; progressed=True,2,2026-08-29T16:46:18+00:00,channel:gnn:17
452,channel,Foreign News,M News,PASS,2.328,,readyState=4; video=1920x1080; currentTime=12.13s; playing=True; progressed=True,1,2026-08-29T16:18:26+00:00,channel:m-news:18
453,channel,Foreign News,Metro TV,PASS,2.234,,readyState=4; video=1280x720; currentTime=16.19s; playing=True; progressed=True,2,2026-08-29T16:46:20+00:00,channel:metro-tv:19
454,channel,Foreign News,Neo News,FAIL,,Player exhausted all playback routes: চ্যানেলটি চালানো যায়নি।,readyState=0; video=0x0; currentTime=0.00s; playing=False; progressed=True,2,2026-08-29T16:46:35+00:00,channel:neo-news:20
455,channel,Foreign News,News Max 2,PASS,2.031,,readyState=4; video=853x480; currentTime=4.04s; playing=True; progressed=True,1,2026-08-29T16:18:58+00:00,channel:news-max-2:21
456,channel,Foreign News,News One,PASS,5.875,,readyState=4; video=720x480; currentTime=12.15s; playing=True; progressed=True,2,2026-08-29T16:46:41+00:00,channel:news-one:22
457,channel,Foreign News,PUBLIC NEWS,FAIL,,Player exhausted all playback routes: চ্যানেলটি চালানো যায়নি।,readyState=0; video=0x0; currentTime=0.00s; playing=False; progressed=True,2,2026-08-29T16:46:55+00:00,channel:public-news:23
458,channel,Foreign News,RS News,FAIL,,Player exhausted all playback routes: চ্যানেলটি চালানো যায়নি।,readyState=0; video=0x0; currentTime=0.00s; playing=False; progressed=False,2,2026-08-29T16:47:10+00:00,channel:rs-news:24
459,channel,Foreign News,RS News Web,FAIL,,Player exhausted all playback routes: চ্যানেলটি চালানো যায়নি।,readyState=0; video=0x0; currentTime=0.00s; playing=False; progressed=False,2,2026-08-29T16:47:24+00:00,channel:rs-news-web:25
460,channel,Foreign News,RT India,PASS,5.859,,readyState=4; video=640x360; currentTime=43190.23s; playing=True; progressed=True,1,2026-08-29T16:20:03+00:00,channel:rt-india:26
461,channel,Foreign News,RT NEWS USA,PASS,4.485,,readyState=4; video=640x360; currentTime=24.21s; playing=True; progressed=True,1,2026-08-29T16:20:08+00:00,channel:rt-news-usa:27
462,channel,Foreign News,RT Now,PASS,2.875,,readyState=4; video=640x360; currentTime=24.17s; playing=True; progressed=True,1,2026-08-29T16:20:11+00:00,channel:rt-now:28
463,channel,Foreign News,RTNEWS GLOBAL,PASS,2.625,,readyState=4; video=640x360; currentTime=43192.30s; playing=True; progressed=True,1,2026-08-29T16:20:14+00:00,channel:rtnews-global:29
464,channel,Foreign News,Samaa TV,PASS,6.141,,readyState=4; video=640x360; currentTime=12.12s; playing=True; progressed=True,1,2026-08-29T16:20:20+00:00,channel:samaa-tv:30
465,channel,Foreign News,Sochi 24,FAIL,,Player exhausted all playback routes: চ্যানেলটি চালানো যায়নি।,readyState=0; video=0x0; currentTime=0.00s; playing=False; progressed=False,2,2026-08-29T16:47:36+00:00,channel:sochi-24:31
466,channel,Foreign News,Such TV,FAIL,,Player exhausted all playback routes: চ্যানেলটি চালানো যায়নি।,readyState=0; video=0x0; currentTime=0.00s; playing=False; progressed=False,2,2026-08-29T16:47:48+00:00,channel:such-tv:32
467,channel,Foreign News,T Global News,PASS,1.531,,readyState=4; video=848x480; currentTime=6.23s; playing=True; progressed=True,1,2026-08-29T16:20:47+00:00,channel:t-global-news:33
468,channel,Foreign News,TRT WORLD,PASS,2.64,,readyState=4; video=854x480; currentTime=48.02s; playing=True; progressed=True,1,2026-08-29T16:20:50+00:00,channel:trt-world:34
469,channel,Foreign News,TVRI World,PASS,1.594,,readyState=4; video=854x480; currentTime=50.15s; playing=True; progressed=True,1,2026-08-29T16:20:52+00:00,channel:tvri-world:35
470,channel,Foreign News,WION,FAIL,,Player exhausted all playback routes: চ্যানেলটি চালানো যায়নি।,readyState=0; video=0x0; currentTime=0.00s; playing=False; progressed=True,2,2026-08-29T16:48:02+00:00,channel:wion:36
471,channel,Others,Aan TV,FAIL,,Player exhausted all playback routes: চ্যানেলটি চালানো যায়নি।,readyState=0; video=0x0; currentTime=0.00s; playing=False; progressed=True,2,2026-08-29T16:45:35+00:00,channel:aan-tv:0
472,channel,Others,Action Hollywood Movies,PASS,2.859,,readyState=4; video=848x480; currentTime=48.05s; playing=True; progressed=True,1,2026-08-29T16:14:25+00:00,channel:action-hollywood-movies:1
473,channel,Others,AJJ ENTERTAINMENT,PASS,3.64,,readyState=4; video=1920x1080; currentTime=6.84s; playing=True; progressed=True,1,2026-08-29T16:15:50+00:00,channel:ajj-entertainment:2
474,channel,Others,Angel TV,FAIL,,Player exhausted all playback routes: চ্যানেলটি চালানো যায়নি।,readyState=0; video=0x0; currentTime=0.00s; playing=False; progressed=False,2,2026-08-29T16:46:22+00:00,channel:angel-tv:3
475,channel,Others,Angel TV Africa,FAIL,,Player exhausted all playback routes: চ্যানেলটি চালানো যায়নি।,readyState=0; video=0x0; currentTime=0.00s; playing=False; progressed=False,2,2026-08-29T16:46:41+00:00,channel:angel-tv-africa:4
476,channel,Others,Angel TV America,FAIL,,Player exhausted all playback routes: চ্যানেলটি চালানো যায়নি।,readyState=0; video=0x0; currentTime=0.00s; playing=False; progressed=False,2,2026-08-29T16:48:21+00:00,channel:angel-tv-america:5
477,channel,Others,Angel TV Arabia,FAIL,,Player exhausted all playback routes: চ্যানেলটি চালানো যায়নি।,readyState=0; video=0x0; currentTime=0.00s; playing=False; progressed=False,2,2026-08-29T16:50:14+00:00,channel:angel-tv-arabia:6
478,channel,Others,Angel TV Australia,FAIL,,Player exhausted all playback routes: চ্যানেলটি চালানো যায়নি।,readyState=0; video=0x0; currentTime=0.00s; playing=False; progressed=False,2,2026-08-29T16:45:50+00:00,channel:angel-tv-australia:7
479,channel,Others,Angel TV Chinese,FAIL,,Player exhausted all playback routes: চ্যানেলটি চালানো যায়নি।,readyState=0; video=0x0; currentTime=0.00s; playing=False; progressed=False,2,2026-08-29T16:46:36+00:00,channel:angel-tv-chinese:8
480,channel,Others,Angel TV Europe,FAIL,,Player exhausted all playback routes: চ্যানেলটি চালানো যায়নি।,readyState=0; video=0x0; currentTime=0.00s; playing=False; progressed=False,2,2026-08-29T16:46:56+00:00,channel:angel-tv-europe:9
481,channel,Others,Angel TV FarEast,FAIL,,Player exhausted all playback routes: চ্যানেলটি চালানো যায়নি।,readyState=0; video=0x0; currentTime=0.00s; playing=False; progressed=False,2,2026-08-29T16:48:36+00:00,channel:angel-tv-fareast:10
482,channel,Others,Angel TV Hebrew,FAIL,,Player exhausted all playback routes: চ্যানেলটি চালানো যায়নি।,readyState=0; video=0x0; currentTime=0.00s; playing=False; progressed=False,2,2026-08-29T16:50:29+00:00,channel:angel-tv-hebrew:11
483,channel,Others,Angel TV Indo China,FAIL,,Player exhausted all playback routes: চ্যানেলটি চালানো যায়নি।,readyState=0; video=0x0; currentTime=0.00s; playing=False; progressed=False,2,2026-08-29T16:46:04+00:00,channel:angel-tv-indo-china:12
484,channel,Others,Angel TV Indonesia,FAIL,,Player exhausted all playback routes: চ্যানেলটি চালানো যায়নি।,readyState=0; video=0x0; currentTime=0.00s; playing=False; progressed=False,2,2026-08-29T16:46:51+00:00,channel:angel-tv-indonesia:13
485,channel,Others,Angel TV Nepal,FAIL,,Player exhausted all playback routes: চ্যানেলটি চালানো যায়নি।,readyState=0; video=0x0; currentTime=0.00s; playing=False; progressed=False,2,2026-08-29T16:47:10+00:00,channel:angel-tv-nepal:14
486,channel,Others,Angel TV Portuguese,FAIL,,Player exhausted all playback routes: চ্যানেলটি চালানো যায়নি।,readyState=0; video=0x0; currentTime=0.00s; playing=False; progressed=False,2,2026-08-29T16:48:51+00:00,channel:angel-tv-portuguese:15
487,channel,Others,Angel TV Russian,FAIL,,Player exhausted all playback routes: চ্যানেলটি চালানো যায়নি।,readyState=0; video=0x0; currentTime=0.00s; playing=False; progressed=False,2,2026-08-29T16:50:44+00:00,channel:angel-tv-russian:16
488,channel,Others,Angel TV Spanish,FAIL,,Player exhausted all playback routes: চ্যানেলটি চালানো যায়নি।,readyState=0; video=0x0; currentTime=0.00s; playing=False; progressed=False,2,2026-08-29T16:46:19+00:00,channel:angel-tv-spanish:17
489,channel,Others,AURLIFE,PASS,3.406,,readyState=4; video=1920x1080; currentTime=5.01s; playing=True; progressed=True,1,2026-08-29T16:10:22+00:00,channel:aurlife:18
490,channel,Others,Azan Tv,PASS,4.64,,readyState=4; video=1280x720; currentTime=8.88s; playing=True; progressed=True,1,2026-08-29T16:15:44+00:00,channel:azan-tv:19
491,channel,Others,Azteca 7a,PASS,8.422,,readyState=4; video=768x432; currentTime=48.06s; playing=True; progressed=True,1,2026-08-29T16:17:12+00:00,channel:azteca-7a:20
492,channel,Others,Baallee,FAIL,,Player exhausted all playback routes: চ্যানেলটি চালানো যায়নি।,readyState=0; video=0x0; currentTime=0.00s; playing=False; progressed=True,2,2026-08-29T16:47:05+00:00,channel:baallee:21
493,channel,Others,Bangla Jago,FAIL,,Player exhausted all playback routes: চ্যানেলটি চালানো যায়নি।,readyState=0; video=0x0; currentTime=0.00s; playing=False; progressed=True,2,2026-08-29T16:47:25+00:00,channel:bangla-jago:22
494,channel,Others,Bangla Jago TV,PASS,9.39,,readyState=4; video=1280x720; currentTime=52.83s; playing=True; progressed=True,1,2026-08-29T16:17:21+00:00,channel:bangla-jago-tv:23
495,channel,Others,Bangla Plus,FAIL,,Player exhausted all playback routes: চ্যানেলটি চালানো যায়নি।,readyState=0; video=0x0; currentTime=0.00s; playing=False; progressed=True,2,2026-08-29T16:49:05+00:00,channel:bangla-plus:24
496,channel,Others,Banyumas TV,PASS,13.219,,readyState=4; video=1280x720; currentTime=6.02s; playing=True; progressed=True,1,2026-08-29T16:16:12+00:00,channel:banyumas-tv:25
497,channel,Others,BBC Bangla,FAIL,,Media loaded without a decoded video frame,readyState=4; video=0x0; currentTime=1788022299.68s; playing=True; progressed=True,2,2026-08-29T16:51:32+00:00,channel:bbc-bangla:26
498,channel,Others,Bol Entertainment,FAIL,,Player exhausted all playback routes: চ্যানেলটি চালানো যায়নি।,readyState=0; video=0x0; currentTime=0.00s; playing=False; progressed=True,2,2026-08-29T16:46:34+00:00,channel:bol-entertainment:27
499,channel,Others,Bol News,FAIL,,Player exhausted all playback routes: চ্যানেলটি চালানো যায়নি।,readyState=0; video=0x0; currentTime=0.00s; playing=False; progressed=True,2,2026-08-29T16:47:20+00:00,channel:bol-news:28
500,channel,Others,BRTV,PASS,11.375,,readyState=4; video=1280x720; currentTime=6.81s; playing=True; progressed=True,2,2026-08-29T16:47:36+00:00,channel:brtv:29
501,channel,Others,Bungo TV,PASS,2.5,,readyState=4; video=1280x720; currentTime=2.49s; playing=True; progressed=True,2,2026-08-29T16:49:08+00:00,channel:bungo-tv:30
502,channel,Others,Channel Europe,PASS,3.453,,readyState=4; video=1920x1080; currentTime=0.44s; playing=True; progressed=True,1,2026-08-29T16:16:31+00:00,channel:channel-europe:31
503,channel,Others,City 42,FAIL,,Player exhausted all playback routes: চ্যানেলটি চালানো যায়নি।,readyState=0; video=0x0; currentTime=0.00s; playing=False; progressed=True,2,2026-08-29T16:51:47+00:00,channel:city-42:32
504,channel,Others,Deshe Bideshe,PASS,4.297,,readyState=4; video=1280x720; currentTime=13.88s; playing=True; progressed=True,2,2026-08-29T16:46:38+00:00,channel:deshe-bideshe:33
505,channel,Others,Deshi TV,PASS,10.985,,readyState=4; video=1280x720; currentTime=66.40s; playing=True; progressed=True,1,2026-08-29T16:16:42+00:00,channel:deshi-tv:34
506,channel,Others,DESHI TV BANGLA,PASS,3.485,,readyState=4; video=1280x720; currentTime=74.85s; playing=True; progressed=True,1,2026-08-29T16:18:17+00:00,channel:deshi-tv-bangla:35
507,channel,Others,Dhamma TV,FAIL,,Player exhausted all playback routes: চ্যানেলটি চালানো যায়নি।,readyState=0; video=0x0; currentTime=0.00s; playing=False; progressed=True,2,2026-08-29T16:47:35+00:00,channel:dhamma-tv:36
508,channel,Others,EET TV,FAIL,,Player exhausted all playback routes: চ্যানেলটি চালানো যায়নি।,readyState=0; video=0x0; currentTime=16.64s; playing=False; progressed=True,2,2026-08-29T16:47:51+00:00,channel:eet-tv:37
509,channel,Others,Enter TV,FAIL,,Player exhausted all playback routes: চ্যানেলটি চালানো যায়নি।,readyState=0; video=0x0; currentTime=0.00s; playing=False; progressed=True,2,2026-08-29T16:49:22+00:00,channel:enter-tv:38
510,channel,Others,EWTN TV,PASS,4.656,,readyState=4; video=1280x720; currentTime=66.50s; playing=True; progressed=True,1,2026-08-29T16:12:03+00:00,channel:ewtn-tv:39
511,channel,Others,Express Entertainment,PASS,13.313,,readyState=4; video=1920x1080; currentTime=7.40s; playing=True; progressed=True,2,2026-08-29T16:52:01+00:00,channel:express-entertainment:40
512,channel,Others,Fazal TV,PASS,4.984,,readyState=4; video=1920x1080; currentTime=12.46s; playing=True; progressed=True,1,2026-08-29T16:18:38+00:00,channel:fazal-tv:41
513,channel,Others,FM Radio,FAIL,,Media loaded without a decoded video frame,readyState=4; video=0x0; currentTime=88.32s; playing=True; progressed=True,2,2026-08-29T16:47:26+00:00,channel:fm-radio:42
514,channel,Others,Geo Kahani,FAIL,,Player exhausted all playback routes: চ্যানেলটি চালানো যায়নি।,readyState=0; video=0x0; currentTime=0.00s; playing=False; progressed=True,2,2026-08-29T16:47:49+00:00,channel:geo-kahani:43
515,channel,Others,GNT,FAIL,,Player exhausted all playback routes: চ্যানেলটি চালানো যায়নি।,readyState=0; video=0x0; currentTime=0.00s; playing=False; progressed=True,2,2026-08-29T16:48:06+00:00,channel:gnt:44
516,channel,Others,Hinde Movies 3,PASS,1.484,,readyState=4; video=1280x616; currentTime=10.25s; playing=True; progressed=True,1,2026-08-29T16:12:28+00:00,channel:hinde-movies-3:45
517,channel,Others,HUM TV,PASS,2.735,,readyState=4; video=1280x720; currentTime=4.16s; playing=True; progressed=True,1,2026-08-29T16:17:30+00:00,channel:hum-tv:46
518,channel,Others,IDMANTV 🇹🇷,FAIL,,Player exhausted all playback routes: চ্যানেলটি চালানো যায়নি।,readyState=0; video=0x0; currentTime=0.00s; playing=False; progressed=True,2,2026-08-29T16:49:38+00:00,channel:idmantv:47
519,channel,Others,Iqra Bangla,PASS,7.203,,readyState=4; video=1280x720; currentTime=12.20s; playing=True; progressed=True,1,2026-08-29T16:12:35+00:00,channel:iqra-bangla:48
520,channel,Others,Iran News,PASS,1.828,,readyState=4; video=1280x720; currentTime=2.15s; playing=True; progressed=True,1,2026-08-29T16:17:32+00:00,channel:iran-news:49
521,channel,Others,Jhankar TV,FAIL,,Player exhausted all playback routes: চ্যানেলটি চালানো যায়নি।,readyState=0; video=0x0; currentTime=0.00s; playing=False; progressed=True,2,2026-08-29T16:52:16+00:00,channel:jhankar-tv:50
522,channel,Others,JonmoBhumi TV,PASS,13.609,,readyState=4; video=1280x720; currentTime=12.52s; playing=True; progressed=True,1,2026-08-29T16:12:49+00:00,channel:jonmobhumi-tv:51
523,channel,Others,Lingkar TV,FAIL,,Player exhausted all playback routes: চ্যানেলটি চালানো যায়নি।,readyState=0; video=0x0; currentTime=0.00s; playing=False; progressed=True,2,2026-08-29T16:47:41+00:00,channel:lingkar-tv:52
524,channel,Others,LTN FAMILY,FAIL,,Player exhausted all playback routes: চ্যানেলটি চালানো যায়নি।,readyState=0; video=0x0; currentTime=0.00s; playing=False; progressed=True,2,2026-08-29T16:48:04+00:00,channel:ltn-family:53
525,channel,Others,MAX 1,FAIL,,Player exhausted all playback routes: চ্যানেলটি চালানো যায়নি।,readyState=0; video=0x0; currentTime=0.00s; playing=False; progressed=False,2,2026-08-29T16:48:15+00:00,channel:max-1:54
526,channel,Others,Me IPTV BD,FAIL,,Player exhausted all playback routes: চ্যানেলটি চালানো যায়নি।,readyState=0; video=0x0; currentTime=0.00s; playing=False; progressed=True,2,2026-08-29T16:49:53+00:00,channel:me-tv:55
527,channel,Others,MN MOVIES,FAIL,,Player exhausted all playback routes: চ্যানেলটি চালানো যায়নি।,readyState=0; video=0x0; currentTime=0.00s; playing=False; progressed=True,2,2026-08-29T16:52:30+00:00,channel:mn-movies:56
528,channel,Others,MU,PASS,3.735,,readyState=4; video=640x360; currentTime=12.28s; playing=True; progressed=True,1,2026-08-29T16:13:03+00:00,channel:mu:57
529,channel,Others,National Geo,FAIL,,Player exhausted all playback routes: চ্যানেলটি চালানো যায়নি।,readyState=0; video=0x0; currentTime=0.00s; playing=False; progressed=True,2,2026-08-29T16:47:56+00:00,channel:national-geo:58
530,channel,Others,PNN,FAIL,,Player exhausted all playback routes: চ্যানেলটি চালানো যায়নি।,readyState=0; video=0x0; currentTime=17.78s; playing=False; progressed=True,2,2026-08-29T16:48:19+00:00,channel:pnn:59
531,channel,Others,R Plus Gold,FAIL,,Player exhausted all playback routes: চ্যানেলটি চালানো যায়নি।,readyState=0; video=0x0; currentTime=0.00s; playing=False; progressed=True,2,2026-08-29T16:48:29+00:00,channel:r-plus-gold:60
532,channel,Others,Radio Bangla Net,FAIL,,Media loaded without a decoded video frame,readyState=4; video=0x0; currentTime=43.42s; playing=True; progressed=True,2,2026-08-29T16:50:41+00:00,channel:radio-bangla-net:61
533,channel,Others,Rajdhani,FAIL,,Player exhausted all playback routes: চ্যানেলটি চালানো যায়নি।,readyState=0; video=0x0; currentTime=0.00s; playing=False; progressed=True,2,2026-08-29T16:52:45+00:00,channel:rajdhani:62
534,channel,Others,real Madrid TV,PASS,1.688,,readyState=4; video=1280x720; currentTime=41.29s; playing=True; progressed=True,1,2026-08-29T16:13:20+00:00,channel:real-madrid-tv:63
535,channel,Others,Red Bull TV,FAIL,,Player exhausted all playback routes: চ্যানেলটি চালানো যায়নি।,readyState=0; video=0x0; currentTime=0.00s; playing=False; progressed=True,2,2026-08-29T16:48:11+00:00,channel:red-bull-tv:64
536,channel,Others,RRI Net,PASS,3.438,,readyState=4; video=1920x1080; currentTime=8.12s; playing=True; progressed=True,1,2026-08-29T16:20:26+00:00,channel:rri-net:65
537,channel,Others,RS PREMIERE,FAIL,,Player exhausted all playback routes: চ্যানেলটি চালানো যায়নি।,readyState=0; video=0x0; currentTime=0.00s; playing=False; progressed=True,2,2026-08-29T16:48:34+00:00,channel:rs-premiere:66
538,channel,Others,RS PREMIERE 2,PASS,6.579,,readyState=4; video=1920x1080; currentTime=7.42s; playing=True; progressed=True,2,2026-08-29T16:48:36+00:00,channel:rs-premiere-2:67
539,channel,Others,RS PREMIERE 3,FAIL,,Player exhausted all playback routes: চ্যানেলটি চালানো যায়নি।,readyState=0; video=0x0; currentTime=0.00s; playing=False; progressed=False,2,2026-08-29T16:50:56+00:00,channel:rs-premiere-3:68
540,channel,Others,RS PREMIERE 4,FAIL,,Player exhausted all playback routes: চ্যানেলটি চালানো যায়নি।,readyState=0; video=0x0; currentTime=0.00s; playing=False; progressed=True,2,2026-08-29T16:53:00+00:00,channel:rs-premiere-4:69
541,channel,Others,RS TV,FAIL,,Player exhausted all playback routes: চ্যানেলটি চালানো যায়নি।,readyState=0; video=0x0; currentTime=0.00s; playing=False; progressed=False,2,2026-08-29T16:48:25+00:00,channel:rs-tv:70
542,channel,Others,SAB ENTERTAINMENT,FAIL,,Player exhausted all playback routes: চ্যানেলটি চালানো যায়নি।,readyState=0; video=0x0; currentTime=0.00s; playing=False; progressed=True,2,2026-08-29T16:48:49+00:00,channel:sab-entertainment:71
543,channel,Others,Sada TV,FAIL,,Player exhausted all playback routes: চ্যানেলটি চালানো যায়নি।,readyState=0; video=0x0; currentTime=0.00s; playing=False; progressed=True,2,2026-08-29T16:48:51+00:00,channel:sada-tv:72
544,channel,Others,Saudia Arabia,FAIL,,Player exhausted all playback routes: চ্যানেলটি চালানো যায়নি।,readyState=0; video=0x0; currentTime=0.00s; playing=False; progressed=True,2,2026-08-29T16:51:11+00:00,channel:saudia-arabia:73
545,channel,Others,SET ENTERTAINMENT PK,FAIL,,Player exhausted all playback routes: চ্যানেলটি চালানো যায়নি।,readyState=0; video=0x0; currentTime=0.00s; playing=False; progressed=True,2,2026-08-29T16:53:15+00:00,channel:set-entertainment-pk:74
546,channel,Others,Shalom,PASS,1.391,,readyState=4; video=854x480; currentTime=48.26s; playing=True; progressed=True,1,2026-08-29T16:14:06+00:00,channel:shalom:75
547,channel,Others,Shalom Global,PASS,2.531,,readyState=4; video=854x480; currentTime=48.31s; playing=True; progressed=True,1,2026-08-29T16:19:43+00:00,channel:shalom-global:76
548,channel,Others,South Station,PASS,2.438,,readyState=4; video=848x480; currentTime=42.13s; playing=True; progressed=True,1,2026-08-29T16:21:14+00:00,channel:south-station:77
549,channel,Others,Stream 122,PASS,2.781,,readyState=4; video=1920x1080; currentTime=41.58s; playing=True; progressed=True,1,2026-08-29T16:14:09+00:00,channel:stream-122:78
550,channel,Others,Stream 130,FAIL,,Player exhausted all playback routes: চ্যানেলটি চালানো যায়নি।,readyState=0; video=0x0; currentTime=0.00s; playing=False; progressed=True,2,2026-08-29T16:48:40+00:00,channel:stream-130:79
551,channel,Others,Stream 15,FAIL,,Player exhausted all playback routes: চ্যানেলটি চালানো যায়নি।,readyState=0; video=0x0; currentTime=0.00s; playing=False; progressed=True,2,2026-08-29T16:49:03+00:00,channel:stream-15:80
552,channel,Others,Stream 3,PASS,3.0,,readyState=4; video=640x360; currentTime=0.30s; playing=True; progressed=True,1,2026-08-29T16:14:13+00:00,channel:stream-3:81
553,channel,Others,Stream 88,FAIL,,Player exhausted all playback routes: চ্যানেলটি চালানো যায়নি।,readyState=0; video=0x0; currentTime=0.00s; playing=False; progressed=True,2,2026-08-29T16:49:06+00:00,channel:stream-88:82
554,channel,Others,Telemundo,FAIL,,Player exhausted all playback routes: চ্যানেলটি চালানো যায়নি।,readyState=0; video=0x0; currentTime=0.00s; playing=False; progressed=True,2,2026-08-29T16:51:25+00:00,channel:telemundo:83
555,channel,Others,Telemundo 2,FAIL,,Player exhausted all playback routes: চ্যানেলটি চালানো যায়নি।,readyState=0; video=0x0; currentTime=0.00s; playing=False; progressed=True,2,2026-08-29T16:53:29+00:00,channel:telemundo-2:84
556,channel,Others,The Movie Club +2,PASS,2.391,,readyState=4; video=848x480; currentTime=42.17s; playing=True; progressed=True,1,2026-08-29T16:20:16+00:00,channel:the-movie-club-2:85
557,channel,Others,TV Tabalong,PASS,1.796,,readyState=4; video=1280x720; currentTime=6.52s; playing=True; progressed=True,2,2026-08-29T16:48:42+00:00,channel:tv-tabalong:86
558,channel,Others,TV9 Nusantara,PASS,3.266,,readyState=4; video=1280x720; currentTime=0.56s; playing=True; progressed=True,1,2026-08-29T16:14:31+00:00,channel:tv9-nusantara:87
559,channel,Others,TVRI,PASS,1.782,,readyState=4; video=854x480; currentTime=50.17s; playing=True; progressed=True,1,2026-08-29T16:20:18+00:00,channel:tvri:88
560,channel,Others,TVRI Aceh,PASS,2.235,,readyState=4; video=854x480; currentTime=50.66s; playing=True; progressed=True,1,2026-08-29T16:22:02+00:00,channel:tvri-aceh:89
561,channel,Others,TVRI Bali,PASS,2.062,,readyState=4; video=854x480; currentTime=50.43s; playing=True; progressed=True,1,2026-08-29T16:14:33+00:00,channel:tvri-bali:90
562,channel,Others,TVRI Bangka Belitung,PASS,1.672,,readyState=4; video=854x480; currentTime=50.35s; playing=True; progressed=True,1,2026-08-29T16:20:20+00:00,channel:tvri-bangka-belitung:91
563,channel,Others,TVRI Bengkulu,PASS,1.359,,readyState=4; video=854x480; currentTime=40.20s; playing=True; progressed=True,1,2026-08-29T16:22:04+00:00,channel:tvri-bengkulu:92
564,channel,Others,TVRI Gorontalo,PASS,2.468,,readyState=4; video=854x480; currentTime=50.38s; playing=True; progressed=True,1,2026-08-29T16:14:36+00:00,channel:tvri-gorontalo:93
565,channel,Others,TVRI Jakarta,PASS,1.047,,readyState=4; video=854x480; currentTime=50.18s; playing=True; progressed=True,1,2026-08-29T16:20:22+00:00,channel:tvri-jakarta:94
566,channel,Others,TVRI Jambi,PASS,1.578,,readyState=4; video=854x480; currentTime=50.27s; playing=True; progressed=True,1,2026-08-29T16:22:06+00:00,channel:tvri-jambi:95
567,channel,Others,TVRI Jawa Barat,PASS,1.625,,readyState=4; video=854x480; currentTime=50.45s; playing=True; progressed=True,1,2026-08-29T16:14:38+00:00,channel:tvri-jawa-barat:96
568,channel,Others,TVRI Jawa Tengah,PASS,1.375,,readyState=4; video=854x480; currentTime=50.29s; playing=True; progressed=True,1,2026-08-29T16:20:23+00:00,channel:tvri-jawa-tengah:97
569,channel,Others,TVRI Jawa Timur,PASS,1.531,,readyState=4; video=854x480; currentTime=50.40s; playing=True; progressed=True,1,2026-08-29T16:22:08+00:00,channel:tvri-jawa-timur:98
570,channel,Others,TVRI Kalimantan Barat,PASS,1.109,,readyState=4; video=854x480; currentTime=50.07s; playing=True; progressed=True,1,2026-08-29T16:14:40+00:00,channel:tvri-kalimantan-barat:99
571,channel,Others,TVRI Kalimantan Selatan,PASS,1.438,,readyState=4; video=854x480; currentTime=50.07s; playing=True; progressed=True,1,2026-08-29T16:20:25+00:00,channel:tvri-kalimantan-selatan:100
572,channel,Others,TVRI Kalimantan Tengah,PASS,1.593,,readyState=4; video=854x480; currentTime=50.39s; playing=True; progressed=True,1,2026-08-29T16:22:10+00:00,channel:tvri-kalimantan-tengah:101
573,channel,Others,TVRI Kalimantan Timur,PASS,1.578,,readyState=4; video=854x480; currentTime=50.23s; playing=True; progressed=True,1,2026-08-29T16:14:42+00:00,channel:tvri-kalimantan-timur:102
574,channel,Others,TVRI Lampung,PASS,1.359,,readyState=4; video=854x480; currentTime=50.08s; playing=True; progressed=True,1,2026-08-29T16:20:27+00:00,channel:tvri-lampung:103
575,channel,Others,TVRI Maluku,PASS,1.594,,readyState=4; video=854x480; currentTime=50.35s; playing=True; progressed=True,1,2026-08-29T16:22:12+00:00,channel:tvri-maluku:104
576,channel,Others,TVRI North Sulawesi,PASS,1.953,,readyState=4; video=854x480; currentTime=50.32s; playing=True; progressed=True,1,2026-08-29T16:14:44+00:00,channel:tvri-north-sulawesi:105
577,channel,Others,TVRI North Sumatra,PASS,1.234,,readyState=4; video=854x480; currentTime=50.15s; playing=True; progressed=True,1,2026-08-29T16:20:28+00:00,channel:tvri-north-sumatra:106
578,channel,Others,TVRI Nusa Tenggara Barat,PASS,1.687,,readyState=4; video=854x480; currentTime=50.20s; playing=True; progressed=True,1,2026-08-29T16:22:14+00:00,channel:tvri-nusa-tenggara-barat:107
579,channel,Others,TVRI Nusa Tenggara Timur,PASS,2.281,,readyState=4; video=854x480; currentTime=50.37s; playing=True; progressed=True,1,2026-08-29T16:14:47+00:00,channel:tvri-nusa-tenggara-timur:108
580,channel,Others,TVRI Papua,PASS,1.046,,readyState=4; video=854x480; currentTime=50.17s; playing=True; progressed=True,1,2026-08-29T16:20:30+00:00,channel:tvri-papua:109
581,channel,Others,TVRI Riau,PASS,2.25,,readyState=4; video=854x480; currentTime=50.35s; playing=True; progressed=True,1,2026-08-29T16:22:16+00:00,channel:tvri-riau:110
582,channel,Others,TVRI Sulawesi Barat,PASS,1.953,,readyState=4; video=854x480; currentTime=50.08s; playing=True; progressed=True,1,2026-08-29T16:14:49+00:00,channel:tvri-sulawesi-barat:111
583,channel,Others,TVRI Sulawesi Selatan,PASS,2.125,,readyState=4; video=854x480; currentTime=50.29s; playing=True; progressed=True,1,2026-08-29T16:20:33+00:00,channel:tvri-sulawesi-selatan:112
584,channel,Others,TVRI Sulawesi Tengah,PASS,1.547,,readyState=4; video=854x480; currentTime=50.28s; playing=True; progressed=True,1,2026-08-29T16:22:18+00:00,channel:tvri-sulawesi-tengah:113
585,channel,Others,TVRI Sulawesi Tenggara,PASS,2.109,,readyState=4; video=854x480; currentTime=50.35s; playing=True; progressed=True,1,2026-08-29T16:14:52+00:00,channel:tvri-sulawesi-tenggara:114
586,channel,Others,TVRI Sumatera Barat,PASS,2.032,,readyState=4; video=854x480; currentTime=50.10s; playing=True; progressed=True,1,2026-08-29T16:20:35+00:00,channel:tvri-sumatera-barat:115
587,channel,Others,TVRI Sumatera Selatan,PASS,1.688,,readyState=4; video=854x480; currentTime=50.25s; playing=True; progressed=True,1,2026-08-29T16:22:20+00:00,channel:tvri-sumatera-selatan:116
588,channel,Others,TVRI West Papua,PASS,1.235,,readyState=4; video=854x480; currentTime=50.31s; playing=True; progressed=True,1,2026-08-29T16:14:53+00:00,channel:tvri-west-papua:117
589,channel,Others,TVRI Yogyakarta,PASS,1.375,,readyState=4; video=854x480; currentTime=50.06s; playing=True; progressed=True,1,2026-08-29T16:20:37+00:00,channel:tvri-yogyakarta:118
590,channel,Others,Unknown,FAIL,,Player exhausted all playback routes: চ্যানেলটি চালানো যায়নি।,readyState=0; video=0x0; currentTime=0.00s; playing=False; progressed=False,2,2026-08-29T16:49:06+00:00,channel:unknown:119
591,channel,Others,Unknown Channel 514,FAIL,,Player exhausted all playback routes: চ্যানেলটি চালানো যায়নি।,readyState=0; video=0x0; currentTime=4.03s; playing=False; progressed=True,2,2026-08-29T16:49:21+00:00,channel:unknown-channel-514:120
592,channel,Others,Unknown Stream,FAIL,,Player exhausted all playback routes: চ্যানেলটি চালানো যায়নি।,readyState=0; video=0x0; currentTime=0.00s; playing=False; progressed=False,2,2026-08-29T16:51:40+00:00,channel:unknown-stream:121
593,channel,Others,V2BEAT,PASS,10.281,,readyState=4; video=1280x720; currentTime=12.06s; playing=True; progressed=True,1,2026-08-29T16:22:34+00:00,channel:v2beat:122
594,channel,Others,Welcome to PlayZ TV,PASS,9.609,,readyState=4; video=1280x720; currentTime=0.55s; playing=True; progressed=True,1,2026-08-29T16:15:18+00:00,channel:welcome-to-playz-tv:123
595,channel,Others,WTV NIC,FAIL,,Player exhausted all playback routes: চ্যানেলটি চালানো যায়নি।,readyState=0; video=0x0; currentTime=0.00s; playing=False; progressed=False,2,2026-08-29T16:53:44+00:00,channel:wtv-nic:124
596,channel,Others,Analai Express Cinema,PASS,8.031,,readyState=4; video=1920x1080; currentTime=15.63s; playing=True; progressed=True,1,2026-08-29T16:22:42+00:00,channel:analai-express-cinema:125
597,channel,Others,Asianet,FAIL,,Player exhausted all playback routes: চ্যানেলটি চালানো যায়নি।,readyState=0; video=0x0; currentTime=0.00s; playing=False; progressed=False,2,2026-08-29T16:48:47+00:00,channel:asianet:126
598,channel,Others,Asianet Digital,FAIL,,Player exhausted all playback routes: চ্যানেলটি চালানো যায়নি।,readyState=0; video=0x0; currentTime=0.00s; playing=False; progressed=False,2,2026-08-29T16:49:11+00:00,channel:asianet-digital:127
599,channel,Others,Asianet Movies,FAIL,,Player exhausted all playback routes: চ্যানেলটি চালানো যায়নি।,readyState=0; video=0x0; currentTime=4.03s; playing=False; progressed=True,2,2026-08-29T16:49:26+00:00,channel:asianet-movies:128
600,channel,Others,Asianet Movies Digital,FAIL,,Player exhausted all playback routes: চ্যানেলটি চালানো যায়নি।,readyState=0; video=0x0; currentTime=0.00s; playing=False; progressed=False,2,2026-08-29T16:51:45+00:00,channel:asianet-movies-digital:129
601,channel,Others,Asianet Plus,FAIL,,Player exhausted all playback routes: চ্যানেলটি চালানো যায়নি।,readyState=0; video=0x0; currentTime=0.00s; playing=False; progressed=False,2,2026-08-29T16:53:49+00:00,channel:asianet-plus:130
602,channel,Others,Asianet Plus Digital,FAIL,,Player exhausted all playback routes: চ্যানেলটি চালানো যায়নি।,readyState=0; video=0x0; currentTime=0.00s; playing=False; progressed=False,2,2026-08-29T16:48:52+00:00,channel:asianet-plus-digital:131
603,channel,Others,Cineedge,FAIL,,Player exhausted all playback routes: চ্যানেলটি চালানো যায়নি।,readyState=0; video=0x0; currentTime=0.00s; playing=False; progressed=False,2,2026-08-29T16:49:13+00:00,channel:cineedge:132
604,channel,Others,Crimes,FAIL,,Player exhausted all playback routes: চ্যানেলটি চালানো যায়নি।,readyState=0; video=0x0; currentTime=4.03s; playing=False; progressed=True,2,2026-08-29T16:49:28+00:00,channel:crimes:133
605,channel,Others,G TV,FAIL,,Player exhausted all playback routes: চ্যানেলটি চালানো যায়নি।,readyState=0; video=0x0; currentTime=0.00s; playing=False; progressed=False,2,2026-08-29T16:51:57+00:00,channel:g-tv:134
606,channel,Others,Intelligence,FAIL,,Player exhausted all playback routes: চ্যানেলটি চালানো যায়নি।,readyState=0; video=0x0; currentTime=0.00s; playing=False; progressed=False,2,2026-08-29T16:53:52+00:00,channel:intelligence:135
607,channel,Others,Maa Gold,FAIL,,Player exhausted all playback routes: চ্যানেলটি চালানো যায়নি।,readyState=0; video=0x0; currentTime=0.00s; playing=False; progressed=False,2,2026-08-29T16:48:57+00:00,channel:maa-gold:136
608,channel,Others,Maa Movies Digital,FAIL,,Player exhausted all playback routes: চ্যানেলটি চালানো যায়নি।,readyState=0; video=0x0; currentTime=0.00s; playing=False; progressed=False,2,2026-08-29T16:49:17+00:00,channel:maa-movies-digital:137
609,channel,Others,Originals,FAIL,,Player exhausted all playback routes: চ্যানেলটি চালানো যায়নি।,readyState=0; video=0x0; currentTime=4.03s; playing=False; progressed=True,2,2026-08-29T16:49:31+00:00,channel:originals:138
610,channel,Others,Party Universe,FAIL,,Player exhausted all playback routes: চ্যানেলটি চালানো যায়নি।,readyState=0; video=0x0; currentTime=0.00s; playing=False; progressed=False,2,2026-08-29T16:52:00+00:00,channel:party-universe:139
611,channel,Others,Screem,FAIL,,Player exhausted all playback routes: চ্যানেলটি চালানো যায়নি।,readyState=0; video=0x0; currentTime=0.00s; playing=False; progressed=False,2,2026-08-29T16:53:54+00:00,channel:screem:140
612,channel,Others,Superrix,FAIL,,Player exhausted all playback routes: চ্যানেলটি চালানো যায়নি।,readyState=0; video=0x0; currentTime=0.00s; playing=False; progressed=False,2,2026-08-29T16:48:59+00:00,channel:superrix:141
613,channel,Others,True Stories,FAIL,,Player exhausted all playback routes: চ্যানেলটি চালানো যায়নি।,readyState=0; video=0x0; currentTime=0.00s; playing=False; progressed=False,2,2026-08-29T16:49:20+00:00,channel:true-stories:142
614,channel,Others,Uniques,FAIL,,Player exhausted all playback routes: চ্যানেলটি চালানো যায়নি।,readyState=0; video=0x0; currentTime=4.03s; playing=False; progressed=True,2,2026-08-29T16:49:33+00:00,channel:uniques:143
615,channel,Others,Vijay Super Digital,FAIL,,Player exhausted all playback routes: চ্যানেলটি চালানো যায়নি।,readyState=0; video=0x0; currentTime=0.00s; playing=False; progressed=False,2,2026-08-29T16:52:05+00:00,channel:vijay-super-digital:144
616,movie,Bangla,Rongin Shurma,PASS,6.687,,readyState=4; video=1920x1080; currentTime=0.26s; playing=True; progressed=True,1,2026-08-29T16:23:29+00:00,movie:remote-manual-rongin-shurma-2026:0
617,movie,Bangla,Paint On Dry Leaf,PASS,1.75,,readyState=4; video=1920x1080; currentTime=0.16s; playing=True; progressed=True,1,2026-08-29T16:23:30+00:00,movie:remote-manual-paint-on-dry-leaf-2026:1
618,movie,Bangla,Meu,PASS,2.641,,readyState=4; video=1920x1080; currentTime=0.36s; playing=True; progressed=True,1,2026-08-29T16:23:34+00:00,movie:remote-manual-meu-2026:2
619,movie,Bangla,Djinner Bachcha,PASS,2.391,,readyState=4; video=1920x1080; currentTime=0.23s; playing=True; progressed=True,1,2026-08-29T16:23:36+00:00,movie:remote-manual-djinner-bachcha-2026:3
620,movie,Bangla,Danter Lorai,PASS,2.297,,readyState=4; video=1920x804; currentTime=0.33s; playing=True; progressed=True,1,2026-08-29T16:23:39+00:00,movie:remote-manual-danter-lorai-2025:4
621,movie,Bangla,Nana Hee,PASS,2.969,,readyState=4; video=1920x804; currentTime=0.15s; playing=True; progressed=True,1,2026-08-29T16:23:42+00:00,movie:remote-manual-nana-hee-2025:5
622,movie,Bangla,Oporichito,PASS,1.859,,readyState=4; video=1920x800; currentTime=0.37s; playing=True; progressed=True,1,2026-08-29T16:23:44+00:00,movie:remote-manual-oporichito-2025:6
623,movie,Bangla,Karnasubarner Guptodhon,PASS,1.485,,readyState=4; video=1920x1080; currentTime=0.28s; playing=True; progressed=True,1,2026-08-29T16:23:46+00:00,movie:remote-manual-karnasubarner-guptodhon-2022:7
624,movie,Bangla,Hridita,PASS,3.016,,readyState=4; video=1920x1080; currentTime=0.15s; playing=True; progressed=True,1,2026-08-29T16:23:49+00:00,movie:remote-manual-hridita-2022:8
625,movie,Bangla,Cat Sticks,PASS,3.453,,readyState=4; video=1920x1080; currentTime=0.40s; playing=True; progressed=True,1,2026-08-29T16:23:52+00:00,movie:remote-manual-cat-sticks-2019:9
626,movie,Bangla,Fidaa,PASS,2.86,,readyState=4; video=1920x1080; currentTime=0.19s; playing=True; progressed=True,1,2026-08-29T16:23:55+00:00,movie:remote-manual-fidaa-2018:10
627,movie,Bangla,Shonar Pahar,PASS,3.953,,readyState=4; video=1920x828; currentTime=0.28s; playing=True; progressed=True,1,2026-08-29T16:24:00+00:00,movie:remote-manual-shonar-pahar-2018:11
628,movie,Bangla,Shikari,PASS,12.781,,readyState=4; video=1918x816; currentTime=0.34s; playing=True; progressed=True,1,2026-08-29T16:24:13+00:00,movie:remote-manual-shikari-2016:12
629,movie,Bangla,Ami Subhash Bolchi,PASS,2.032,,readyState=4; video=1920x1080; currentTime=0.28s; playing=True; progressed=True,1,2026-08-29T16:24:15+00:00,movie:remote-manual-ami-subhash-bolchi-2011:13
630,movie,Bangla,Utsaber Ratri,PASS,2.672,,readyState=4; video=1920x1080; currentTime=0.43s; playing=True; progressed=True,1,2026-08-29T16:24:17+00:00,movie:remote-manual-utsaber-ratri-2026:14
631,movie,Bangla,Tumi Ami Shudhu,PASS,3.172,,readyState=4; video=1920x1080; currentTime=0.32s; playing=True; progressed=True,1,2026-08-29T16:24:21+00:00,movie:remote-manual-tumi-ami-shudhu-2026:15
632,movie,Bangla,Cha Garam,PASS,3.515,,readyState=4; video=1920x1080; currentTime=0.22s; playing=True; progressed=True,1,2026-08-29T16:24:24+00:00,movie:remote-manual-cha-garam-2026:16
633,movie,Bangla,Saralakkho Holmes,PASS,2.656,,readyState=4; video=1920x800; currentTime=0.17s; playing=True; progressed=True,1,2026-08-29T16:24:27+00:00,movie:remote-manual-saralakkho-holmes-2025:17
634,movie,Bangla,Chandrabindoo,PASS,3.187,,readyState=4; video=1920x800; currentTime=0.35s; playing=True; progressed=True,1,2026-08-29T16:24:31+00:00,movie:remote-manual-chandrabindoo-2025:18
635,movie,Bangla,Tobuo Bhalobashi,PASS,2.859,,readyState=4; video=1920x800; currentTime=0.16s; playing=True; progressed=True,1,2026-08-29T16:24:34+00:00,movie:remote-manual-tobuo-bhalobashi-2025:19
636,movie,Bangla,Bhaggyo Lokkhi,PASS,9.844,,readyState=4; video=3840x2160; currentTime=0.38s; playing=True; progressed=True,1,2026-08-29T16:24:44+00:00,movie:remote-manual-bhaggyo-lokkhi-2025:20
637,movie,Bangla,Bhuto Purbo,PASS,1.844,,readyState=4; video=1920x1080; currentTime=0.26s; playing=True; progressed=True,1,2026-08-29T16:24:46+00:00,movie:remote-manual-bhuto-purbo-2025:21
638,movie,Bangla,Ali,PASS,2.609,,readyState=4; video=1920x1080; currentTime=0.33s; playing=True; progressed=True,1,2026-08-29T16:24:49+00:00,movie:remote-manual-ali-2025:22
639,movie,Bangla,Download Lawho Gouranger Naam Re,PASS,3.468,,readyState=4; video=3840x2160; currentTime=0.14s; playing=True; progressed=True,1,2026-08-29T16:24:52+00:00,movie:remote-manual-download-lawho-gouranger-naam-re-2025:23
640,movie,Bangla,Abigail,PASS,2.625,,readyState=4; video=1920x1080; currentTime=0.43s; playing=True; progressed=True,1,2026-08-29T16:24:55+00:00,movie:remote-manual-abigail-2024:24
641,movie,Bangla,Tilottoma,PASS,4.297,,readyState=4; video=1920x812; currentTime=0.25s; playing=True; progressed=True,1,2026-08-29T16:24:59+00:00,movie:remote-manual-tilottoma-2024:25
642,movie,Bangla,Blind,PASS,8.937,,readyState=3; video=1920x1080; currentTime=0.21s; playing=True; progressed=True,1,2026-08-29T16:25:09+00:00,movie:remote-manual-blind-2023:26
643,movie,Bangla,Bloody Daddy,PASS,1.579,,readyState=4; video=1920x1080; currentTime=0.27s; playing=True; progressed=True,1,2026-08-29T16:25:11+00:00,movie:remote-manual-bloody-daddy-2023:27
644,movie,Bangla,Bhediya,PASS,2.297,,readyState=4; video=1920x1080; currentTime=0.14s; playing=True; progressed=True,1,2026-08-29T16:25:13+00:00,movie:remote-manual-bhediya-2022:28
645,movie,Bangla,Brombhodoityo,PASS,2.906,,readyState=4; video=1920x1080; currentTime=0.38s; playing=True; progressed=True,1,2026-08-29T16:25:16+00:00,movie:remote-manual-brombhodoityo-2020:29
646,movie,Hindi,Batchmates (2026) S01E69 72 Hindi,FAIL,,Browser blocked the media response (ORB; invalid or cross-origin media response),readyState=0; video=0x0; currentTime=0.00s; playing=False; progressed=False,2,2026-08-29T16:27:30+00:00,movie:batchmates-2026-s01e69-72-hindi:0
647,movie,Hindi,Toxic (2026) Hindi HDTC V2,FAIL,,Browser blocked the media response (ORB; invalid or cross-origin media response),readyState=0; video=0x0; currentTime=0.00s; playing=False; progressed=False,2,2026-08-29T16:27:31+00:00,movie:toxic-2026-hindi-hdtc-v2:1
648,movie,Hindi,Toxic (2026) Hindi HDTC V2 HQ,FAIL,,Browser blocked the media response (ORB; invalid or cross-origin media response),readyState=0; video=0x0; currentTime=0.00s; playing=False; progressed=False,2,2026-08-29T16:27:32+00:00,movie:toxic-2026-hindi-hdtc-v2-hq:2
649,movie,Hindi,Elio 2025 BluRay Hindi English ESub,FAIL,,Browser blocked the media response (ORB; invalid or cross-origin media response),readyState=0; video=0x0; currentTime=0.00s; playing=False; progressed=False,2,2026-08-29T16:27:31+00:00,movie:elio-2025-bluray-hindi-english-esub:3
650,movie,Hindi,Kurukshetra (2025) S01 Hindi,FAIL,,Browser blocked the media response (ORB; invalid or cross-origin media response),readyState=0; video=0x0; currentTime=0.00s; playing=False; progressed=False,2,2026-08-29T16:28:25+00:00,movie:kurukshetra-2025-s01-hindi:4
651,movie,Hindi,Good Luck Jerry (2022) Hindi,FAIL,,Browser blocked the media response (ORB; invalid or cross-origin media response),readyState=0; video=0x0; currentTime=0.00s; playing=False; progressed=False,2,2026-08-29T16:28:28+00:00,movie:good-luck-jerry-2022-hindi:5
652,movie,Hindi,Raktanchal 2022 S02 Hindi,FAIL,,Browser blocked the media response (ORB; invalid or cross-origin media response),readyState=0; video=0x0; currentTime=0.00s; playing=False; progressed=False,2,2026-08-29T16:33:57+00:00,movie:raktanchal-2022-s02-hindi:6
653,movie,Hindi,Aafat e Ishq (2021) Hindi,FAIL,,Browser blocked the media response (ORB; invalid or cross-origin media response),readyState=0; video=0x0; currentTime=0.00s; playing=False; progressed=False,2,2026-08-29T16:27:34+00:00,movie:aafat-e-ishq-2021-hindi:7
654,movie,Hindi,Indori Ishq 2021 S01 Hindi MX Web Series,FAIL,,Browser blocked the media response (ORB; invalid or cross-origin media response),readyState=0; video=0x0; currentTime=0.00s; playing=False; progressed=False,2,2026-08-29T16:27:33+00:00,movie:indori-ishq-2021-s01-hindi-mx-web-series:8
655,movie,Hindi,The Fakir of Venice (2019) Hindi,FAIL,,Browser blocked the media response (ORB; invalid or cross-origin media response),readyState=0; video=0x0; currentTime=0.00s; playing=False; progressed=False,2,2026-08-29T16:27:34+00:00,movie:the-fakir-of-venice-2019-hindi:9
656,movie,Hindi,Kadvi Hawa (2017) Hindi,FAIL,,Browser blocked the media response (ORB; invalid or cross-origin media response),readyState=0; video=0x0; currentTime=0.00s; playing=False; progressed=False,2,2026-08-29T16:27:33+00:00,movie:kadvi-hawa-2017-hindi:10
657,movie,Hindi,Muskurahatein (2017) Hindi,FAIL,,Browser blocked the media response (ORB; invalid or cross-origin media response),readyState=0; video=0x0; currentTime=0.00s; playing=False; progressed=False,2,2026-08-29T16:28:27+00:00,movie:muskurahatein-2017-hindi:11
658,movie,Hindi,Pink 2016 BluRay Hindi,FAIL,,Browser blocked the media response (ORB; invalid or cross-origin media response),readyState=0; video=0x0; currentTime=0.00s; playing=False; progressed=False,2,2026-08-29T16:28:30+00:00,movie:pink-2016-bluray-hindi:12
659,movie,Hindi,Rowdy Hero Maari 2015 Hindi,FAIL,,Browser blocked the media response (ORB; invalid or cross-origin media response),readyState=0; video=0x0; currentTime=0.00s; playing=False; progressed=False,2,2026-08-29T16:34:00+00:00,movie:rowdy-hero-maari-2015-hindi:13
660,movie,Hindi,Karle Pyaar Karle (2014) Hindi,FAIL,,Browser blocked the media response (ORB; invalid or cross-origin media response),readyState=0; video=0x0; currentTime=0.00s; playing=False; progressed=False,2,2026-08-29T16:27:36+00:00,movie:karle-pyaar-karle-2014-hindi:14
661,movie,Hindi,Mere Brother Ki Dulhan 2011 BluRay Hindi,FAIL,,Browser blocked the media response (ORB; invalid or cross-origin media response),readyState=0; video=0x0; currentTime=0.00s; playing=False; progressed=False,2,2026-08-29T16:27:36+00:00,movie:mere-brother-ki-dulhan-2011-bluray-hindi:15
662,movie,Hindi,Little Things S03 E01 08 Hindi English,FAIL,,Browser blocked the media response (ORB; invalid or cross-origin media response),readyState=0; video=0x0; currentTime=0.00s; playing=False; progressed=False,2,2026-08-29T16:27:36+00:00,movie:little-things-s03-e01-08-hindi-english:16
663,movie,Hindi,Mr Queen S01 E01 20 Hindi,FAIL,,Browser blocked the media response (ORB; invalid or cross-origin media response),readyState=0; video=0x0; currentTime=0.00s; playing=False; progressed=False,2,2026-08-29T16:27:35+00:00,movie:mr-queen-s01-e01-20-hindi:17
664,movie,Hindi,The Nightfall S01E41 45 Hindi ORG,FAIL,,Browser blocked the media response (ORB; invalid or cross-origin media response),readyState=0; video=0x0; currentTime=0.00s; playing=False; progressed=False,2,2026-08-29T16:28:31+00:00,movie:the-nightfall-s01e41-45-hindi-org:18
665,movie,Hindi,The Great Grand Superhero,PASS,1.797,,readyState=4; video=1920x804; currentTime=0.22s; playing=True; progressed=True,1,2026-08-29T16:06:43+00:00,movie:remote-manual-the-great-grand-superhero-2026:19
666,movie,Hindi,7 Dogs (2026) Hindi HDTC,FAIL,,Browser blocked the media response (ORB; invalid or cross-origin media response),readyState=0; video=0x0; currentTime=0.00s; playing=False; progressed=False,2,2026-08-29T16:28:32+00:00,movie:7-dogs-2026-hindi-hdtc:20
667,movie,Hindi,Jana Nayagan (2026) Dual Hindi LiNE,FAIL,,Browser blocked the media response (ORB; invalid or cross-origin media response),readyState=0; video=0x0; currentTime=0.00s; playing=False; progressed=False,2,2026-08-29T16:34:04+00:00,movie:jana-nayagan-2026-dual-hindi-line:21
668,movie,Hindi,Sirf Ek Bandaa Kaafi Hai,PASS,2.515,,readyState=4; video=1920x800; currentTime=0.55s; playing=True; progressed=True,1,2026-08-29T16:06:46+00:00,movie:remote-manual-sirf-ek-bandaa-kaafi-hai-2023:22
669,movie,Hindi,Mujib: The Making Of A Nation,PASS,2.156,,readyState=4; video=1920x804; currentTime=0.29s; playing=True; progressed=True,1,2026-08-29T16:04:41+00:00,movie:remote-manual-mujib-the-making-of-a-nation-2023:23
670,movie,Hindi,420 IPC,PASS,13.719,,readyState=4; video=1920x818; currentTime=0.43s; playing=True; progressed=True,1,2026-08-29T16:04:59+00:00,movie:remote-manual-420-ipc-2021:24
671,movie,Hindi,Batchmates (2026) S01E65 68 Hindi,FAIL,,Browser blocked the media response (ORB; invalid or cross-origin media response),readyState=0; video=0x0; currentTime=0.00s; playing=False; progressed=False,2,2026-08-29T16:27:41+00:00,movie:batchmates-2026-s01e65-68-hindi:25
672,movie,Hindi,What If 2023 S02E01 Hindi,FAIL,,Browser blocked the media response (ORB; invalid or cross-origin media response),readyState=0; video=0x0; currentTime=0.00s; playing=False; progressed=False,2,2026-08-29T16:27:38+00:00,movie:what-if-2023-s02e01-hindi:26
673,movie,Hindi,Puss In Boots The Last Wish 2022 Bluray Hindi English,FAIL,,Browser blocked the media response (ORB; invalid or cross-origin media response),readyState=0; video=0x0; currentTime=0.00s; playing=False; progressed=False,2,2026-08-29T16:27:38+00:00,movie:puss-in-boots-the-last-wish-2022-bluray-hindi-english:27
674,movie,Hindi,The Birthday Boy,PASS,1.516,,readyState=4; video=1920x1080; currentTime=0.28s; playing=True; progressed=True,1,2026-08-29T16:06:52+00:00,movie:remote-manual-the-birthday-boy-2024:28
675,movie,Hindi,Tiku Weds Sheru,PASS,2.109,,readyState=4; video=1920x960; currentTime=0.21s; playing=True; progressed=True,1,2026-08-29T16:04:46+00:00,movie:remote-manual-tiku-weds-sheru-2023:29
676,movie,Hindi,Satyaprem Ki Katha,PASS,1.641,,readyState=4; video=1920x800; currentTime=0.29s; playing=True; progressed=True,1,2026-08-29T16:05:03+00:00,movie:remote-manual-satyaprem-ki-katha-2023:30
677,movie,Hindi,Gunjan Saxena The Kargil Girl (2020) Hindi NF,FAIL,,Browser blocked the media response (ORB; invalid or cross-origin media response),readyState=0; video=0x0; currentTime=0.00s; playing=False; progressed=False,2,2026-08-29T16:27:37+00:00,movie:gunjan-saxena-the-kargil-girl-2020-hindi-nf:31
678,movie,Hindi,Street Dancer (2020 Hindi,FAIL,,Browser blocked the media response (ORB; invalid or cross-origin media response),readyState=0; video=0x0; currentTime=0.00s; playing=False; progressed=False,2,2026-08-29T16:28:33+00:00,movie:street-dancer-2020-hindi:32
679,movie,Hindi,Badlapur,PASS,2.078,,readyState=4; video=1920x802; currentTime=0.38s; playing=True; progressed=True,1,2026-08-29T16:05:05+00:00,movie:remote-manual-badlapur-2015:33
680,movie,Hindi,Saheb Biwi Aur Gangster,PASS,2.047,,readyState=4; video=1280x544; currentTime=0.31s; playing=True; progressed=True,1,2026-08-29T16:06:56+00:00,movie:remote-manual-saheb-biwi-aur-gangster-2011:34
681,movie,Hindi,Power Play (2026) S01 Hindi,FAIL,,Browser blocked the media response (ORB; invalid or cross-origin media response),readyState=0; video=0x0; currentTime=0.00s; playing=False; progressed=False,2,2026-08-29T16:28:34+00:00,movie:power-play-2026-s01-hindi:35
682,movie,Hindi,Aakhri Sawal,PASS,1.563,,readyState=4; video=1920x800; currentTime=0.39s; playing=True; progressed=True,1,2026-08-29T16:05:07+00:00,movie:remote-manual-aakhri-sawal-2026:36
683,movie,Hindi,Awarapan 2,PASS,1.312,,readyState=4; video=1920x800; currentTime=0.28s; playing=True; progressed=True,1,2026-08-29T16:06:58+00:00,movie:remote-manual-awarapan-2-2026:37
684,movie,Hindi,Cocktail 2,PASS,1.265,,readyState=4; video=1920x804; currentTime=0.21s; playing=True; progressed=True,1,2026-08-29T16:04:52+00:00,movie:remote-manual-cocktail-2-2026:38
685,movie,Hindi,Bharat Bhhagya Viddhaata,PASS,2.078,,readyState=4; video=1920x802; currentTime=0.23s; playing=True; progressed=True,1,2026-08-29T16:05:09+00:00,movie:remote-manual-bharat-bhhagya-viddhaata-2026:39
686,movie,Hindi,Jumper,PASS,1.562,,readyState=4; video=1920x1080; currentTime=0.38s; playing=True; progressed=True,1,2026-08-29T16:06:59+00:00,movie:remote-manual-jumper-2026:40
687,movie,Hindi,Hanuman Ansh,PASS,1.61,,readyState=4; video=1922x806; currentTime=0.43s; playing=True; progressed=True,1,2026-08-29T16:04:53+00:00,movie:remote-manual-hanuman-ansh-2026:41
688,movie,Hindi,Ohh My Dog,PASS,2.359,,readyState=4; video=1920x804; currentTime=0.28s; playing=True; progressed=True,1,2026-08-29T16:05:12+00:00,movie:remote-manual-ohh-my-dog-2026:42
689,movie,Hindi,Main Vaapas Aaunga,PASS,1.547,,readyState=4; video=1920x802; currentTime=0.48s; playing=True; progressed=True,1,2026-08-29T16:07:01+00:00,movie:remote-manual-main-vaapas-aaunga-2026:43
690,movie,Hindi,Mardaani 3 (2026) Hindi,FAIL,,Browser blocked the media response (ORB; invalid or cross-origin media response),readyState=0; video=0x0; currentTime=0.00s; playing=False; progressed=False,2,2026-08-29T16:34:06+00:00,movie:mardaani-3-2026-hindi:44
691,movie,Hindi,Ishq-e-Nadaan,PASS,2.344,,readyState=4; video=1920x856; currentTime=0.31s; playing=True; progressed=True,1,2026-08-29T16:05:14+00:00,movie:remote-manual-ishq-e-nadaan-2023:45
692,movie,Hindi,Batwara,PASS,1.828,,readyState=4; video=1920x812; currentTime=0.37s; playing=True; progressed=True,1,2026-08-29T16:07:03+00:00,movie:remote-manual-batwara-1947:46
693,movie,Hindi,Hellbound S01 E01 06 Hindi English,FAIL,,Browser blocked the media response (ORB; invalid or cross-origin media response),readyState=0; video=0x0; currentTime=0.00s; playing=False; progressed=False,2,2026-08-29T16:27:43+00:00,movie:hellbound-s01-e01-06-hindi-english:47
694,movie,Hindi,Awarapan 2 (2026) Hindi HDTC,FAIL,,Browser blocked the media response (ORB; invalid or cross-origin media response),readyState=0; video=0x0; currentTime=0.00s; playing=False; progressed=False,2,2026-08-29T16:27:40+00:00,movie:awarapan-2-2026-hindi-hdtc:48
695,movie,Hindi,Awarapan 2 (2026) Hindi HQ HDTC,FAIL,,Browser blocked the media response (ORB; invalid or cross-origin media response),readyState=0; video=0x0; currentTime=0.00s; playing=False; progressed=False,2,2026-08-29T16:27:41+00:00,movie:awarapan-2-2026-hindi-hq-hdtc:49
696,movie,Hindi,Cocktail 2 (2026) Hindi,FAIL,,Browser blocked the media response (ORB; invalid or cross-origin media response),readyState=0; video=0x0; currentTime=0.00s; playing=False; progressed=False,2,2026-08-29T16:27:42+00:00,movie:cocktail-2-2026-hindi:50
697,movie,Hindi,Jumper 2026 Hindi,FAIL,,Browser blocked the media response (ORB; invalid or cross-origin media response),readyState=0; video=0x0; currentTime=0.00s; playing=False; progressed=False,2,2026-08-29T16:28:36+00:00,movie:jumper-2026-hindi:51
698,movie,Hindi,RRR (2022) Hindi NF,FAIL,,Browser blocked the media response (ORB; invalid or cross-origin media response),readyState=0; video=0x0; currentTime=0.00s; playing=False; progressed=False,2,2026-08-29T16:28:37+00:00,movie:rrr-2022-hindi-nf:52
699,movie,Hindi,The Pyramid Scheme S01 Hindi,FAIL,,Browser blocked the media response (ORB; invalid or cross-origin media response),readyState=0; video=0x0; currentTime=0.00s; playing=False; progressed=False,2,2026-08-29T16:34:09+00:00,movie:the-pyramid-scheme-s01-hindi:53
700,movie,Hindi,Send Help 2026 Hindi,FAIL,,Browser blocked the media response (ORB; invalid or cross-origin media response),readyState=0; video=0x0; currentTime=0.00s; playing=False; progressed=False,2,2026-08-29T16:27:45+00:00,movie:send-help-2026-hindi:54
701,movie,Hindi,Vadh (2022) Hindi,FAIL,,Browser blocked the media response (ORB; invalid or cross-origin media response),readyState=0; video=0x0; currentTime=0.00s; playing=False; progressed=False,2,2026-08-29T16:27:42+00:00,movie:vadh-2022-hindi:57
702,movie,Hindi,Haider 2014 BluRay Hindi,FAIL,,Browser blocked the media response (ORB; invalid or cross-origin media response),readyState=0; video=0x0; currentTime=0.00s; playing=False; progressed=False,2,2026-08-29T16:27:43+00:00,movie:haider-2014-bluray-hindi:59
703,movie,Hindi,Dhoondte Reh Jaoge 2009 Hindi,FAIL,,Browser blocked the media response (ORB; invalid or cross-origin media response),readyState=0; video=0x0; currentTime=0.00s; playing=False; progressed=False,2,2026-08-29T16:27:44+00:00,movie:dhoondte-reh-jaoge-2009-hindi:61
704,movie,Hindi,Do Deewane Seher Mein 2026 Hindi,FAIL,,Browser blocked the media response (ORB; invalid or cross-origin media response),readyState=0; video=0x0; currentTime=0.00s; playing=False; progressed=False,2,2026-08-29T16:28:38+00:00,movie:do-deewane-seher-mein-2026-hindi:63
705,movie,Hindi,Matka King 2026 S01 Hindi,FAIL,,Browser blocked the media response (ORB; invalid or cross-origin media response),readyState=0; video=0x0; currentTime=0.00s; playing=False; progressed=False,2,2026-08-29T16:28:39+00:00,movie:matka-king-2026-s01-hindi:64
706,movie,Hindi,Inspector Rishi (2024) Hindi,FAIL,,Browser blocked the media response (ORB; invalid or cross-origin media response),readyState=0; video=0x0; currentTime=0.00s; playing=False; progressed=False,2,2026-08-29T16:34:11+00:00,movie:inspector-rishi-2024-hindi:55
707,movie,Hindi,The Northman 2022 BluRay Hindi English,FAIL,,Browser blocked the media response (ORB; invalid or cross-origin media response),readyState=0; video=0x0; currentTime=0.00s; playing=False; progressed=False,2,2026-08-29T16:27:47+00:00,movie:the-northman-2022-bluray-hindi-english:56
708,movie,Hindi,Saaho 2019 Hindi,FAIL,,Browser blocked the media response (ORB; invalid or cross-origin media response),readyState=0; video=0x0; currentTime=0.00s; playing=False; progressed=False,2,2026-08-29T16:27:44+00:00,movie:saaho-2019-hindi:65
709,movie,Hindi,Start Up 2019 Bluray Hindi Korean,FAIL,,Browser blocked the media response (ORB; invalid or cross-origin media response),readyState=0; video=0x0; currentTime=0.00s; playing=False; progressed=False,2,2026-08-29T16:27:45+00:00,movie:start-up-2019-bluray-hindi-korean:66
710,movie,Hindi,Jalebi 2018 Hindi,FAIL,,Browser blocked the media response (ORB; invalid or cross-origin media response),readyState=0; video=0x0; currentTime=0.00s; playing=False; progressed=False,2,2026-08-29T16:27:46+00:00,movie:jalebi-2018-hindi:67
711,movie,Hindi,M S Dhoni 2016 Hindi BluRay,FAIL,,Browser blocked the media response (ORB; invalid or cross-origin media response),readyState=0; video=0x0; currentTime=0.00s; playing=False; progressed=False,2,2026-08-29T16:28:40+00:00,movie:m-s-dhoni-2016-hindi-bluray:58
712,movie,Hindi,Kabali (2016) Hindi,FAIL,,Browser blocked the media response (ORB; invalid or cross-origin media response),readyState=0; video=0x0; currentTime=0.00s; playing=False; progressed=False,2,2026-08-29T16:28:41+00:00,movie:kabali-2016-hindi:68
713,movie,Hindi,Noah 2014 BluRay Hindi English,FAIL,,Browser blocked the media response (ORB; invalid or cross-origin media response),readyState=0; video=0x0; currentTime=0.00s; playing=False; progressed=False,2,2026-08-29T16:34:13+00:00,movie:noah-2014-bluray-hindi-english:69
714,movie,Hindi,X Men First Class 2011 BluRay Hindi English,FAIL,,Browser blocked the media response (ORB; invalid or cross-origin media response),readyState=0; video=0x0; currentTime=0.00s; playing=False; progressed=False,2,2026-08-29T16:27:50+00:00,movie:x-men-first-class-2011-bluray-hindi-english:60
715,movie,Hindi,Gangster 2006 BluRay Hindi,FAIL,,Browser blocked the media response (ORB; invalid or cross-origin media response),readyState=0; video=0x0; currentTime=0.00s; playing=False; progressed=False,2,2026-08-29T16:27:47+00:00,movie:gangster-2006-bluray-hindi:70
716,movie,Hindi,Munna Bhai M B B S 2003 Hindi,FAIL,,Browser blocked the media response (ORB; invalid or cross-origin media response),readyState=0; video=0x0; currentTime=0.00s; playing=False; progressed=False,2,2026-08-29T16:27:47+00:00,movie:munna-bhai-m-b-b-s-2003-hindi:62
717,movie,Hindi,Laughter Chefs Unlimited Entertainment S03E59 Hindi,FAIL,,Browser blocked the media response (ORB; invalid or cross-origin media response),readyState=0; video=0x0; currentTime=0.00s; playing=False; progressed=False,2,2026-08-29T16:27:48+00:00,movie:laughter-chefs-unlimited-entertainment-s03e59-hindi:71
718,movie,Hindi,Little Things S01 E01 05 Hindi,FAIL,,Browser blocked the media response (ORB; invalid or cross-origin media response),readyState=0; video=0x0; currentTime=0.00s; playing=False; progressed=False,2,2026-08-29T16:28:43+00:00,movie:little-things-s01-e01-05-hindi:72
719,movie,Hindi,Raktanchal (2026) S03 Hindi,FAIL,,Browser blocked the media response (ORB; invalid or cross-origin media response),readyState=0; video=0x0; currentTime=0.00s; playing=False; progressed=False,2,2026-08-29T16:28:43+00:00,movie:raktanchal-2026-s03-hindi:73
720,movie,Hindi,Jaat 2025 Hindi NetFlix,FAIL,,Browser blocked the media response (ORB; invalid or cross-origin media response),readyState=0; video=0x0; currentTime=0.00s; playing=False; progressed=False,2,2026-08-29T16:34:16+00:00,movie:jaat-2025-hindi-netflix:74
721,movie,Hindi,Fighter (2024) Hindi NF,FAIL,,Browser blocked the media response (ORB; invalid or cross-origin media response),readyState=0; video=0x0; currentTime=0.00s; playing=False; progressed=False,2,2026-08-29T16:27:52+00:00,movie:fighter-2024-hindi-nf:75
722,movie,Hindi,Mirzapur (2024) S03 Hindi AMZN Bonus Episode,FAIL,,Browser blocked the media response (ORB; invalid or cross-origin media response),readyState=0; video=0x0; currentTime=0.00s; playing=False; progressed=False,2,2026-08-29T16:27:49+00:00,movie:mirzapur-2024-s03-hindi-amzn-bonus-episode:76
723,movie,Hindi,Khufiya (2023) Hindi NF,FAIL,,Browser blocked the media response (ORB; invalid or cross-origin media response),readyState=0; video=0x0; currentTime=0.00s; playing=False; progressed=False,2,2026-08-29T16:27:49+00:00,movie:khufiya-2023-hindi-nf:77
724,movie,Hindi,Major 2022 Hindi,FAIL,,Browser blocked the media response (ORB; invalid or cross-origin media response),readyState=0; video=0x0; currentTime=0.00s; playing=False; progressed=False,2,2026-08-29T16:27:50+00:00,movie:major-2022-hindi:78
725,movie,Hindi,X Men Apocalypse 2016 BluRay Hindi English,FAIL,,Browser blocked the media response (ORB; invalid or cross-origin media response),readyState=0; video=0x0; currentTime=0.00s; playing=False; progressed=False,2,2026-08-29T16:28:45+00:00,movie:x-men-apocalypse-2016-bluray-hindi-english:79
726,movie,Hindi,Special 26 2013 Hindi BluRay,FAIL,,Browser blocked the media response (ORB; invalid or cross-origin media response),readyState=0; video=0x0; currentTime=0.00s; playing=False; progressed=False,2,2026-08-29T16:28:45+00:00,movie:special-26-2013-hindi-bluray:80
727,movie,Hindi,The Wolverine 2013 BluRay EXTENDED Hindi English,FAIL,,Browser blocked the media response (ORB; invalid or cross-origin media response),readyState=0; video=0x0; currentTime=0.00s; playing=False; progressed=False,2,2026-08-29T16:34:18+00:00,movie:the-wolverine-2013-bluray-extended-hindi-english:81
728,movie,Hindi,X Men 4 Origins Wolverine 2009 BluRay Hindi English,FAIL,,Browser blocked the media response (ORB; invalid or cross-origin media response),readyState=0; video=0x0; currentTime=0.00s; playing=False; progressed=False,2,2026-08-29T16:27:54+00:00,movie:x-men-4-origins-wolverine-2009-bluray-hindi-english:82
729,movie,Hindi,Flower of Evil S1 E01 23 Hindi,FAIL,,Browser blocked the media response (ORB; invalid or cross-origin media response),readyState=0; video=0x0; currentTime=0.00s; playing=False; progressed=False,2,2026-08-29T16:27:51+00:00,movie:flower-of-evil-s1-e01-23-hindi:83
730,movie,Hindi,Marry My Husband S01E01 16 Hindi Korean,FAIL,,Browser blocked the media response (ORB; invalid or cross-origin media response),readyState=0; video=0x0; currentTime=0.00s; playing=False; progressed=False,2,2026-08-29T16:27:52+00:00,movie:marry-my-husband-s01e01-16-hindi-korean:84
731,movie,Hindi,The Boys S03E01 08 Hindi English,FAIL,,Browser blocked the media response (ORB; invalid or cross-origin media response),readyState=0; video=0x0; currentTime=0.00s; playing=False; progressed=False,2,2026-08-29T16:27:52+00:00,movie:the-boys-s03e01-08-hindi-english:85
732,movie,Hindi,DC 2026 Hindi HDTC,FAIL,,Browser blocked the media response (ORB; invalid or cross-origin media response),readyState=0; video=0x0; currentTime=0.00s; playing=False; progressed=False,2,2026-08-29T16:28:49+00:00,movie:dc-2026-hindi-hdtc:86
733,movie,Hindi,Dhurandhar The Revenge 2026 hindi,FAIL,,Browser blocked the media response (ORB; invalid or cross-origin media response),readyState=0; video=0x0; currentTime=0.00s; playing=False; progressed=False,2,2026-08-29T16:28:47+00:00,movie:dhurandhar-the-revenge-2026-hindi:89
734,movie,Hindi,Hanuman Ansh (2026) Hindi HDTC,FAIL,,Browser blocked the media response (ORB; invalid or cross-origin media response),readyState=0; video=0x0; currentTime=0.00s; playing=False; progressed=False,2,2026-08-29T16:34:22+00:00,movie:hanuman-ansh-2026-hindi-hdtc:93
735,movie,Hindi,Sapne Vs Everyone 2025 S01 Hindi WEB,FAIL,,Browser blocked the media response (ORB; invalid or cross-origin media response),readyState=0; video=0x0; currentTime=0.00s; playing=False; progressed=False,2,2026-08-29T16:27:56+00:00,movie:sapne-vs-everyone-2025-s01-hindi-web:101
736,movie,Hindi,Marco (2024) Hindi ORG AMZN,FAIL,,Browser blocked the media response (ORB; invalid or cross-origin media response),readyState=0; video=0x0; currentTime=0.00s; playing=False; progressed=False,2,2026-08-29T16:27:53+00:00,movie:marco-2024-hindi-org-amzn:104
737,movie,Hindi,Spider Man Far from Home 2019 BluRay Hindi English,FAIL,,Browser blocked the media response (ORB; invalid or cross-origin media response),readyState=0; video=0x0; currentTime=0.00s; playing=False; progressed=False,2,2026-08-29T16:27:54+00:00,movie:spider-man-far-from-home-2019-bluray-hindi-english:115
738,movie,Hindi,kfg Chapter 1 (2018) Original Hindi,FAIL,,Browser blocked the media response (ORB; invalid or cross-origin media response),readyState=0; video=0x0; currentTime=0.00s; playing=False; progressed=False,2,2026-08-29T16:27:54+00:00,movie:kfg-chapter-1-2018-original-hindi:117
739,movie,Hindi,Tubelight 2017 Hindi,FAIL,,Browser blocked the media response (ORB; invalid or cross-origin media response),readyState=0; video=0x0; currentTime=0.00s; playing=False; progressed=False,2,2026-08-29T16:28:51+00:00,movie:tubelight-2017-hindi:119
740,movie,Hindi,Insidious Chapter 2 2013 BluRay Hindi English,FAIL,,Browser blocked the media response (ORB; invalid or cross-origin media response),readyState=0; video=0x0; currentTime=0.00s; playing=False; progressed=False,2,2026-08-29T16:28:49+00:00,movie:insidious-chapter-2-2013-bluray-hindi-english:120
741,movie,Hindi,Shutter Island 2010 Hindi English BluRay,FAIL,,Browser blocked the media response (ORB; invalid or cross-origin media response),readyState=0; video=0x0; currentTime=0.00s; playing=False; progressed=False,2,2026-08-29T16:34:24+00:00,movie:shutter-island-2010-hindi-english-bluray:121
742,movie,Hindi,Dhoom 2 2006 BluRay Hindi,FAIL,,Browser blocked the media response (ORB; invalid or cross-origin media response),readyState=0; video=0x0; currentTime=0.00s; playing=False; progressed=False,2,2026-08-29T16:27:59+00:00,movie:dhoom-2-2006-bluray-hindi:122
743,movie,Hindi,Sacred Games S01 E01 08 Dual Audi Hindi English new,FAIL,,Browser blocked the media response (ORB; invalid or cross-origin media response),readyState=0; video=0x0; currentTime=0.00s; playing=False; progressed=False,2,2026-08-29T16:27:55+00:00,movie:sacred-games-s01-e01-08-dual-audi-hindi-english-new:135
744,movie,Hindi,Dhamaal 4 (2026) Hindi HQ HDTC,FAIL,,Browser blocked the media response (ORB; invalid or cross-origin media response),readyState=0; video=0x0; currentTime=0.00s; playing=False; progressed=False,2,2026-08-29T16:27:58+00:00,movie:dhamaal-4-2026-hindi-hq-hdtc:87
745,movie,Hindi,Dhurandhar Raw and Undekha 2026 Hindi,FAIL,,Browser blocked the media response (ORB; invalid or cross-origin media response),readyState=0; video=0x0; currentTime=0.00s; playing=False; progressed=False,2,2026-08-29T16:27:56+00:00,movie:dhurandhar-raw-and-undekha-2026-hindi:88
746,movie,Hindi,Glory (2026) S01 Hindi,FAIL,,Browser blocked the media response (ORB; invalid or cross-origin media response),readyState=0; video=0x0; currentTime=0.00s; playing=False; progressed=False,2,2026-08-29T16:28:53+00:00,movie:glory-2026-s01-hindi:90
747,movie,Hindi,Governor (2026) Hindi,FAIL,,Browser blocked the media response (ORB; invalid or cross-origin media response),readyState=0; video=0x0; currentTime=0.00s; playing=False; progressed=False,2,2026-08-29T16:28:53+00:00,movie:governor-2026-hindi:91
748,movie,Hindi,Hai Jawani toh Ishq Hona Hai 2026 Hindi,FAIL,,Browser blocked the media response (ORB; invalid or cross-origin media response),readyState=0; video=0x0; currentTime=0.00s; playing=False; progressed=False,2,2026-08-29T16:34:29+00:00,movie:hai-jawani-toh-ishq-hona-hai-2026-hindi:92
749,movie,Hindi,Lenin 2026 Hindi Hallprint,FAIL,,Browser blocked the media response (ORB; invalid or cross-origin media response),readyState=0; video=0x0; currentTime=0.00s; playing=False; progressed=False,2,2026-08-29T16:28:01+00:00,movie:lenin-2026-hindi-hallprint:94
750,movie,Hindi,Main Vaapas Aaunga (2026) Hindi,FAIL,,Browser blocked the media response (ORB; invalid or cross-origin media response),readyState=0; video=0x0; currentTime=0.00s; playing=False; progressed=False,2,2026-08-29T16:27:59+00:00,movie:main-vaapas-aaunga-2026-hindi:95
751,movie,Hindi,Musafir Cafe (2026) S01 Hindi,FAIL,,Browser blocked the media response (ORB; invalid or cross-origin media response),readyState=0; video=0x0; currentTime=0.00s; playing=False; progressed=False,2,2026-08-29T16:28:02+00:00,movie:musafir-cafe-2026-s01-hindi:96
752,movie,Hindi,Operation Safed Sagar (2026) S01 Hindi,FAIL,,Browser blocked the media response (ORB; invalid or cross-origin media response),readyState=0; video=0x0; currentTime=0.00s; playing=False; progressed=False,2,2026-08-29T16:28:00+00:00,movie:operation-safed-sagar-2026-s01-hindi:97
753,movie,Hindi,The Kerala Story 2 Goes Beyond (2026) Hindi,FAIL,,Browser blocked the media response (ORB; invalid or cross-origin media response),readyState=0; video=0x0; currentTime=0.00s; playing=False; progressed=False,2,2026-08-29T16:28:55+00:00,movie:the-kerala-story-2-goes-beyond-2026-hindi:98
754,movie,Hindi,How to Train Your Dragon 2025 Hindi English,FAIL,,Browser blocked the media response (ORB; invalid or cross-origin media response),readyState=0; video=0x0; currentTime=0.00s; playing=False; progressed=False,2,2026-08-29T16:28:56+00:00,movie:how-to-train-your-dragon-2025-hindi-english:99
755,movie,Hindi,Junior (2025) Hindi ORG,FAIL,,Browser blocked the media response (ORB; invalid or cross-origin media response),readyState=0; video=0x0; currentTime=0.00s; playing=False; progressed=False,2,2026-08-29T16:34:31+00:00,movie:junior-2025-hindi-org:100
756,movie,Hindi,The Devil 2025 Dual Hindi HQ,FAIL,,Browser blocked the media response (ORB; invalid or cross-origin media response),readyState=0; video=0x0; currentTime=0.00s; playing=False; progressed=False,2,2026-08-29T16:28:03+00:00,movie:the-devil-2025-dual-hindi-hq:102
757,movie,Hindi,Gyaarah Gyaarah (2024) S01 Hindi,FAIL,,Browser blocked the media response (ORB; invalid or cross-origin media response),readyState=0; video=0x0; currentTime=0.00s; playing=False; progressed=False,2,2026-08-29T16:28:01+00:00,movie:gyaarah-gyaarah-2024-s01-hindi:103
758,movie,Hindi,Mufasa The Lion King 2024 Hindi ORG English,FAIL,,Browser blocked the media response (ORB; invalid or cross-origin media response),readyState=0; video=0x0; currentTime=0.00s; playing=False; progressed=False,2,2026-08-29T16:28:04+00:00,movie:mufasa-the-lion-king-2024-hindi-org-english:105
759,movie,Hindi,Stree 2 2024 Hindi ORG,FAIL,,Browser blocked the media response (ORB; invalid or cross-origin media response),readyState=0; video=0x0; currentTime=0.00s; playing=False; progressed=False,2,2026-08-29T16:28:03+00:00,movie:stree-2-2024-hindi-org:106
760,movie,Hindi,Farzi 2023 S01 Hindi,FAIL,,Browser blocked the media response (ORB; invalid or cross-origin media response),readyState=0; video=0x0; currentTime=0.00s; playing=False; progressed=False,2,2026-08-29T16:28:57+00:00,movie:farzi-2023-s01-hindi:107
761,movie,Hindi,Jawan (2023) Extended Cut Hindi NF,FAIL,,Browser blocked the media response (ORB; invalid or cross-origin media response),readyState=0; video=0x0; currentTime=0.00s; playing=False; progressed=False,2,2026-08-29T16:28:58+00:00,movie:jawan-2023-extended-cut-hindi-nf:108
762,movie,Hindi,Salaar Part 1 Ceasefire (2023) Hindi HS,FAIL,,Browser blocked the media response (ORB; invalid or cross-origin media response),readyState=0; video=0x0; currentTime=0.00s; playing=False; progressed=False,2,2026-08-29T16:34:35+00:00,movie:salaar-part-1-ceasefire-2023-hindi-hs:109
763,movie,Hindi,GF2 2022 Hindi,FAIL,,Browser blocked the media response (ORB; invalid or cross-origin media response),readyState=0; video=0x0; currentTime=0.00s; playing=False; progressed=False,2,2026-08-29T16:28:05+00:00,movie:gf2-2022-hindi:110
764,movie,Hindi,Panchayat 2022 S02 Hindi,FAIL,,Browser blocked the media response (ORB; invalid or cross-origin media response),readyState=0; video=0x0; currentTime=0.00s; playing=False; progressed=False,2,2026-08-29T16:28:04+00:00,movie:panchayat-2022-s02-hindi:111
765,movie,Hindi,KURUP (2021) Hindi,FAIL,,Browser blocked the media response (ORB; invalid or cross-origin media response),readyState=0; video=0x0; currentTime=0.00s; playing=False; progressed=False,2,2026-08-29T16:28:06+00:00,movie:kurup-2021-hindi:112
766,movie,Hindi,Shershaah (2021) Hindi,FAIL,,Browser blocked the media response (ORB; invalid or cross-origin media response),readyState=0; video=0x0; currentTime=0.00s; playing=False; progressed=False,2,2026-08-29T16:28:05+00:00,movie:shershaah-2021-hindi:113
767,movie,Hindi,Wrath of Man 2021 Hindi 2 0 English,FAIL,,Browser blocked the media response (ORB; invalid or cross-origin media response),readyState=0; video=0x0; currentTime=0.00s; playing=False; progressed=False,2,2026-08-29T16:28:59+00:00,movie:wrath-of-man-2021-hindi-2-0-english:114
768,movie,Hindi,Super 30 2019 Hindi,FAIL,,Browser blocked the media response (ORB; invalid or cross-origin media response),readyState=0; video=0x0; currentTime=0.00s; playing=False; progressed=False,2,2026-08-29T16:29:00+00:00,movie:super-30-2019-hindi:116
769,movie,Hindi,Laila Majnu 2018 Hindi,FAIL,,Browser blocked the media response (ORB; invalid or cross-origin media response),readyState=0; video=0x0; currentTime=0.00s; playing=False; progressed=False,2,2026-08-29T16:34:38+00:00,movie:laila-majnu-2018-hindi:118
770,movie,Hindi,Fight Club 1999 BluRay REMASTERED Hindi English,FAIL,,Browser blocked the media response (ORB; invalid or cross-origin media response),readyState=0; video=0x0; currentTime=0.00s; playing=False; progressed=False,2,2026-08-29T16:28:07+00:00,movie:fight-club-1999-bluray-remastered-hindi-english:123
771,movie,Hindi,The Godfather 1972 BluRay Hindi English,FAIL,,Browser blocked the media response (ORB; invalid or cross-origin media response),readyState=0; video=0x0; currentTime=0.00s; playing=False; progressed=False,2,2026-08-29T16:28:06+00:00,movie:the-godfather-1972-bluray-hindi-english:124
772,movie,Hindi,Game of Thrones S01 BluRay Hindi English,FAIL,,Browser blocked the media response (ORB; invalid or cross-origin media response),readyState=0; video=0x0; currentTime=0.00s; playing=False; progressed=False,2,2026-08-29T16:28:08+00:00,movie:game-of-thrones-s01-bluray-hindi-english:125
773,movie,Hindi,Game of Thrones S02 BluRay Hindi English,FAIL,,Browser blocked the media response (ORB; invalid or cross-origin media response),readyState=0; video=0x0; currentTime=0.00s; playing=False; progressed=False,2,2026-08-29T16:28:07+00:00,movie:game-of-thrones-s02-bluray-hindi-english:126
774,movie,Hindi,Game of Thrones S04 BluRay Hindi English,FAIL,,Browser blocked the media response (ORB; invalid or cross-origin media response),readyState=0; video=0x0; currentTime=0.00s; playing=False; progressed=False,2,2026-08-29T16:29:02+00:00,movie:game-of-thrones-s04-bluray-hindi-english:127
775,movie,Hindi,Game of Thrones S05 BluRay Hindi English,FAIL,,Browser blocked the media response (ORB; invalid or cross-origin media response),readyState=0; video=0x0; currentTime=0.00s; playing=False; progressed=False,2,2026-08-29T16:29:03+00:00,movie:game-of-thrones-s05-bluray-hindi-english:128
776,movie,Hindi,Game of Thrones S06 BluRay Hindi English,FAIL,,Browser blocked the media response (ORB; invalid or cross-origin media response),readyState=0; video=0x0; currentTime=0.00s; playing=False; progressed=False,2,2026-08-29T16:34:40+00:00,movie:game-of-thrones-s06-bluray-hindi-english:129
777,movie,Hindi,Game of Thrones S08 BluRay Hindi English,FAIL,,Browser blocked the media response (ORB; invalid or cross-origin media response),readyState=0; video=0x0; currentTime=0.00s; playing=False; progressed=False,2,2026-08-29T16:28:09+00:00,movie:game-of-thrones-s08-bluray-hindi-english:130
778,movie,Hindi,Laughter Chefs Unlimited Entertainment S03E72 Hindi,FAIL,,Browser blocked the media response (ORB; invalid or cross-origin media response),readyState=0; video=0x0; currentTime=0.00s; playing=False; progressed=False,2,2026-08-29T16:28:08+00:00,movie:laughter-chefs-unlimited-entertainment-s03e72-hindi:131
779,movie,Hindi,Made in India A Titan Story S01 Hindi,FAIL,,Browser blocked the media response (ORB; invalid or cross-origin media response),readyState=0; video=0x0; currentTime=0.00s; playing=False; progressed=False,2,2026-08-29T16:28:11+00:00,movie:made-in-india-a-titan-story-s01-hindi:132
780,movie,Hindi,Money Heist S03 hindi Complete,FAIL,,Browser blocked the media response (ORB; invalid or cross-origin media response),readyState=0; video=0x0; currentTime=0.00s; playing=False; progressed=False,2,2026-08-29T16:28:09+00:00,movie:money-heist-s03-hindi-complete:133
781,movie,Hindi,My Name S01E01 08 Hindi English Korean,FAIL,,Browser blocked the media response (ORB; invalid or cross-origin media response),readyState=0; video=0x0; currentTime=0.00s; playing=False; progressed=False,2,2026-08-29T16:29:04+00:00,movie:my-name-s01e01-08-hindi-english-korean:134
782,movie,Hindi,Tavvai,PASS,2.296,,readyState=4; video=1920x1080; currentTime=0.23s; playing=True; progressed=True,1,2026-08-29T16:08:15+00:00,movie:remote-manual-tavvai-2026:136
783,movie,Hindi,Mukhbir,PASS,2.141,,readyState=4; video=1920x1080; currentTime=0.22s; playing=True; progressed=True,1,2026-08-29T16:06:18+00:00,movie:remote-manual-mukhbir-2026:137
784,movie,Hindi,Pati Patni Aur Woh Do,PASS,2.922,,readyState=4; video=1920x806; currentTime=0.44s; playing=True; progressed=True,1,2026-08-29T16:06:29+00:00,movie:remote-manual-pati-patni-aur-woh-do-2026:138
785,movie,Hindi,Chhaava 2025 Hindi NF,FAIL,,Browser blocked the media response (ORB; invalid or cross-origin media response),readyState=0; video=0x0; currentTime=0.00s; playing=False; progressed=False,2,2026-08-29T16:29:05+00:00,movie:chhaava-2025-hindi-nf:139
786,movie,Hindi,Barzakh (2024) S01 Hindi,FAIL,,Browser blocked the media response (ORB; invalid or cross-origin media response),readyState=0; video=0x0; currentTime=0.00s; playing=False; progressed=False,2,2026-08-29T16:34:42+00:00,movie:barzakh-2024-s01-hindi:140
787,movie,Hindi,12th Fail (2023) Hindi DSNP,FAIL,,Browser blocked the media response (ORB; invalid or cross-origin media response),readyState=0; video=0x0; currentTime=0.00s; playing=False; progressed=False,2,2026-08-29T16:28:12+00:00,movie:12th-fail-2023-hindi-dsnp:141
788,movie,Hindi,Article 15 (2019) Hindi,FAIL,,Browser blocked the media response (ORB; invalid or cross-origin media response),readyState=0; video=0x0; currentTime=0.00s; playing=False; progressed=False,2,2026-08-29T16:28:10+00:00,movie:article-15-2019-hindi:142
789,movie,Hindi,Bharat (2019) Hindi,FAIL,,Browser blocked the media response (ORB; invalid or cross-origin media response),readyState=0; video=0x0; currentTime=0.00s; playing=False; progressed=False,2,2026-08-29T16:28:13+00:00,movie:bharat-2019-hindi:143
790,movie,Hindi,Asur 023 S01 Hindi Complete,FAIL,,Browser blocked the media response (ORB; invalid or cross-origin media response),readyState=0; video=0x0; currentTime=0.00s; playing=False; progressed=False,2,2026-08-29T16:28:12+00:00,movie:asur-023-s01-hindi-complete:144
791,movie,Hindi,Boss Level Hindi,FAIL,,Browser blocked the media response (ORB; invalid or cross-origin media response),readyState=0; video=0x0; currentTime=0.00s; playing=False; progressed=False,2,2026-08-29T16:29:06+00:00,movie:boss-level-hindi:145
792,movie,Hindi,Aashram 2022 S03 Hindi,FAIL,,Browser blocked the media response (ORB; invalid or cross-origin media response),readyState=0; video=0x0; currentTime=0.00s; playing=False; progressed=False,2,2026-08-29T16:29:07+00:00,movie:aashram-2022-s03-hindi:146
793,movie,Hindi,Aashiqui 1990 Hindi,FAIL,,Browser blocked the media response (ORB; invalid or cross-origin media response),readyState=0; video=0x0; currentTime=0.00s; playing=False; progressed=False,2,2026-08-29T16:34:45+00:00,movie:aashiqui-1990-hindi:147
794,movie,Hindi,Adarsh Baal Vidyalaya (2026) S01 Hindi,FAIL,,Browser blocked the media response (ORB; invalid or cross-origin media response),readyState=0; video=0x0; currentTime=0.00s; playing=False; progressed=False,2,2026-08-29T16:28:16+00:00,movie:adarsh-baal-vidyalaya-2026-s01-hindi:148
795,movie,Hindi,Chand Mera Dil 2026 Hindi,FAIL,,Browser blocked the media response (ORB; invalid or cross-origin media response),readyState=0; video=0x0; currentTime=0.00s; playing=False; progressed=False,2,2026-08-29T16:28:14+00:00,movie:chand-mera-dil-2026-hindi:149
796,movie,Hindi,Dacoit (2026) Hindi ORG,FAIL,,Browser blocked the media response (ORB; invalid or cross-origin media response),readyState=0; video=0x0; currentTime=0.00s; playing=False; progressed=False,2,2026-08-29T16:28:15+00:00,movie:dacoit-2026-hindi-org:150
797,movie,Hindi,Article 370 (2024) Hindi,FAIL,,Browser blocked the media response (ORB; invalid or cross-origin media response),readyState=0; video=0x0; currentTime=0.00s; playing=False; progressed=False,2,2026-08-29T16:28:14+00:00,movie:article-370-2024-hindi:151
798,movie,Hindi,Animal 2023 NF Hindi ORG,FAIL,,Browser blocked the media response (ORB; invalid or cross-origin media response),readyState=0; video=0x0; currentTime=0.00s; playing=False; progressed=False,2,2026-08-29T16:29:09+00:00,movie:animal-2023-nf-hindi-org:152
799,movie,Hindi,All of Us Are Dead (2022) Hindi S01,FAIL,,Browser blocked the media response (ORB; invalid or cross-origin media response),readyState=0; video=0x0; currentTime=0.00s; playing=False; progressed=False,2,2026-08-29T16:29:09+00:00,movie:all-of-us-are-dead-2022-hindi-s01:153
800,movie,Hindi,Chup Revenge of the Artist 2022 Hindi,FAIL,,Browser blocked the media response (ORB; invalid or cross-origin media response),readyState=0; video=0x0; currentTime=0.00s; playing=False; progressed=False,2,2026-08-29T16:34:47+00:00,movie:chup-revenge-of-the-artist-2022-hindi:154
801,movie,Hindi,Ammonite 2020 BluRay Hindi English,FAIL,,Browser blocked the media response (ORB; invalid or cross-origin media response),readyState=0; video=0x0; currentTime=0.00s; playing=False; progressed=False,2,2026-08-29T16:28:18+00:00,movie:ammonite-2020-bluray-hindi-english:155
802,movie,Hindi,Chhichhore 2019 Hindi,FAIL,,Browser blocked the media response (ORB; invalid or cross-origin media response),readyState=0; video=0x0; currentTime=0.00s; playing=False; progressed=False,2,2026-08-29T16:28:17+00:00,movie:chhichhore-2019-hindi:156
803,movie,Hindi,Bajirao Mastani 2015 BluRay Hindi,FAIL,,Browser blocked the media response (ORB; invalid or cross-origin media response),readyState=0; video=0x0; currentTime=0.00s; playing=False; progressed=False,2,2026-08-29T16:28:17+00:00,movie:bajirao-mastani-2015-bluray-hindi:157
804,movie,Hindi,Cocktail 2012 BluRay Hindi,FAIL,,Browser blocked the media response (ORB; invalid or cross-origin media response),readyState=0; video=0x0; currentTime=0.00s; playing=False; progressed=False,2,2026-08-29T16:28:16+00:00,movie:cocktail-2012-bluray-hindi:158
805,movie,Hindi,Auto Shankar S1 Hindi ZEE5 Original,FAIL,,Browser blocked the media response (ORB; invalid or cross-origin media response),readyState=0; video=0x0; currentTime=0.00s; playing=False; progressed=False,2,2026-08-29T16:29:11+00:00,movie:auto-shankar-s1-hindi-zee5-original:159
806,movie,Hindi,Big Mouth S01 Hindi Korean,FAIL,,Browser blocked the media response (ORB; invalid or cross-origin media response),readyState=0; video=0x0; currentTime=0.00s; playing=False; progressed=False,2,2026-08-29T16:29:11+00:00,movie:big-mouth-s01-hindi-korean:160
807,movie,English,Her Private Hell (2026) English,FAIL,,Browser blocked the media response (ORB; invalid or cross-origin media response),readyState=0; video=0x0; currentTime=0.00s; playing=False; progressed=False,2,2026-08-29T16:49:07+00:00,movie:her-private-hell-2026-english:0
808,movie,English,Motor City (2026) English,FAIL,,Browser blocked the media response (ORB; invalid or cross-origin media response),readyState=0; video=0x0; currentTime=0.00s; playing=False; progressed=False,2,2026-08-29T16:49:12+00:00,movie:motor-city-2026-english:1
809,movie,English,Agent Carter S01 English,FAIL,,Browser blocked the media response (ORB; invalid or cross-origin media response),readyState=0; video=0x0; currentTime=0.00s; playing=False; progressed=False,2,2026-08-29T16:49:14+00:00,movie:agent-carter-s01-english:2
810,movie,English,Agent Carter S02 English,FAIL,,Browser blocked the media response (ORB; invalid or cross-origin media response),readyState=0; video=0x0; currentTime=0.00s; playing=False; progressed=False,2,2026-08-29T16:49:17+00:00,movie:agent-carter-s02-english:3
811,movie,English,Monarch Legacy of Monsters S02E01 English,FAIL,,Browser blocked the media response (ORB; invalid or cross-origin media response),readyState=0; video=0x0; currentTime=0.00s; playing=False; progressed=False,2,2026-08-29T16:49:19+00:00,movie:monarch-legacy-of-monsters-s02e01-english:4
812,movie,English,Monarch Legacy of Monsters S02E02 English,FAIL,,Browser blocked the media response (ORB; invalid or cross-origin media response),readyState=0; video=0x0; currentTime=0.00s; playing=False; progressed=False,2,2026-08-29T16:49:22+00:00,movie:monarch-legacy-of-monsters-s02e02-english:5
813,movie,English,Backrooms,PASS,1.812,,readyState=4; video=1920x1038; currentTime=0.27s; playing=True; progressed=True,1,2026-08-29T16:04:43+00:00,movie:remote-manual-backrooms-2026:6
814,movie,English,Alien Invasion : Rise Of The Phoenix,PASS,3.312,,readyState=4; video=1920x804; currentTime=0.30s; playing=True; progressed=True,1,2026-08-29T16:04:46+00:00,movie:remote-manual-alien-invasion-rise-of-the-phoenix-2025:7
815,movie,English,He's All That,PASS,1.828,,readyState=4; video=1920x1036; currentTime=0.25s; playing=True; progressed=True,1,2026-08-29T16:04:48+00:00,movie:remote-manual-he-s-all-that-2021:8
816,movie,English,Toy Story 4,PASS,1.797,,readyState=4; video=1920x804; currentTime=0.32s; playing=True; progressed=True,1,2026-08-29T16:04:50+00:00,movie:remote-manual-toy-story-4-2019:9
817,movie,English,The Secret Life Of Pets 2,PASS,2.297,,readyState=4; video=1920x1036; currentTime=0.41s; playing=True; progressed=True,1,2026-08-29T16:04:52+00:00,movie:remote-manual-the-secret-life-of-pets-2-2019:10
818,movie,English,Toy Story,PASS,2.25,,readyState=4; video=1920x1080; currentTime=0.35s; playing=True; progressed=True,1,2026-08-29T16:04:55+00:00,movie:remote-manual-toy-story-1995:11
819,movie,English,Silo S03E08 English,FAIL,,Browser blocked the media response (ORB; invalid or cross-origin media response),readyState=0; video=0x0; currentTime=0.00s; playing=False; progressed=False,2,2026-08-29T16:49:26+00:00,movie:silo-s03e08-english:12
820,movie,English,Mutiny 2026 English,FAIL,,Browser blocked the media response (ORB; invalid or cross-origin media response),readyState=0; video=0x0; currentTime=0.00s; playing=False; progressed=False,2,2026-08-29T16:49:31+00:00,movie:mutiny-2026-english:13
821,movie,English,Sidelined 2: Intercepted,PASS,1.797,,readyState=4; video=1920x1080; currentTime=0.18s; playing=True; progressed=True,1,2026-08-29T16:05:05+00:00,movie:remote-manual-sidelined-2-intercepted-2025:14
822,movie,English,Fatale,PASS,2.859,,readyState=4; video=1920x804; currentTime=0.54s; playing=True; progressed=True,1,2026-08-29T16:05:08+00:00,movie:remote-manual-fatale-2020:15
823,movie,English,The Invisible Man,PASS,2.313,,readyState=4; video=1920x804; currentTime=0.28s; playing=True; progressed=True,1,2026-08-29T16:05:10+00:00,movie:remote-manual-the-invisible-man-2020:16
824,movie,English,Monster Beach,PASS,2.609,,readyState=4; video=1920x1080; currentTime=0.30s; playing=True; progressed=True,1,2026-08-29T16:05:13+00:00,movie:remote-manual-monster-beach-2014:17
825,movie,English,RED 2,PASS,2.265,,readyState=4; video=1920x800; currentTime=0.42s; playing=True; progressed=True,1,2026-08-29T16:05:15+00:00,movie:remote-manual-red-2-2013:18
826,movie,English,Casino Jack,PASS,1.765,,readyState=4; video=1920x816; currentTime=0.35s; playing=True; progressed=True,1,2026-08-29T16:05:17+00:00,movie:remote-manual-casino-jack-2010:19
827,movie,English,RED,PASS,1.5,,readyState=4; video=1920x800; currentTime=0.22s; playing=True; progressed=True,1,2026-08-29T16:05:19+00:00,movie:remote-manual-red-2010:20
828,movie,English,Robotrix,PASS,1.797,,readyState=4; video=1920x1080; currentTime=0.28s; playing=True; progressed=True,1,2026-08-29T16:05:21+00:00,movie:remote-manual-robotrix-1991:21
829,movie,English,The End Of Oak Street,PASS,1.5,,readyState=4; video=1918x800; currentTime=0.27s; playing=True; progressed=True,1,2026-08-29T16:05:22+00:00,movie:remote-manual-the-end-of-oak-street-2026:22
830,movie,English,To The Max,PASS,1.734,,readyState=4; video=1920x804; currentTime=0.33s; playing=True; progressed=True,1,2026-08-29T16:05:24+00:00,movie:remote-manual-to-the-max-2026:23
831,movie,English,All Night Wrong,PASS,2.218,,readyState=4; video=1920x800; currentTime=0.30s; playing=True; progressed=True,1,2026-08-29T16:05:26+00:00,movie:remote-manual-all-night-wrong-2026:24
832,movie,English,"My Best Friend, His Girlfriend And Me",PASS,2.641,,readyState=4; video=1920x816; currentTime=0.35s; playing=True; progressed=True,1,2026-08-29T16:05:29+00:00,movie:remote-manual-my-best-friend-his-girlfriend-and-me-2026:25
833,movie,English,Don't Say Good Luck,PASS,1.5,,readyState=4; video=1792x1080; currentTime=0.23s; playing=True; progressed=True,1,2026-08-29T16:05:31+00:00,movie:remote-manual-don-t-say-good-luck-2026:26
834,movie,English,Vampires Of The Velvet Lounge,PASS,4.297,,readyState=4; video=1920x960; currentTime=0.22s; playing=True; progressed=True,1,2026-08-29T16:05:35+00:00,movie:remote-manual-vampires-of-the-velvet-lounge-2026:27
835,movie,English,Night Nurse 2026 English,FAIL,,Browser blocked the media response (ORB; invalid or cross-origin media response),readyState=0; video=0x0; currentTime=0.00s; playing=False; progressed=False,2,2026-08-29T16:49:33+00:00,movie:night-nurse-2026-english:28
836,movie,English,Coma,PASS,2.296,,readyState=4; video=1920x804; currentTime=0.23s; playing=True; progressed=True,1,2026-08-29T16:05:41+00:00,movie:remote-manual-coma-2020:29
837,movie,English,Need For Speed,PASS,2.312,,readyState=4; video=1920x804; currentTime=0.27s; playing=True; progressed=True,1,2026-08-29T16:05:43+00:00,movie:remote-manual-need-for-speed-2014:30
838,movie,English,The Prestige,PASS,1.766,,readyState=4; video=1920x798; currentTime=0.30s; playing=True; progressed=True,1,2026-08-29T16:05:45+00:00,movie:remote-manual-the-prestige-2006:31
839,movie,English,Rabid,PASS,2.641,,readyState=4; video=1800x1080; currentTime=0.15s; playing=True; progressed=True,1,2026-08-29T16:05:48+00:00,movie:remote-manual-rabid-1977:32
840,movie,English,Night Nurse,PASS,1.531,,readyState=4; video=1924x1040; currentTime=0.29s; playing=True; progressed=True,1,2026-08-29T16:05:49+00:00,movie:remote-manual-night-nurse-2026:33
841,movie,English,Young Washington,PASS,1.875,,readyState=4; video=1920x800; currentTime=0.48s; playing=True; progressed=True,1,2026-08-29T16:05:51+00:00,movie:remote-manual-young-washington-2026:34
842,movie,English,"Our Hero, Balthazar",PASS,1.75,,readyState=4; video=1920x800; currentTime=0.32s; playing=True; progressed=True,1,2026-08-29T16:05:53+00:00,movie:remote-manual-our-hero-balthazar-2026:35
843,movie,English,In The Grey,PASS,1.766,,readyState=4; video=1920x1080; currentTime=0.29s; playing=True; progressed=True,1,2026-08-29T16:05:55+00:00,movie:remote-manual-in-the-grey-2026:36
844,movie,English,Teenage Sex and Death at Camp Miasma (2026) English HDTC,FAIL,,Browser blocked the media response (ORB; invalid or cross-origin media response),readyState=0; video=0x0; currentTime=0.00s; playing=False; progressed=False,2,2026-08-29T16:49:38+00:00,movie:teenage-sex-and-death-at-camp-miasma-2026-english-hdtc:37
845,movie,English,Stand Your Ground,PASS,2.938,,readyState=4; video=1920x804; currentTime=0.21s; playing=True; progressed=True,1,2026-08-29T16:06:02+00:00,movie:remote-manual-stand-your-ground-2025:38
846,movie,English,Barbarian,PASS,3.969,,readyState=4; video=1920x1036; currentTime=0.28s; playing=True; progressed=True,1,2026-08-29T16:06:06+00:00,movie:remote-manual-barbarian-2022:39
847,movie,English,Gold,PASS,1.797,,readyState=4; video=1920x804; currentTime=0.39s; playing=True; progressed=True,1,2026-08-29T16:06:08+00:00,movie:remote-manual-gold-2022:40
848,movie,English,Wind Walkers,PASS,3.172,,readyState=4; video=1920x817; currentTime=0.32s; playing=True; progressed=True,1,2026-08-29T16:06:11+00:00,movie:remote-manual-wind-walkers-2015:41
849,movie,English,Oculus,PASS,1.437,,readyState=4; video=1920x800; currentTime=0.27s; playing=True; progressed=True,1,2026-08-29T16:06:12+00:00,movie:remote-manual-oculus-2014:42
850,movie,English,Higher Learning,PASS,1.187,,readyState=4; video=1920x1040; currentTime=0.14s; playing=True; progressed=True,1,2026-08-29T16:06:14+00:00,movie:remote-manual-higher-learning-1995:43
851,movie,English,Zootopia (2022) S01 English,FAIL,,Browser blocked the media response (ORB; invalid or cross-origin media response),readyState=0; video=0x0; currentTime=0.00s; playing=False; progressed=False,2,2026-08-29T16:49:40+00:00,movie:zootopia-2022-s01-english:44
852,movie,English,Special Ops Lioness S01E01 08 English,FAIL,,Browser blocked the media response (ORB; invalid or cross-origin media response),readyState=0; video=0x0; currentTime=0.00s; playing=False; progressed=False,2,2026-08-29T16:49:43+00:00,movie:special-ops-lioness-s01e01-08-english:45
853,movie,English,The Furious (2026) English,FAIL,,Browser blocked the media response (ORB; invalid or cross-origin media response),readyState=0; video=0x0; currentTime=0.00s; playing=False; progressed=False,2,2026-08-29T16:49:45+00:00,movie:the-furious-2026-english:46
854,movie,English,RRR Behind Beyond (2024) English,FAIL,,Browser blocked the media response (ORB; invalid or cross-origin media response),readyState=0; video=0x0; currentTime=0.00s; playing=False; progressed=False,2,2026-08-29T16:49:48+00:00,movie:rrr-behind-beyond-2024-english:47
855,movie,English,Prison Break S02 E01 22 BluRay English,FAIL,,Browser blocked the media response (ORB; invalid or cross-origin media response),readyState=0; video=0x0; currentTime=0.00s; playing=False; progressed=False,2,2026-08-29T16:49:50+00:00,movie:prison-break-s02-e01-22-bluray-english:48
856,movie,English,Silo S01 E01 10 English,FAIL,,Browser blocked the media response (ORB; invalid or cross-origin media response),readyState=0; video=0x0; currentTime=0.00s; playing=False; progressed=False,2,2026-08-29T16:49:53+00:00,movie:silo-s01-e01-10-english:49
857,movie,English,Banshee S01 English,FAIL,,Browser blocked the media response (ORB; invalid or cross-origin media response),readyState=0; video=0x0; currentTime=0.00s; playing=False; progressed=False,2,2026-08-29T16:49:55+00:00,movie:banshee-s01-english:50
858,movie,Hindi Dubbed,[Saanwri (2026) Bengali,FAIL,,Browser blocked the media response (ORB; invalid or cross-origin media response),readyState=0; video=0x0; currentTime=0.00s; playing=False; progressed=False,2,2026-08-29T16:34:56+00:00,movie:saanwri-2026-bengali:0
859,movie,Hindi Dubbed,Corporate Retreat (2026) Hindi Dubbed,FAIL,,Browser blocked the media response (ORB; invalid or cross-origin media response),readyState=0; video=0x0; currentTime=0.00s; playing=False; progressed=False,2,2026-08-29T16:35:34+00:00,movie:corporate-retreat-2026-hindi-dubbed:1
860,movie,Hindi Dubbed,Evil Dead Burn (2026) Dual,FAIL,,Browser blocked the media response (ORB; invalid or cross-origin media response),readyState=0; video=0x0; currentTime=0.00s; playing=False; progressed=False,2,2026-08-29T16:35:45+00:00,movie:evil-dead-burn-2026-dual:2
861,movie,Hindi Dubbed,Khejdi (2026) Bengali Dubbed,FAIL,,Browser blocked the media response (ORB; invalid or cross-origin media response),readyState=0; video=0x0; currentTime=0.00s; playing=False; progressed=False,2,2026-08-29T16:35:49+00:00,movie:khejdi-2026-bengali-dubbed:3
862,movie,Hindi Dubbed,Mindiyum Paranjum (2026) Bengali Dubbed,FAIL,,Browser blocked the media response (ORB; invalid or cross-origin media response),readyState=0; video=0x0; currentTime=0.00s; playing=False; progressed=False,2,2026-08-29T16:36:18+00:00,movie:mindiyum-paranjum-2026-bengali-dubbed:4
863,movie,Hindi Dubbed,Arafta (2026) S02E09 Hindi Dubbed,FAIL,,Browser blocked the media response (ORB; invalid or cross-origin media response),readyState=0; video=0x0; currentTime=0.00s; playing=False; progressed=False,2,2026-08-29T16:36:31+00:00,movie:arafta-2026-s02e09-hindi-dubbed:5
864,movie,Hindi Dubbed,Arafta (2026) S02E10 Hindi Dubbed,FAIL,,Browser blocked the media response (ORB; invalid or cross-origin media response),readyState=0; video=0x0; currentTime=0.00s; playing=False; progressed=False,2,2026-08-29T16:36:34+00:00,movie:arafta-2026-s02e10-hindi-dubbed:6
865,movie,Hindi Dubbed,Psycho Killer (2026) Hindi Dubbed,FAIL,,Browser blocked the media response (ORB; invalid or cross-origin media response),readyState=0; video=0x0; currentTime=0.00s; playing=False; progressed=False,2,2026-08-29T16:36:38+00:00,movie:psycho-killer-2026-hindi-dubbed:7
866,movie,Hindi Dubbed,Star Trek Starfleet Academy (2026) S01 Hindi Dubbed,FAIL,,Browser blocked the media response (ORB; invalid or cross-origin media response),readyState=0; video=0x0; currentTime=0.00s; playing=False; progressed=False,2,2026-08-29T16:37:08+00:00,movie:star-trek-starfleet-academy-2026-s01-hindi-dubbed:8
867,movie,Hindi Dubbed,Surrender (2025) Dual,FAIL,,Browser blocked the media response (ORB; invalid or cross-origin media response),readyState=0; video=0x0; currentTime=0.00s; playing=False; progressed=False,2,2026-08-29T16:37:18+00:00,movie:surrender-2025-dual:9
868,movie,Hindi Dubbed,The Wedding Banquet (2025) Hindi Dubbed,FAIL,,Browser blocked the media response (ORB; invalid or cross-origin media response),readyState=0; video=0x0; currentTime=0.00s; playing=False; progressed=False,2,2026-08-29T16:34:58+00:00,movie:the-wedding-banquet-2025-hindi-dubbed:10
869,movie,Hindi Dubbed,Veera Dheera Sooran P2 2025 Bengali ORG,FAIL,,Browser blocked the media response (ORB; invalid or cross-origin media response),readyState=0; video=0x0; currentTime=0.00s; playing=False; progressed=False,2,2026-08-29T16:35:37+00:00,movie:veera-dheera-sooran-p2-2025-bengali-org:11
870,movie,Hindi Dubbed,Mirai (2025) Dual Audio,FAIL,,Browser blocked the media response (ORB; invalid or cross-origin media response),readyState=0; video=0x0; currentTime=0.00s; playing=False; progressed=False,2,2026-08-29T16:35:48+00:00,movie:mirai-2025-dual-audio:12
871,movie,Hindi Dubbed,Surrender (2025) Bengali Dubbed Uncut,FAIL,,Browser blocked the media response (ORB; invalid or cross-origin media response),readyState=0; video=0x0; currentTime=0.00s; playing=False; progressed=False,2,2026-08-29T16:35:51+00:00,movie:surrender-2025-bengali-dubbed-uncut:13
872,movie,Hindi Dubbed,The American Dream (2025) Bengali Dubbed,FAIL,,Browser blocked the media response (ORB; invalid or cross-origin media response),readyState=0; video=0x0; currentTime=0.00s; playing=False; progressed=False,2,2026-08-29T16:36:20+00:00,movie:the-american-dream-2025-bengali-dubbed:14
873,movie,Hindi Dubbed,Love Reddy (2024) Uncut Dual Audio,FAIL,,Browser blocked the media response (ORB; invalid or cross-origin media response),readyState=0; video=0x0; currentTime=0.00s; playing=False; progressed=False,2,2026-08-29T16:36:34+00:00,movie:love-reddy-2024-uncut-dual-audio:15
874,movie,Hindi Dubbed,Sabari 2024 Bengali ORG,FAIL,,Browser blocked the media response (ORB; invalid or cross-origin media response),readyState=0; video=0x0; currentTime=0.00s; playing=False; progressed=False,2,2026-08-29T16:36:36+00:00,movie:sabari-2024-bengali-org:16
875,movie,Hindi Dubbed,Tekken 2 2024 Bangla Dubbed,FAIL,,Browser blocked the media response (ORB; invalid or cross-origin media response),readyState=0; video=0x0; currentTime=0.00s; playing=False; progressed=False,2,2026-08-29T16:36:40+00:00,movie:tekken-2-2024-bangla-dubbed:17
876,movie,Hindi Dubbed,My Strange Hero (2024) S01E16 Bengali Dubbed ORG,FAIL,,Browser blocked the media response (ORB; invalid or cross-origin media response),readyState=0; video=0x0; currentTime=0.00s; playing=False; progressed=False,2,2026-08-29T16:37:11+00:00,movie:my-strange-hero-2024-s01e16-bengali-dubbed-org:18
877,movie,Hindi Dubbed,Madhura Manohara Moham (2023) Dual Audio Hindi ORG,FAIL,,Browser blocked the media response (ORB; invalid or cross-origin media response),readyState=0; video=0x0; currentTime=0.00s; playing=False; progressed=False,2,2026-08-29T16:37:21+00:00,movie:madhura-manohara-moham-2023-dual-audio-hindi-org:19
878,movie,Hindi Dubbed,Goblin Nisshongo Ek Debotar Golpo (2023) S01E01 10 Bengali Dubbed ORG,FAIL,,Browser blocked the media response (ORB; invalid or cross-origin media response),readyState=0; video=0x0; currentTime=0.00s; playing=False; progressed=False,2,2026-08-29T16:35:01+00:00,movie:goblin-nisshongo-ek-debotar-golpo-2023-s01e01-10-bengali-dubbed-org:20
879,movie,Hindi Dubbed,What If S02E04 2023 Hindi HQ Dub,FAIL,,Browser blocked the media response (ORB; invalid or cross-origin media response),readyState=0; video=0x0; currentTime=0.00s; playing=False; progressed=False,2,2026-08-29T16:35:39+00:00,movie:what-if-s02e04-2023-hindi-hq-dub:21
880,movie,Hindi Dubbed,My Eyes Are Full of You (2022) S01 Dual Audio,FAIL,,Browser blocked the media response (ORB; invalid or cross-origin media response),readyState=0; video=0x0; currentTime=0.00s; playing=False; progressed=False,2,2026-08-29T16:35:50+00:00,movie:my-eyes-are-full-of-you-2022-s01-dual-audio:22
881,movie,Hindi Dubbed,Swapnabaj 2022 Bengali Dubbed,FAIL,,Browser blocked the media response (ORB; invalid or cross-origin media response),readyState=0; video=0x0; currentTime=0.00s; playing=False; progressed=False,2,2026-08-29T16:35:54+00:00,movie:swapnabaj-2022-bengali-dubbed:23
882,movie,Hindi Dubbed,Khoj Kanabadutaledu (2021) Bengali ORG,FAIL,,Browser blocked the media response (ORB; invalid or cross-origin media response),readyState=0; video=0x0; currentTime=0.00s; playing=False; progressed=False,2,2026-08-29T16:36:24+00:00,movie:khoj-kanabadutaledu-2021-bengali-org:24
883,movie,Hindi Dubbed,Overlord 2018 BRRip Hindi Dual Audio,FAIL,,Browser blocked the media response (ORB; invalid or cross-origin media response),readyState=0; video=0x0; currentTime=0.00s; playing=False; progressed=False,2,2026-08-29T16:36:36+00:00,movie:overlord-2018-brrip-hindi-dual-audio:25
884,movie,Hindi Dubbed,DJ Duvvada Jagannadham 2017 Bengali Dubbed,FAIL,,Browser blocked the media response (ORB; invalid or cross-origin media response),readyState=0; video=0x0; currentTime=0.00s; playing=False; progressed=False,2,2026-08-29T16:36:38+00:00,movie:dj-duvvada-jagannadham-2017-bengali-dubbed:26
885,movie,Hindi Dubbed,Twenty (2015) Dual Audio,FAIL,,Browser blocked the media response (ORB; invalid or cross-origin media response),readyState=0; video=0x0; currentTime=0.00s; playing=False; progressed=False,2,2026-08-29T16:36:42+00:00,movie:twenty-2015-dual-audio:27
886,movie,Hindi Dubbed,Looper 2012 BrRip Dual Audio,FAIL,,Browser blocked the media response (ORB; invalid or cross-origin media response),readyState=0; video=0x0; currentTime=0.00s; playing=False; progressed=False,2,2026-08-29T16:37:13+00:00,movie:looper-2012-brrip-dual-audio:28
887,movie,Hindi Dubbed,The River Wild (1994) BluRay Dual Audio Hindi English,FAIL,,Browser blocked the media response (ORB; invalid or cross-origin media response),readyState=0; video=0x0; currentTime=0.00s; playing=False; progressed=False,2,2026-08-29T16:37:23+00:00,movie:the-river-wild-1994-bluray-dual-audio-hindi-english:29
888,movie,Hindi Dubbed,Ananta Bhalobasha S01E07 Bangla Dubbed,FAIL,,Browser blocked the media response (ORB; invalid or cross-origin media response),readyState=0; video=0x0; currentTime=0.00s; playing=False; progressed=False,2,2026-08-29T16:35:05+00:00,movie:ananta-bhalobasha-s01e07-bangla-dubbed:30
889,movie,Hindi Dubbed,Ananta Bhalobasha S01E08 Bangla Dubbed,FAIL,,Browser blocked the media response (ORB; invalid or cross-origin media response),readyState=0; video=0x0; currentTime=0.00s; playing=False; progressed=False,2,2026-08-29T16:35:44+00:00,movie:ananta-bhalobasha-s01e08-bangla-dubbed:31
890,movie,Hindi Dubbed,Ananta Bhalobasha S01E09 Bangla Dubbed,FAIL,,Browser blocked the media response (ORB; invalid or cross-origin media response),readyState=0; video=0x0; currentTime=0.00s; playing=False; progressed=False,2,2026-08-29T16:35:52+00:00,movie:ananta-bhalobasha-s01e09-bangla-dubbed:32
891,movie,Hindi Dubbed,Ananta Bhalobasha S01E10 Bangla Dubbed,FAIL,,Browser blocked the media response (ORB; invalid or cross-origin media response),readyState=0; video=0x0; currentTime=0.00s; playing=False; progressed=False,2,2026-08-29T16:35:58+00:00,movie:ananta-bhalobasha-s01e10-bangla-dubbed:33
892,movie,Hindi Dubbed,Ananta Bhalobasha S01E11 Bangla Dubbed,FAIL,,Browser blocked the media response (ORB; invalid or cross-origin media response),readyState=0; video=0x0; currentTime=0.00s; playing=False; progressed=False,2,2026-08-29T16:36:27+00:00,movie:ananta-bhalobasha-s01e11-bangla-dubbed:34
893,movie,Hindi Dubbed,Mirapakay Missile,FAIL,,Browser blocked the media response (ORB; invalid or cross-origin media response),readyState=0; video=0x0; currentTime=0.00s; playing=False; progressed=False,2,2026-08-29T16:36:38+00:00,movie:mirapakay-missile:35
894,movie,Hindi Dubbed,I Want to Eat Your Pancreas Hindi Dubbed unofficial,FAIL,,Browser blocked the media response (ORB; invalid or cross-origin media response),readyState=0; video=0x0; currentTime=0.00s; playing=False; progressed=False,2,2026-08-29T16:36:40+00:00,movie:i-want-to-eat-your-pancreas-hindi-dubbed-unofficial:36
895,movie,Hindi Dubbed,Parker Hindi Dubbed,FAIL,,Browser blocked the media response (ORB; invalid or cross-origin media response),readyState=0; video=0x0; currentTime=0.00s; playing=False; progressed=False,2,2026-08-29T16:36:44+00:00,movie:parker-hindi-dubbed:37
896,movie,Hindi Dubbed,Piranha 3DD Hindi Dubbed,FAIL,,Browser blocked the media response (ORB; invalid or cross-origin media response),readyState=0; video=0x0; currentTime=0.00s; playing=False; progressed=False,2,2026-08-29T16:37:15+00:00,movie:piranha-3dd-hindi-dubbed:38
897,movie,Hindi Dubbed,Pyaar Prema Kalyanam,PASS,2.187,,readyState=4; video=1920x804; currentTime=0.39s; playing=True; progressed=True,1,2026-08-29T16:13:38+00:00,movie:remote-manual-pyaar-prema-kalyanam-2026:39
898,movie,Hindi Dubbed,Jana Nayagan,PASS,1.906,,readyState=4; video=1920x804; currentTime=0.35s; playing=True; progressed=True,1,2026-08-29T16:07:07+00:00,movie:remote-manual-jana-nayagan-2026:40
899,movie,Hindi Dubbed,Chennai Love Story,PASS,1.797,,readyState=4; video=1920x802; currentTime=0.43s; playing=True; progressed=True,1,2026-08-29T16:07:15+00:00,movie:remote-manual-chennai-love-story-2026:41
900,movie,Hindi Dubbed,The Fingerprint Murders,PASS,1.609,,readyState=4; video=1920x1080; currentTime=0.17s; playing=True; progressed=True,1,2026-08-29T16:09:33+00:00,movie:remote-manual-the-fingerprint-murders-2026:42
901,movie,Hindi Dubbed,Dream Girl,PASS,1.64,,readyState=4; video=1920x1080; currentTime=0.15s; playing=True; progressed=True,1,2026-08-29T16:11:49+00:00,movie:remote-manual-dream-girl-2026:43
902,movie,Hindi Dubbed,Chompoo Lost and Forgotten 2026 Hindi Dubbed,FAIL,,Browser blocked the media response (ORB; invalid or cross-origin media response),readyState=0; video=0x0; currentTime=0.00s; playing=False; progressed=False,2,2026-08-29T16:37:26+00:00,movie:chompoo-lost-and-forgotten-2026-hindi-dubbed:44
903,movie,Hindi Dubbed,College Kalavida,PASS,2.344,,readyState=4; video=1920x1080; currentTime=0.35s; playing=True; progressed=True,1,2026-08-29T16:07:09+00:00,movie:remote-manual-college-kalavida-2025:45
904,movie,Hindi Dubbed,Ramana Avatara,PASS,5.453,,readyState=4; video=1920x1080; currentTime=0.28s; playing=True; progressed=True,1,2026-08-29T16:07:20+00:00,movie:remote-manual-ramana-avatara-2024:46
905,movie,Hindi Dubbed,Ananta Bhalobasha S01E05 Bangla Dubbed,FAIL,,Browser blocked the media response (ORB; invalid or cross-origin media response),readyState=0; video=0x0; currentTime=0.00s; playing=False; progressed=False,2,2026-08-29T16:35:09+00:00,movie:ananta-bhalobasha-s01e05-bangla-dubbed:47
906,movie,Hindi Dubbed,Ananta Bhalobasha S01E06 Bangla Dubbed,FAIL,,Browser blocked the media response (ORB; invalid or cross-origin media response),readyState=0; video=0x0; currentTime=0.00s; playing=False; progressed=False,2,2026-08-29T16:35:48+00:00,movie:ananta-bhalobasha-s01e06-bangla-dubbed:48
907,movie,Hindi Dubbed,Lenin,PASS,1.938,,readyState=4; video=1920x804; currentTime=0.23s; playing=True; progressed=True,1,2026-08-29T16:13:42+00:00,movie:remote-manual-lenin-2026:49
908,movie,Hindi Dubbed,Srinivasa Mangapuram,PASS,2.078,,readyState=4; video=1920x816; currentTime=0.24s; playing=True; progressed=True,1,2026-08-29T16:07:11+00:00,movie:remote-manual-srinivasa-mangapuram-2026:50
909,movie,Hindi Dubbed,Dheeram,PASS,1.765,,readyState=4; video=1920x800; currentTime=0.29s; playing=True; progressed=True,1,2026-08-29T16:07:22+00:00,movie:remote-manual-dheeram-2025:51
910,movie,Hindi Dubbed,Transformers 5 2017 BluRay Dual Audio,FAIL,,Browser blocked the media response (ORB; invalid or cross-origin media response),readyState=0; video=0x0; currentTime=0.00s; playing=False; progressed=False,2,2026-08-29T16:35:54+00:00,movie:transformers-5-2017-bluray-dual-audio:52
911,movie,Hindi Dubbed,Real Steel (2011) Dual Audio BluRay,FAIL,,Browser blocked the media response (ORB; invalid or cross-origin media response),readyState=0; video=0x0; currentTime=0.00s; playing=False; progressed=False,2,2026-08-29T16:36:00+00:00,movie:real-steel-2011-dual-audio-bluray:53
912,movie,Hindi Dubbed,Ananta Bhalobasha S01E04 Bangla Dubbed,FAIL,,Browser blocked the media response (ORB; invalid or cross-origin media response),readyState=0; video=0x0; currentTime=0.00s; playing=False; progressed=False,2,2026-08-29T16:36:29+00:00,movie:ananta-bhalobasha-s01e04-bangla-dubbed:54
913,movie,Hindi Dubbed,Normal People S1 Hindi Dubbed,FAIL,,Browser blocked the media response (ORB; invalid or cross-origin media response),readyState=0; video=0x0; currentTime=0.00s; playing=False; progressed=False,2,2026-08-29T16:36:40+00:00,movie:normal-people-s1-hindi-dubbed:55
914,movie,Hindi Dubbed,Heartin,PASS,2.141,,readyState=4; video=1920x800; currentTime=0.36s; playing=True; progressed=True,1,2026-08-29T16:07:24+00:00,movie:remote-manual-heartin-2026:56
915,movie,Hindi Dubbed,DC,PASS,1.641,,readyState=4; video=1920x800; currentTime=0.32s; playing=True; progressed=True,1,2026-08-29T16:09:41+00:00,movie:remote-manual-dc-2026:57
916,movie,Hindi Dubbed,Kuruthi 2021 HQ Hindi Dubbed,FAIL,,Browser blocked the media response (ORB; invalid or cross-origin media response),readyState=0; video=0x0; currentTime=0.00s; playing=False; progressed=False,2,2026-08-29T16:36:42+00:00,movie:kuruthi-2021-hq-hindi-dubbed:58
917,movie,Hindi Dubbed,Kadakh,PASS,2.172,,readyState=4; video=1920x1080; currentTime=0.35s; playing=True; progressed=True,1,2026-08-29T16:13:47+00:00,movie:remote-manual-kadakh-2020:59
918,movie,Hindi Dubbed,Kuberaa (2026) Bengali Dubbed,FAIL,,Browser blocked the media response (ORB; invalid or cross-origin media response),readyState=0; video=0x0; currentTime=0.00s; playing=False; progressed=False,2,2026-08-29T16:36:46+00:00,movie:kuberaa-2026-bengali-dubbed:61
919,movie,Hindi Dubbed,Mass Jathara (2025) Bengali Dubbed Uncut,FAIL,,Browser blocked the media response (ORB; invalid or cross-origin media response),readyState=0; video=0x0; currentTime=0.00s; playing=False; progressed=False,2,2026-08-29T16:37:18+00:00,movie:mass-jathara-2025-bengali-dubbed-uncut:62
920,movie,Hindi Dubbed,Genie Make a Wish (2025) S01 Dual Audio,FAIL,,Browser blocked the media response (ORB; invalid or cross-origin media response),readyState=0; video=0x0; currentTime=0.00s; playing=False; progressed=False,2,2026-08-29T16:37:28+00:00,movie:genie-make-a-wish-2025-s01-dual-audio:63
921,movie,Hindi Dubbed,Sarkar 2018 dual,FAIL,,Browser blocked the media response (ORB; invalid or cross-origin media response),readyState=0; video=0x0; currentTime=0.00s; playing=False; progressed=False,2,2026-08-29T16:35:11+00:00,movie:sarkar-2018-dual:60
922,movie,Hindi Dubbed,Ananta Bhalobasha S01E01 02 Bangla Dubbed,FAIL,,Browser blocked the media response (ORB; invalid or cross-origin media response),readyState=0; video=0x0; currentTime=0.00s; playing=False; progressed=False,2,2026-08-29T16:35:52+00:00,movie:ananta-bhalobasha-s01e01-02-bangla-dubbed:64
923,movie,Hindi Dubbed,Chikoo Bunty: The Detective Bros,PASS,1.781,,readyState=4; video=1920x1080; currentTime=0.23s; playing=True; progressed=True,1,2026-08-29T16:07:18+00:00,movie:remote-manual-chikoo-bunty-the-detective-bros-2026:65
924,movie,Hindi Dubbed,Kaalidas 2,PASS,2.938,,readyState=4; video=1920x800; currentTime=0.38s; playing=True; progressed=True,1,2026-08-29T16:07:29+00:00,movie:remote-manual-kaalidas-2-2026:66
925,movie,Hindi Dubbed,Lockdown,PASS,1.703,,readyState=4; video=1920x804; currentTime=0.20s; playing=True; progressed=True,1,2026-08-29T16:09:46+00:00,movie:remote-manual-lockdown-2026:67
926,movie,Hindi Dubbed,Euphoria,PASS,2.093,,readyState=4; video=1920x808; currentTime=0.38s; playing=True; progressed=True,1,2026-08-29T16:12:04+00:00,movie:remote-manual-euphoria-2026:68
927,movie,Hindi Dubbed,Aroopi,PASS,1.906,,readyState=4; video=1920x800; currentTime=0.33s; playing=True; progressed=True,1,2026-08-29T16:13:54+00:00,movie:remote-manual-aroopi-2026:69
928,movie,Hindi Dubbed,G.D.N,PASS,3.735,,readyState=4; video=1920x800; currentTime=0.37s; playing=True; progressed=True,1,2026-08-29T16:07:22+00:00,movie:remote-manual-g-d-n-2026:70
929,movie,Hindi Dubbed,Achyuta Avataaram,PASS,1.5,,readyState=4; video=1920x800; currentTime=0.27s; playing=True; progressed=True,1,2026-08-29T16:07:31+00:00,movie:remote-manual-achyuta-avataaram-2026:71
930,movie,Hindi Dubbed,Moda Kavida Vaatavarana,PASS,2.312,,readyState=4; video=1920x800; currentTime=0.27s; playing=True; progressed=True,1,2026-08-29T16:09:48+00:00,movie:remote-manual-moda-kavida-vaatavarana-2026:72
931,movie,Hindi Dubbed,Kattalan,PASS,1.969,,readyState=4; video=1920x804; currentTime=0.35s; playing=True; progressed=True,1,2026-08-29T16:12:06+00:00,movie:remote-manual-kattalan-2026:73
932,movie,Hindi Dubbed,Godari Gattupaina,PASS,3.079,,readyState=4; video=1920x800; currentTime=0.34s; playing=True; progressed=True,1,2026-08-29T16:13:57+00:00,movie:remote-manual-godari-gattupaina-2026:74
933,movie,Hindi Dubbed,Idhayam Murali,PASS,1.547,,readyState=4; video=1920x804; currentTime=0.36s; playing=True; progressed=True,1,2026-08-29T16:07:24+00:00,movie:remote-manual-idhayam-murali-2026:75
934,movie,Hindi Dubbed,Sahasam,PASS,6.735,,readyState=4; video=1920x804; currentTime=0.30s; playing=True; progressed=True,1,2026-08-29T16:07:38+00:00,movie:remote-manual-sahasam-2025:76
935,movie,Hindi Dubbed,Pongala,PASS,1.985,,readyState=4; video=1920x800; currentTime=0.42s; playing=True; progressed=True,1,2026-08-29T16:09:50+00:00,movie:remote-manual-pongala-2025:77
936,movie,Hindi Dubbed,45,PASS,1.656,,readyState=4; video=1920x804; currentTime=0.33s; playing=True; progressed=True,1,2026-08-29T16:12:08+00:00,movie:remote-manual-45-2025:78
937,movie,Hindi Dubbed,The Devil,PASS,2.453,,readyState=4; video=1920x804; currentTime=0.30s; playing=True; progressed=True,1,2026-08-29T16:14:00+00:00,movie:remote-manual-the-devil-2025:79
938,movie,Hindi Dubbed,Honeymoon Express,PASS,1.843,,readyState=4; video=1920x800; currentTime=0.33s; playing=True; progressed=True,1,2026-08-29T16:07:26+00:00,movie:remote-manual-honeymoon-express-2024:80
939,movie,Hindi Dubbed,Kadina Kadoramee Andakadaham,PASS,1.828,,readyState=4; video=1920x1080; currentTime=0.21s; playing=True; progressed=True,1,2026-08-29T16:07:40+00:00,movie:remote-manual-kadina-kadoramee-andakadaham-2023:81
940,movie,Hindi Dubbed,Flashback (2023) Hindi Dubbed ORG,FAIL,,Browser blocked the media response (ORB; invalid or cross-origin media response),readyState=0; video=0x0; currentTime=0.00s; playing=False; progressed=False,2,2026-08-29T16:35:56+00:00,movie:flashback-2023-hindi-dubbed-org:82
941,movie,Hindi Dubbed,The Dunes (2019) Dual Audio Hindi English,FAIL,,Browser blocked the media response (ORB; invalid or cross-origin media response),readyState=0; video=0x0; currentTime=0.00s; playing=False; progressed=False,2,2026-08-29T16:36:02+00:00,movie:the-dunes-2019-dual-audio-hindi-english:83
942,movie,Hindi Dubbed,The Gorge 2025 Hindi Dub HQ,FAIL,,Browser blocked the media response (ORB; invalid or cross-origin media response),readyState=0; video=0x0; currentTime=0.00s; playing=False; progressed=False,2,2026-08-29T16:36:31+00:00,movie:the-gorge-2025-hindi-dub-hq:84
943,movie,Hindi Dubbed,The Monkey (2025) Dual Audio,FAIL,,Browser blocked the media response (ORB; invalid or cross-origin media response),readyState=0; video=0x0; currentTime=0.00s; playing=False; progressed=False,2,2026-08-29T16:36:43+00:00,movie:the-monkey-2025-dual-audio:85
944,movie,Hindi Dubbed,The Terminal List 2022 S01 Dual Audio Hindi ORG,FAIL,,Browser blocked the media response (ORB; invalid or cross-origin media response),readyState=0; video=0x0; currentTime=0.00s; playing=False; progressed=False,2,2026-08-29T16:36:45+00:00,movie:the-terminal-list-2022-s01-dual-audio-hindi-org:86
945,movie,Hindi Dubbed,Sonic the Hedgehog 2020 Hindi ORG Dual Audio BluRay,FAIL,,Browser blocked the media response (ORB; invalid or cross-origin media response),readyState=0; video=0x0; currentTime=0.00s; playing=False; progressed=False,2,2026-08-29T16:36:48+00:00,movie:sonic-the-hedgehog-2020-hindi-org-dual-audio-bluray:87
946,movie,Hindi Dubbed,Fantastic Four (2015) Dual Audio,FAIL,,Browser blocked the media response (ORB; invalid or cross-origin media response),readyState=0; video=0x0; currentTime=0.00s; playing=False; progressed=False,2,2026-08-29T16:37:20+00:00,movie:fantastic-four-2015-dual-audio:88
947,movie,Hindi Dubbed,Pain and Gain (2013) Dual Audio Hindi BluRay,FAIL,,Browser blocked the media response (ORB; invalid or cross-origin media response),readyState=0; video=0x0; currentTime=0.00s; playing=False; progressed=False,2,2026-08-29T16:37:31+00:00,movie:pain-and-gain-2013-dual-audio-hindi-bluray:89
948,movie,Hindi Dubbed,Insidious (2010) Dual Audio BluRay,FAIL,,Browser blocked the media response (ORB; invalid or cross-origin media response),readyState=0; video=0x0; currentTime=0.00s; playing=False; progressed=False,2,2026-08-29T16:35:14+00:00,movie:insidious-2010-dual-audio-bluray:90
949,movie,Hindi Dubbed,Ozark Season 2 Hindi Dubbed EP1 10,FAIL,,Browser blocked the media response (ORB; invalid or cross-origin media response),readyState=0; video=0x0; currentTime=0.00s; playing=False; progressed=False,2,2026-08-29T16:35:54+00:00,movie:ozark-season-2-hindi-dubbed-ep1-10:91
950,movie,Hindi Dubbed,The Expendables 2 Hindi Dubbed,FAIL,,Browser blocked the media response (ORB; invalid or cross-origin media response),readyState=0; video=0x0; currentTime=0.00s; playing=False; progressed=False,2,2026-08-29T16:35:58+00:00,movie:the-expendables-2-hindi-dubbed:92
951,movie,Hindi Dubbed,The Tudors S02 Hindi Dubbed,FAIL,,Browser blocked the media response (ORB; invalid or cross-origin media response),readyState=0; video=0x0; currentTime=0.00s; playing=False; progressed=False,2,2026-08-29T16:36:05+00:00,movie:the-tudors-s02-hindi-dubbed:93
952,movie,Hindi Dubbed,The Shannara Chronicles S01 E01 10 Hindi Dubbed,FAIL,,Browser blocked the media response (ORB; invalid or cross-origin media response),readyState=0; video=0x0; currentTime=0.00s; playing=False; progressed=False,2,2026-08-29T16:36:33+00:00,movie:the-shannara-chronicles-s01-e01-10-hindi-dubbed:94
953,movie,Hindi Dubbed,Light Shop (2024) S01 Dual Audio,FAIL,,Browser blocked the media response (ORB; invalid or cross-origin media response),readyState=0; video=0x0; currentTime=0.00s; playing=False; progressed=False,2,2026-08-29T16:36:45+00:00,movie:light-shop-2024-s01-dual-audio:95
954,movie,Hindi Dubbed,Sulthan (2023) Bengali Dubbed ORG,FAIL,,Browser blocked the media response (ORB; invalid or cross-origin media response),readyState=0; video=0x0; currentTime=0.00s; playing=False; progressed=False,2,2026-08-29T16:36:47+00:00,movie:sulthan-2023-bengali-dubbed-org:96
955,movie,Hindi Dubbed,Diary (2022) Hindi HQ Dubbed,FAIL,,Browser blocked the media response (ORB; invalid or cross-origin media response),readyState=0; video=0x0; currentTime=0.00s; playing=False; progressed=False,2,2026-08-29T16:36:51+00:00,movie:diary-2022-hindi-hq-dubbed:97
956,movie,Hindi Dubbed,Nobody 2021 BluRay,FAIL,,Browser blocked the media response (ORB; invalid or cross-origin media response),readyState=0; video=0x0; currentTime=0.00s; playing=False; progressed=False,2,2026-08-29T16:37:23+00:00,movie:nobody-2021-bluray:98
957,movie,Hindi Dubbed,Skyfall (2012) Dual Audio BluRay,FAIL,,Browser blocked the media response (ORB; invalid or cross-origin media response),readyState=0; video=0x0; currentTime=0.00s; playing=False; progressed=False,2,2026-08-29T16:37:33+00:00,movie:skyfall-2012-dual-audio-bluray:99
958,movie,Hindi Dubbed,Tunnel Hindi Dubbed,FAIL,,Browser blocked the media response (ORB; invalid or cross-origin media response),readyState=0; video=0x0; currentTime=0.00s; playing=False; progressed=False,2,2026-08-29T16:35:16+00:00,movie:tunnel-hindi-dubbed:116
959,movie,Hindi Dubbed,Minions Monsters (2026) Dual,FAIL,,Browser blocked the media response (ORB; invalid or cross-origin media response),readyState=0; video=0x0; currentTime=0.00s; playing=False; progressed=False,2,2026-08-29T16:35:58+00:00,movie:minions-monsters-2026-dual:117
960,movie,Hindi Dubbed,Twinkling Watermelon (2025) S01 Hindi Dubbed,FAIL,,Browser blocked the media response (ORB; invalid or cross-origin media response),readyState=0; video=0x0; currentTime=0.00s; playing=False; progressed=False,2,2026-08-29T16:36:01+00:00,movie:twinkling-watermelon-2025-s01-hindi-dubbed:118
961,movie,Hindi Dubbed,Loki (2023) S02E02 Dual Audio D NP,FAIL,,Browser blocked the media response (ORB; invalid or cross-origin media response),readyState=0; video=0x0; currentTime=0.00s; playing=False; progressed=False,2,2026-08-29T16:36:07+00:00,movie:loki-2023-s02e02-dual-audio-d-np:119
962,movie,Hindi Dubbed,Kaduva (2022) Dual Audio,FAIL,,Browser blocked the media response (ORB; invalid or cross-origin media response),readyState=0; video=0x0; currentTime=0.00s; playing=False; progressed=False,2,2026-08-29T16:36:36+00:00,movie:kaduva-2022-dual-audio:120
963,movie,Hindi Dubbed,Forensic 2020 UNCUT Dual Audio Hindi Malayalam,FAIL,,Browser blocked the media response (ORB; invalid or cross-origin media response),readyState=0; video=0x0; currentTime=0.00s; playing=False; progressed=False,2,2026-08-29T16:36:47+00:00,movie:forensic-2020-uncut-dual-audio-hindi-malayalam:121
964,movie,Hindi Dubbed,Gumnaami Bangla 2019,FAIL,,Browser blocked the media response (ORB; invalid or cross-origin media response),readyState=0; video=0x0; currentTime=0.00s; playing=False; progressed=False,2,2026-08-29T16:36:49+00:00,movie:gumnaami-bangla-2019:122
965,movie,Hindi Dubbed,Hotel del Luna (2019) S01 Hindi Dubbed new,FAIL,,Browser blocked the media response (ORB; invalid or cross-origin media response),readyState=0; video=0x0; currentTime=0.00s; playing=False; progressed=False,2,2026-08-29T16:36:53+00:00,movie:hotel-del-luna-2019-s01-hindi-dubbed-new:123
966,movie,Hindi Dubbed,The Good Dinosaur 2015 BluRay Dual Audio Hindi English,FAIL,,Browser blocked the media response (ORB; invalid or cross-origin media response),readyState=0; video=0x0; currentTime=0.00s; playing=False; progressed=False,2,2026-08-29T16:37:25+00:00,movie:the-good-dinosaur-2015-bluray-dual-audio-hindi-english:124
967,movie,Hindi Dubbed,Insidious Chapter 3 2015 Dual Audio BluRay,FAIL,,Browser blocked the media response (ORB; invalid or cross-origin media response),readyState=0; video=0x0; currentTime=0.00s; playing=False; progressed=False,2,2026-08-29T16:37:37+00:00,movie:insidious-chapter-3-2015-dual-audio-bluray:125
968,movie,Hindi Dubbed,The Hobbit 1 2012 BluRay Dual Audio new,FAIL,,Browser blocked the media response (ORB; invalid or cross-origin media response),readyState=0; video=0x0; currentTime=0.00s; playing=False; progressed=False,2,2026-08-29T16:35:18+00:00,movie:the-hobbit-1-2012-bluray-dual-audio-new:126
969,movie,Hindi Dubbed,Tom and Jerry Meet Sherlock Holmes 2010 BRRip Hindi Dual Audio,FAIL,,Browser blocked the media response (ORB; invalid or cross-origin media response),readyState=0; video=0x0; currentTime=0.00s; playing=False; progressed=False,2,2026-08-29T16:36:01+00:00,movie:tom-and-jerry-meet-sherlock-holmes-2010-brrip-hindi-dual-audio:127
970,movie,Hindi Dubbed,Harry Potter and the Order of the Phoenix 2007 BluRay Dual Audio,FAIL,,Browser blocked the media response (ORB; invalid or cross-origin media response),readyState=0; video=0x0; currentTime=0.00s; playing=False; progressed=False,2,2026-08-29T16:36:03+00:00,movie:harry-potter-and-the-order-of-the-phoenix-2007-bluray-dual-audio:128
971,movie,Hindi Dubbed,Maryan Hindi Dubbed,FAIL,,Browser blocked the media response (ORB; invalid or cross-origin media response),readyState=0; video=0x0; currentTime=0.00s; playing=False; progressed=False,2,2026-08-29T16:36:09+00:00,movie:maryan-hindi-dubbed:129
972,movie,Hindi Dubbed,The Expendables 3 Hindi Dubbed,FAIL,,Browser blocked the media response (ORB; invalid or cross-origin media response),readyState=0; video=0x0; currentTime=0.00s; playing=False; progressed=False,2,2026-08-29T16:36:38+00:00,movie:the-expendables-3-hindi-dubbed:130
973,movie,Hindi Dubbed,Paathirathri (2026) Bengali Dubbed,FAIL,,Browser blocked the media response (ORB; invalid or cross-origin media response),readyState=0; video=0x0; currentTime=0.00s; playing=False; progressed=False,2,2026-08-29T16:36:49+00:00,movie:paathirathri-2026-bengali-dubbed:131
974,movie,Hindi Dubbed,Captain America Brave New World (2025) Dual Audio,FAIL,,Browser blocked the media response (ORB; invalid or cross-origin media response),readyState=0; video=0x0; currentTime=0.00s; playing=False; progressed=False,2,2026-08-29T16:36:51+00:00,movie:captain-america-brave-new-world-2025-dual-audio:132
975,movie,Hindi Dubbed,Eko 2025 Dual,FAIL,,Browser blocked the media response (ORB; invalid or cross-origin media response),readyState=0; video=0x0; currentTime=0.00s; playing=False; progressed=False,2,2026-08-29T16:36:55+00:00,movie:eko-2025-dual:133
976,movie,Hindi Dubbed,Officer on Duty (2025) Uncut Dual Audio NetFlix,FAIL,,Browser blocked the media response (ORB; invalid or cross-origin media response),readyState=0; video=0x0; currentTime=0.00s; playing=False; progressed=False,2,2026-08-29T16:37:27+00:00,movie:officer-on-duty-2025-uncut-dual-audio-netflix:134
977,movie,Hindi Dubbed,Dasara 2024 Bengali ORG,FAIL,,Browser blocked the media response (ORB; invalid or cross-origin media response),readyState=0; video=0x0; currentTime=0.00s; playing=False; progressed=False,2,2026-08-29T16:37:39+00:00,movie:dasara-2024-bengali-org:135
978,movie,Hindi Dubbed,My Strange Hero (2024) S01E01 Bengali Dubbed ORG,FAIL,,Browser blocked the media response (ORB; invalid or cross-origin media response),readyState=0; video=0x0; currentTime=0.00s; playing=False; progressed=False,2,2026-08-29T16:35:20+00:00,movie:my-strange-hero-2024-s01e01-bengali-dubbed-org:136
979,movie,Hindi Dubbed,Mangalavaaram (2023) Uncut Dual Audio,FAIL,,Browser blocked the media response (ORB; invalid or cross-origin media response),readyState=0; video=0x0; currentTime=0.00s; playing=False; progressed=False,2,2026-08-29T16:36:03+00:00,movie:mangalavaaram-2023-uncut-dual-audio:137
980,movie,Hindi Dubbed,Saba Nayagan 2023 HS DUAL Audio,FAIL,,Browser blocked the media response (ORB; invalid or cross-origin media response),readyState=0; video=0x0; currentTime=0.00s; playing=False; progressed=False,2,2026-08-29T16:36:05+00:00,movie:saba-nayagan-2023-hs-dual-audio:138
981,movie,Hindi Dubbed,Sarkaru Vaar Paata Nyayjuddho (2023) Bengali Dubbed,FAIL,,Browser blocked the media response (ORB; invalid or cross-origin media response),readyState=0; video=0x0; currentTime=0.00s; playing=False; progressed=False,2,2026-08-29T16:36:11+00:00,movie:sarkaru-vaar-paata-nyayjuddho-2023-bengali-dubbed:139
982,movie,Hindi Dubbed,The Tomorrow War 2021 Hindi dubbed,FAIL,,Browser blocked the media response (ORB; invalid or cross-origin media response),readyState=0; video=0x0; currentTime=0.00s; playing=False; progressed=False,2,2026-08-29T16:36:40+00:00,movie:the-tomorrow-war-2021-hindi-dubbed:140
983,movie,Hindi Dubbed,Johnny English Strikes Again 2018 BluRay Dual Audio Hindi English,FAIL,,Browser blocked the media response (ORB; invalid or cross-origin media response),readyState=0; video=0x0; currentTime=0.00s; playing=False; progressed=False,2,2026-08-29T16:36:51+00:00,movie:johnny-english-strikes-again-2018-bluray-dual-audio-hindi-english:141
984,movie,Hindi Dubbed,Lawless Lawyer (2018) S01 Hindi Dubbed,FAIL,,Browser blocked the media response (ORB; invalid or cross-origin media response),readyState=0; video=0x0; currentTime=0.00s; playing=False; progressed=False,2,2026-08-29T16:36:53+00:00,movie:lawless-lawyer-2018-s01-hindi-dubbed:142
985,movie,Hindi Dubbed,The Meg 2018 Dual Audio BluRay,FAIL,,Browser blocked the media response (ORB; invalid or cross-origin media response),readyState=0; video=0x0; currentTime=0.00s; playing=False; progressed=False,2,2026-08-29T16:36:57+00:00,movie:the-meg-2018-dual-audio-bluray:143
986,movie,Hindi Dubbed,Theeran 2018 Hindi Dubbed,FAIL,,Browser blocked the media response (ORB; invalid or cross-origin media response),readyState=0; video=0x0; currentTime=0.00s; playing=False; progressed=False,2,2026-08-29T16:37:30+00:00,movie:theeran-2018-hindi-dubbed:144
987,movie,Hindi Dubbed,The Mummy 4 2017 BluRay Dual Audio,FAIL,,Browser blocked the media response (ORB; invalid or cross-origin media response),readyState=0; video=0x0; currentTime=0.00s; playing=False; progressed=False,2,2026-08-29T16:37:42+00:00,movie:the-mummy-4-2017-bluray-dual-audio:145
988,movie,Hindi Dubbed,Transformers Revenge of the Fallen (2009) Bengali ORG,FAIL,,Browser blocked the media response (ORB; invalid or cross-origin media response),readyState=0; video=0x0; currentTime=0.00s; playing=False; progressed=False,2,2026-08-29T16:35:23+00:00,movie:transformers-revenge-of-the-fallen-2009-bengali-org:146
989,movie,Hindi Dubbed,Zodiac (2007) Dual Audio Bluray,FAIL,,Browser blocked the media response (ORB; invalid or cross-origin media response),readyState=0; video=0x0; currentTime=0.00s; playing=False; progressed=False,2,2026-08-29T16:36:05+00:00,movie:zodiac-2007-dual-audio-bluray:147
990,movie,Hindi Dubbed,Jawaan Bengali Dubbed,FAIL,,Browser blocked the media response (ORB; invalid or cross-origin media response),readyState=0; video=0x0; currentTime=0.00s; playing=False; progressed=False,2,2026-08-29T16:36:07+00:00,movie:jawaan-bengali-dubbed:148
991,movie,Hindi Dubbed,Kumari Hindi Dubbed,FAIL,,Browser blocked the media response (ORB; invalid or cross-origin media response),readyState=0; video=0x0; currentTime=0.00s; playing=False; progressed=False,2,2026-08-29T16:36:14+00:00,movie:kumari-hindi-dubbed:149
992,movie,Hindi Dubbed,Rang De Hindi Dubbed,FAIL,,Browser blocked the media response (ORB; invalid or cross-origin media response),readyState=0; video=0x0; currentTime=0.00s; playing=False; progressed=False,2,2026-08-29T16:36:42+00:00,movie:rang-de-hindi-dubbed:150
993,movie,Hindi Dubbed,Rambo Last Blood Hindi Dubbed,FAIL,,Browser blocked the media response (ORB; invalid or cross-origin media response),readyState=0; video=0x0; currentTime=0.00s; playing=False; progressed=False,2,2026-08-29T16:36:53+00:00,movie:rambo-last-blood-hindi-dubbed:151
994,movie,Hindi Dubbed,Repeat Hindi Dubbed,FAIL,,Browser blocked the media response (ORB; invalid or cross-origin media response),readyState=0; video=0x0; currentTime=0.00s; playing=False; progressed=False,2,2026-08-29T16:36:55+00:00,movie:repeat-hindi-dubbed:152
995,movie,Hindi Dubbed,Uyir (2026) Bengali Dubbed,FAIL,,Browser blocked the media response (ORB; invalid or cross-origin media response),readyState=0; video=0x0; currentTime=0.00s; playing=False; progressed=False,2,2026-08-29T16:37:03+00:00,movie:uyir-2026-bengali-dubbed:162
996,movie,Hindi Dubbed,Unmadham (2026) Hindi Dubbed,FAIL,,Browser blocked the media response (ORB; invalid or cross-origin media response),readyState=0; video=0x0; currentTime=0.00s; playing=False; progressed=False,2,2026-08-29T16:37:32+00:00,movie:unmadham-2026-hindi-dubbed:165
997,movie,Hindi Dubbed,The Girlfriend (2025) S01 Dual Audio Amazon,FAIL,,Browser blocked the media response (ORB; invalid or cross-origin media response),readyState=0; video=0x0; currentTime=0.00s; playing=False; progressed=False,2,2026-08-29T16:37:44+00:00,movie:the-girlfriend-2025-s01-dual-audio-amazon:170
998,movie,Hindi Dubbed,When Life Gives You Tangerines (2025) S01E13 16 Dual Audio Hindi English,FAIL,,Browser blocked the media response (ORB; invalid or cross-origin media response),readyState=0; video=0x0; currentTime=0.00s; playing=False; progressed=False,2,2026-08-29T16:35:25+00:00,movie:when-life-gives-you-tangerines-2025-s01e13-16-dual-audio-hindi-english:175
999,movie,Hindi Dubbed,Gladiator II 2024 Dual Audio AMZN,FAIL,,Browser blocked the media response (ORB; invalid or cross-origin media response),readyState=0; video=0x0; currentTime=0.00s; playing=False; progressed=False,2,2026-08-29T16:36:07+00:00,movie:gladiator-ii-2024-dual-audio-amzn:179
1000,movie,Hindi Dubbed,One Hundred Years of Solitude (2024) S01 Dual Audio,FAIL,,Browser blocked the media response (ORB; invalid or cross-origin media response),readyState=0; video=0x0; currentTime=0.00s; playing=False; progressed=False,2,2026-08-29T16:36:09+00:00,movie:one-hundred-years-of-solitude-2024-s01-dual-audio:181
1001,movie,Hindi Dubbed,Squid Game (2024) S02 Dual Audio Hindi Korean,FAIL,,Browser blocked the media response (ORB; invalid or cross-origin media response),readyState=0; video=0x0; currentTime=0.00s; playing=False; progressed=False,2,2026-08-29T16:36:16+00:00,movie:squid-game-2024-s02-dual-audio-hindi-korean:183
1002,movie,Hindi Dubbed,Salaar 2023 Bangla Dubbed HDTS Print new,FAIL,,Browser blocked the media response (ORB; invalid or cross-origin media response),readyState=0; video=0x0; currentTime=0.00s; playing=False; progressed=False,2,2026-08-29T16:36:44+00:00,movie:salaar-2023-bangla-dubbed-hdts-print-new:186
1003,movie,Hindi Dubbed,Jailer (2023) Bengali Dubbed ORG,FAIL,,Browser blocked the media response (ORB; invalid or cross-origin media response),readyState=0; video=0x0; currentTime=0.00s; playing=False; progressed=False,2,2026-08-29T16:36:56+00:00,movie:jailer-2023-bengali-dubbed-org:190
1004,movie,Hindi Dubbed,Drishyam 2 (2021) HQ Dub,FAIL,,Browser blocked the media response (ORB; invalid or cross-origin media response),readyState=0; video=0x0; currentTime=0.00s; playing=False; progressed=False,2,2026-08-29T16:36:58+00:00,movie:drishyam-2-2021-hq-dub:193
1005,movie,Hindi Dubbed,Terminator 5 Genisys 2015 BluRay Dual Audio,FAIL,,Browser blocked the media response (ORB; invalid or cross-origin media response),readyState=0; video=0x0; currentTime=0.00s; playing=False; progressed=False,2,2026-08-29T16:37:05+00:00,movie:terminator-5-genisys-2015-bluray-dual-audio:200
1006,movie,Hindi Dubbed,Guardians Of The Galaxy 2014 Dual Audio Hindi BluRay,FAIL,,Browser blocked the media response (ORB; invalid or cross-origin media response),readyState=0; video=0x0; currentTime=0.00s; playing=False; progressed=False,2,2026-08-29T16:37:34+00:00,movie:guardians-of-the-galaxy-2014-dual-audio-hindi-bluray:201
1007,movie,Hindi Dubbed,Gunday 2014,FAIL,,Browser blocked the media response (ORB; invalid or cross-origin media response),readyState=0; video=0x0; currentTime=0.00s; playing=False; progressed=False,2,2026-08-29T16:37:46+00:00,movie:gunday-2014:202
1008,movie,Hindi Dubbed,V ncenzo S1 E 11 to 20 Hindi Dubbed,FAIL,,Browser blocked the media response (ORB; invalid or cross-origin media response),readyState=0; video=0x0; currentTime=0.00s; playing=False; progressed=False,2,2026-08-29T16:35:27+00:00,movie:v-ncenzo-s1-e-11-to-20-hindi-dubbed:211
1009,movie,Hindi Dubbed,Memories of Murder Hindi Dubbed,FAIL,,Browser blocked the media response (ORB; invalid or cross-origin media response),readyState=0; video=0x0; currentTime=0.00s; playing=False; progressed=False,2,2026-08-29T16:36:09+00:00,movie:memories-of-murder-hindi-dubbed:215
1010,movie,Hindi Dubbed,Oxygen Hindi Dubbed,FAIL,,Browser blocked the media response (ORB; invalid or cross-origin media response),readyState=0; video=0x0; currentTime=0.00s; playing=False; progressed=False,2,2026-08-29T16:36:12+00:00,movie:oxygen-hindi-dubbed:216
1011,movie,Hindi Dubbed,Master,PASS,2.469,,readyState=4; video=1920x1080; currentTime=0.38s; playing=True; progressed=True,1,2026-08-29T16:12:44+00:00,movie:remote-manual-master-2026:153
1012,movie,Hindi Dubbed,Sakkhi,PASS,3.453,,readyState=4; video=1920x1080; currentTime=0.43s; playing=True; progressed=True,1,2026-08-29T16:14:39+00:00,movie:remote-manual-sakkhi-2026:154
1013,movie,Hindi Dubbed,M.R.P,PASS,1.219,,readyState=4; video=1920x812; currentTime=0.33s; playing=True; progressed=True,1,2026-08-29T16:07:59+00:00,movie:remote-manual-m-r-p-2026:155
1014,movie,Hindi Dubbed,Balan The Boy (2026) Bengali Dubbed,FAIL,,Browser blocked the media response (ORB; invalid or cross-origin media response),readyState=0; video=0x0; currentTime=0.00s; playing=False; progressed=False,2,2026-08-29T16:36:18+00:00,movie:balan-the-boy-2026-bengali-dubbed:156
1015,movie,Hindi Dubbed,Double Politics 2026,FAIL,,Browser blocked the media response (ORB; invalid or cross-origin media response),readyState=0; video=0x0; currentTime=0.00s; playing=False; progressed=False,2,2026-08-29T16:36:48+00:00,movie:double-politics-2026:157
1016,movie,Hindi Dubbed,Ikka 2026 Multi Audio,FAIL,,Browser blocked the media response (ORB; invalid or cross-origin media response),readyState=0; video=0x0; currentTime=0.00s; playing=False; progressed=False,2,2026-08-29T16:36:58+00:00,movie:ikka-2026-multi-audio:158
1017,movie,Hindi Dubbed,Master (2026) Bengali Dubbed ORG,FAIL,,Browser blocked the media response (ORB; invalid or cross-origin media response),readyState=0; video=0x0; currentTime=0.00s; playing=False; progressed=False,2,2026-08-29T16:37:00+00:00,movie:master-2026-bengali-dubbed-org:159
1018,movie,Hindi Dubbed,Nooru Sami (2026) Bengali Dubbed,FAIL,,Browser blocked the media response (ORB; invalid or cross-origin media response),readyState=0; video=0x0; currentTime=0.00s; playing=False; progressed=False,2,2026-08-29T16:37:07+00:00,movie:nooru-sami-2026-bengali-dubbed:160
1019,movie,Hindi Dubbed,One Night Only (2026) Hindi Dubbed,FAIL,,Browser blocked the media response (ORB; invalid or cross-origin media response),readyState=0; video=0x0; currentTime=0.00s; playing=False; progressed=False,2,2026-08-29T16:37:38+00:00,movie:one-night-only-2026-hindi-dubbed:161
1020,movie,Hindi Dubbed,Drishyam 3 (2026) Hindi Dubbed HQ,FAIL,,Browser blocked the media response (ORB; invalid or cross-origin media response),readyState=0; video=0x0; currentTime=0.00s; playing=False; progressed=False,2,2026-08-29T16:37:48+00:00,movie:drishyam-3-2026-hindi-dubbed-hq:163
1021,movie,Hindi Dubbed,Rao Bahadur (2026) Bengali Dubbed,FAIL,,Browser blocked the media response (ORB; invalid or cross-origin media response),readyState=0; video=0x0; currentTime=0.00s; playing=False; progressed=False,2,2026-08-29T16:35:29+00:00,movie:rao-bahadur-2026-bengali-dubbed:164
1022,movie,Hindi Dubbed,Uyir (2026) Dual,FAIL,,Browser blocked the media response (ORB; invalid or cross-origin media response),readyState=0; video=0x0; currentTime=0.00s; playing=False; progressed=False,2,2026-08-29T16:36:12+00:00,movie:uyir-2026-dual:166
1023,movie,Hindi Dubbed,Maadeva,PASS,1.266,,readyState=4; video=1920x800; currentTime=0.24s; playing=True; progressed=True,1,2026-08-29T16:08:03+00:00,movie:remote-manual-maadeva-2025:167
1024,movie,Hindi Dubbed,Pushpa 2 The Rule Reloaded Version (2025) Bengali Dubbed ORG,FAIL,,Browser blocked the media response (ORB; invalid or cross-origin media response),readyState=0; video=0x0; currentTime=0.00s; playing=False; progressed=False,2,2026-08-29T16:36:14+00:00,movie:pushpa-2-the-rule-reloaded-version-2025-bengali-dubbed-org:168
1025,movie,Hindi Dubbed,Saiyaara (2025) Bengali Dubbed Uncut,FAIL,,Browser blocked the media response (ORB; invalid or cross-origin media response),readyState=0; video=0x0; currentTime=0.00s; playing=False; progressed=False,2,2026-08-29T16:36:20+00:00,movie:saiyaara-2025-bengali-dubbed-uncut:169
1026,movie,Hindi Dubbed,Thunderbolts (2025) Dual Audio BluRay,FAIL,,Browser blocked the media response (ORB; invalid or cross-origin media response),readyState=0; video=0x0; currentTime=0.00s; playing=False; progressed=False,2,2026-08-29T16:36:51+00:00,movie:thunderbolts-2025-dual-audio-bluray:171
1027,movie,Hindi Dubbed,When Life Gives You Tangerines (2025) S01E05 08 Hindi Dubbed,FAIL,,Browser blocked the media response (ORB; invalid or cross-origin media response),readyState=0; video=0x0; currentTime=0.00s; playing=False; progressed=False,2,2026-08-29T16:37:00+00:00,movie:when-life-gives-you-tangerines-2025-s01e05-08-hindi-dubbed:172
1028,movie,Hindi Dubbed,Tere Ishk Mein (2025) Hindi Dubbed Netflix,FAIL,,Browser blocked the media response (ORB; invalid or cross-origin media response),readyState=0; video=0x0; currentTime=0.00s; playing=False; progressed=False,2,2026-08-29T16:37:02+00:00,movie:tere-ishk-mein-2025-hindi-dubbed-netflix:173
1029,movie,Hindi Dubbed,When Life Gives You Tangerines (2025) S01E01 04 Hindi Dubbed,FAIL,,Browser blocked the media response (ORB; invalid or cross-origin media response),readyState=0; video=0x0; currentTime=0.00s; playing=False; progressed=False,2,2026-08-29T16:37:10+00:00,movie:when-life-gives-you-tangerines-2025-s01e01-04-hindi-dubbed:174
1030,movie,Hindi Dubbed,Voyal,PASS,2.047,,readyState=4; video=1920x1080; currentTime=0.34s; playing=True; progressed=True,1,2026-08-29T16:10:44+00:00,movie:remote-manual-voyal-2024:176
1031,movie,Hindi Dubbed,Family Star 2024 BEN DUB HQ,FAIL,,Browser blocked the media response (ORB; invalid or cross-origin media response),readyState=0; video=0x0; currentTime=0.00s; playing=False; progressed=False,2,2026-08-29T16:37:41+00:00,movie:family-star-2024-ben-dub-hq:177
1032,movie,Hindi Dubbed,Rowdy Rakshak 2024 Bengali,FAIL,,Browser blocked the media response (ORB; invalid or cross-origin media response),readyState=0; video=0x0; currentTime=0.00s; playing=False; progressed=False,2,2026-08-29T16:37:50+00:00,movie:rowdy-rakshak-2024-bengali:178
1033,movie,Hindi Dubbed,Lovely Runner (2024) S01 Dual Audio Amazon,FAIL,,Browser blocked the media response (ORB; invalid or cross-origin media response),readyState=0; video=0x0; currentTime=0.00s; playing=False; progressed=False,2,2026-08-29T16:35:32+00:00,movie:lovely-runner-2024-s01-dual-audio-amazon:180
1034,movie,Hindi Dubbed,Spider Man 3 (2024) Bengali Dubbed,FAIL,,Browser blocked the media response (ORB; invalid or cross-origin media response),readyState=0; video=0x0; currentTime=0.00s; playing=False; progressed=False,2,2026-08-29T16:36:14+00:00,movie:spider-man-3-2024-bengali-dubbed:182
1035,movie,Hindi Dubbed,Mersal Superstar (2023) Bengali Dubbed ORG,FAIL,,Browser blocked the media response (ORB; invalid or cross-origin media response),readyState=0; video=0x0; currentTime=0.00s; playing=False; progressed=False,2,2026-08-29T16:36:16+00:00,movie:mersal-superstar-2023-bengali-dubbed-org:184
1036,movie,Hindi Dubbed,Reacher (2023) S01 Dual Audio Hindi ORG,FAIL,,Browser blocked the media response (ORB; invalid or cross-origin media response),readyState=0; video=0x0; currentTime=0.00s; playing=False; progressed=False,2,2026-08-29T16:36:22+00:00,movie:reacher-2023-s01-dual-audio-hindi-org:185
1037,movie,Hindi Dubbed,The Amazing Spider Man (2023) B angla Dubbed ORG,FAIL,,Browser blocked the media response (ORB; invalid or cross-origin media response),readyState=0; video=0x0; currentTime=0.00s; playing=False; progressed=False,2,2026-08-29T16:36:53+00:00,movie:the-amazing-spider-man-2023-b-angla-dubbed-org:187
1038,movie,Hindi Dubbed,Drishyam 2 2023 Bengali Dubbed,FAIL,,Browser blocked the media response (ORB; invalid or cross-origin media response),readyState=0; video=0x0; currentTime=0.00s; playing=False; progressed=False,2,2026-08-29T16:37:02+00:00,movie:drishyam-2-2023-bengali-dubbed:188
1039,movie,Hindi Dubbed,Godzilla Minus One 2023 Dual,FAIL,,Browser blocked the media response (ORB; invalid or cross-origin media response),readyState=0; video=0x0; currentTime=0.00s; playing=False; progressed=False,2,2026-08-29T16:37:04+00:00,movie:godzilla-minus-one-2023-dual:189
1040,movie,Hindi Dubbed,K G F Chapter 2 2022 Bengali Dubbed,FAIL,,Browser blocked the media response (ORB; invalid or cross-origin media response),readyState=0; video=0x0; currentTime=0.00s; playing=False; progressed=False,2,2026-08-29T16:37:12+00:00,movie:k-g-f-chapter-2-2022-bengali-dubbed:191
1041,movie,Hindi Dubbed,Vikram (2022) Dual Audio Hindi ORG,FAIL,,Browser blocked the media response (ORB; invalid or cross-origin media response),readyState=0; video=0x0; currentTime=0.00s; playing=False; progressed=False,2,2026-08-29T16:37:43+00:00,movie:vikram-2022-dual-audio-hindi-org:192
1042,movie,Hindi Dubbed,Nayattu (2021) Hindi Dubbed,FAIL,,Browser blocked the media response (ORB; invalid or cross-origin media response),readyState=0; video=0x0; currentTime=0.00s; playing=False; progressed=False,2,2026-08-29T16:37:53+00:00,movie:nayattu-2021-hindi-dubbed:194
1043,movie,Hindi Dubbed,Vikings (2019) S06E11 20 Dual Audio,FAIL,,Browser blocked the media response (ORB; invalid or cross-origin media response),readyState=0; video=0x0; currentTime=0.00s; playing=False; progressed=False,2,2026-08-29T16:35:34+00:00,movie:vikings-2019-s06e11-20-dual-audio:195
1044,movie,Hindi Dubbed,Maleficent Mistress of Evil (2019) BluRay Dual Audio,FAIL,,Browser blocked the media response (ORB; invalid or cross-origin media response),readyState=0; video=0x0; currentTime=0.00s; playing=False; progressed=False,2,2026-08-29T16:36:16+00:00,movie:maleficent-mistress-of-evil-2019-bluray-dual-audio:196
1045,movie,Hindi Dubbed,Spider Man Far From Home 2019 Bangla DUBBED,FAIL,,Browser blocked the media response (ORB; invalid or cross-origin media response),readyState=0; video=0x0; currentTime=0.00s; playing=False; progressed=False,2,2026-08-29T16:36:18+00:00,movie:spider-man-far-from-home-2019-bangla-dubbed:197
1046,movie,Hindi Dubbed,Justice League 2017 BluRay Dual Audio,FAIL,,Browser blocked the media response (ORB; invalid or cross-origin media response),readyState=0; video=0x0; currentTime=0.00s; playing=False; progressed=False,2,2026-08-29T16:36:25+00:00,movie:justice-league-2017-bluray-dual-audio:198
1047,movie,Hindi Dubbed,Doctor Strange 2016 BluRay Dual Audio Hindi English,FAIL,,Browser blocked the media response (ORB; invalid or cross-origin media response),readyState=0; video=0x0; currentTime=0.00s; playing=False; progressed=False,2,2026-08-29T16:36:55+00:00,movie:doctor-strange-2016-bluray-dual-audio-hindi-english:199
1048,movie,Hindi Dubbed,The Hobbit 2 2013 BluRay Dual Audio,FAIL,,Browser blocked the media response (ORB; invalid or cross-origin media response),readyState=0; video=0x0; currentTime=0.00s; playing=False; progressed=False,2,2026-08-29T16:37:04+00:00,movie:the-hobbit-2-2013-bluray-dual-audio:203
1049,movie,Hindi Dubbed,Iron Man (2008) Hindi Dual Audio BluRay,FAIL,,Browser blocked the media response (ORB; invalid or cross-origin media response),readyState=0; video=0x0; currentTime=0.00s; playing=False; progressed=False,2,2026-08-29T16:37:06+00:00,movie:iron-man-2008-hindi-dual-audio-bluray:204
1050,movie,Hindi Dubbed,Ghost Rider 2007 BluRay Dual Audio,FAIL,,Browser blocked the media response (ORB; invalid or cross-origin media response),readyState=0; video=0x0; currentTime=0.00s; playing=False; progressed=False,2,2026-08-29T16:37:14+00:00,movie:ghost-rider-2007-bluray-dual-audio:205
1051,movie,Hindi Dubbed,Transformers (2007) Bengali Dubbed ORG,FAIL,,Browser blocked the media response (ORB; invalid or cross-origin media response),readyState=0; video=0x0; currentTime=0.00s; playing=False; progressed=False,2,2026-08-29T16:37:45+00:00,movie:transformers-2007-bengali-dubbed-org:206
1052,movie,Hindi Dubbed,Sex the Single Mom (2003) Dual Audio HDTV,FAIL,,Browser blocked the media response (ORB; invalid or cross-origin media response),readyState=0; video=0x0; currentTime=0.00s; playing=False; progressed=False,2,2026-08-29T16:37:55+00:00,movie:sex-the-single-mom-2003-dual-audio-hdtv:207
1053,movie,Hindi Dubbed,The Lord of the Rings 2 2002 BluRay Dual Audio,FAIL,,Browser blocked the media response (ORB; invalid or cross-origin media response),readyState=0; video=0x0; currentTime=0.00s; playing=False; progressed=False,2,2026-08-29T16:35:37+00:00,movie:the-lord-of-the-rings-2-2002-bluray-dual-audio:208
1054,movie,Hindi Dubbed,Itaewon Class S01 Dual Audio Hindi Korean,FAIL,,Browser blocked the media response (ORB; invalid or cross-origin media response),readyState=0; video=0x0; currentTime=0.00s; playing=False; progressed=False,2,2026-08-29T16:36:18+00:00,movie:itaewon-class-s01-dual-audio-hindi-korean:209
1055,movie,Hindi Dubbed,Nagabandham The Secret Treasure Dual,FAIL,,Browser blocked the media response (ORB; invalid or cross-origin media response),readyState=0; video=0x0; currentTime=0.00s; playing=False; progressed=False,2,2026-08-29T16:36:21+00:00,movie:nagabandham-the-secret-treasure-dual:210
1056,movie,Hindi Dubbed,Vincenzo S1 E 1 to 10 Hindi Dubbed,FAIL,,Browser blocked the media response (ORB; invalid or cross-origin media response),readyState=0; video=0x0; currentTime=0.00s; playing=False; progressed=False,2,2026-08-29T16:36:27+00:00,movie:vincenzo-s1-e-1-to-10-hindi-dubbed:212
1057,movie,Hindi Dubbed,Wednesday S01 BEN DUB,FAIL,,Browser blocked the media response (ORB; invalid or cross-origin media response),readyState=0; video=0x0; currentTime=0.00s; playing=False; progressed=False,2,2026-08-29T16:36:57+00:00,movie:wednesday-s01-ben-dub:213
1058,movie,Hindi Dubbed,Goblin The Lonely and Great God S01 E01 16 Hindi Dubbed,FAIL,,Browser blocked the media response (ORB; invalid or cross-origin media response),readyState=0; video=0x0; currentTime=0.00s; playing=False; progressed=False,2,2026-08-29T16:37:07+00:00,movie:goblin-the-lonely-and-great-god-s01-e01-16-hindi-dubbed:214
1059,movie,Hindi Dubbed,Gatta Kusthi 2,PASS,1.344,,readyState=4; video=1920x804; currentTime=0.21s; playing=True; progressed=True,1,2026-08-29T16:08:38+00:00,movie:remote-manual-gatta-kusthi-2-2026:217
1060,movie,Hindi Dubbed,Maa Inti Bangaram,PASS,2.328,,readyState=4; video=1920x1080; currentTime=0.31s; playing=True; progressed=True,1,2026-08-29T16:10:59+00:00,movie:remote-manual-maa-inti-bangaram-2026:218
1061,movie,Hindi Dubbed,Chinna Chinna Aasai,PASS,1.937,,readyState=4; video=1920x802; currentTime=0.43s; playing=True; progressed=True,1,2026-08-29T16:13:09+00:00,movie:remote-manual-chinna-chinna-aasai-2026:219
1062,movie,Hindi Dubbed,Con City,PASS,2.343,,readyState=4; video=1920x804; currentTime=0.45s; playing=True; progressed=True,1,2026-08-29T16:15:03+00:00,movie:remote-manual-con-city-2026:220
1063,movie,Hindi Dubbed,Dose,PASS,4.375,,readyState=4; video=1920x800; currentTime=0.21s; playing=True; progressed=True,1,2026-08-29T16:08:23+00:00,movie:remote-manual-dose-2026:221
1064,movie,Hindi Dubbed,Parimala & Co,PASS,2.11,,readyState=4; video=1920x804; currentTime=0.24s; playing=True; progressed=True,1,2026-08-29T16:08:40+00:00,movie:remote-manual-parimala-co-2026:222
1065,movie,Hindi Dubbed,Drishyam 3,PASS,2.859,,readyState=4; video=1920x800; currentTime=0.38s; playing=True; progressed=True,1,2026-08-29T16:11:02+00:00,movie:remote-manual-drishyam-3-2026:223
1066,movie,Hindi Dubbed,Razor,PASS,1.562,,readyState=4; video=1920x800; currentTime=0.31s; playing=True; progressed=True,1,2026-08-29T16:13:10+00:00,movie:remote-manual-razor-2026:224
1067,movie,Hindi Dubbed,Mollywood Times,PASS,1.985,,readyState=4; video=1920x804; currentTime=0.39s; playing=True; progressed=True,1,2026-08-29T16:15:06+00:00,movie:remote-manual-mollywood-times-2026:225
1068,movie,Hindi Dubbed,Karakkam,PASS,2.922,,readyState=4; video=1920x804; currentTime=0.42s; playing=True; progressed=True,1,2026-08-29T16:08:26+00:00,movie:remote-manual-karakkam-2026:226
1069,movie,Hindi Dubbed,KD – The Devil,PASS,2.953,,readyState=4; video=1920x1080; currentTime=0.35s; playing=True; progressed=True,1,2026-08-29T16:08:43+00:00,movie:remote-manual-kd-the-devil-2026:227
1070,movie,Hindi Dubbed,Balti,PASS,2.094,,readyState=4; video=1920x804; currentTime=0.35s; playing=True; progressed=True,1,2026-08-29T16:11:04+00:00,movie:remote-manual-balti-2025:228
1071,movie,Hindi Dubbed,Written & Directed By God,PASS,2.782,,readyState=4; video=1920x800; currentTime=0.31s; playing=True; progressed=True,1,2026-08-29T16:13:13+00:00,movie:remote-manual-written-directed-by-god-2025:229
1072,movie,Hindi Dubbed,Mario,PASS,2.094,,readyState=4; video=1920x817; currentTime=0.27s; playing=True; progressed=True,2,2026-08-29T16:37:08+00:00,movie:remote-manual-mario-2025:230
1073,movie,Hindi Dubbed,Maruthi Nagar Police Station,PASS,2.36,,readyState=4; video=1920x800; currentTime=0.20s; playing=True; progressed=True,1,2026-08-29T16:08:28+00:00,movie:remote-manual-maruthi-nagar-police-station-2023:231
1074,movie,Hindi Dubbed,The Ghost,PASS,2.344,,readyState=4; video=1920x804; currentTime=0.28s; playing=True; progressed=True,1,2026-08-29T16:08:46+00:00,movie:remote-manual-the-ghost-2022:232
1075,movie,Hindi Dubbed,Heaven,PASS,1.687,,readyState=4; video=1920x808; currentTime=0.31s; playing=True; progressed=True,1,2026-08-29T16:11:06+00:00,movie:remote-manual-heaven-2022:233
1076,movie,Hindi Dubbed,Tuck Jagadish,PASS,2.672,,readyState=4; video=1920x815; currentTime=0.28s; playing=True; progressed=True,1,2026-08-29T16:13:16+00:00,movie:remote-manual-tuck-jagadish-2021:234
1077,movie,Hindi Dubbed,Naan Sirithal,PASS,2.719,,readyState=4; video=1920x804; currentTime=0.30s; playing=True; progressed=True,1,2026-08-29T16:15:41+00:00,movie:remote-manual-naan-sirithal-2020:235
1078,movie,Hindi Dubbed,Mafia,PASS,2.219,,readyState=4; video=1920x817; currentTime=0.37s; playing=True; progressed=True,1,2026-08-29T16:08:31+00:00,movie:remote-manual-mafia-2020:236
1079,movie,Hindi Dubbed,Agent 2023 Dual Audio Hindi ORG,FAIL,,Browser blocked the media response (ORB; invalid or cross-origin media response),readyState=0; video=0x0; currentTime=0.00s; playing=False; progressed=False,2,2026-08-29T16:37:17+00:00,movie:agent-2023-dual-audio-hindi-org:237
1080,movie,Hindi Dubbed,Bitter Moon (1992) Dual Audio Hindi ORG new,FAIL,,Browser blocked the media response (ORB; invalid or cross-origin media response),readyState=0; video=0x0; currentTime=0.00s; playing=False; progressed=False,2,2026-08-29T16:37:47+00:00,movie:bitter-moon-1992-dual-audio-hindi-org-new:238
1081,movie,Hindi Dubbed,Oru Durooha Saahacharyathil,PASS,1.875,,readyState=4; video=1920x800; currentTime=0.31s; playing=True; progressed=True,1,2026-08-29T16:13:18+00:00,movie:remote-manual-oru-durooha-saahacharyathil-2026:239
1082,movie,Hindi Dubbed,Aliya Basu Gayab Hai,PASS,2.469,,readyState=4; video=1916x804; currentTime=0.42s; playing=True; progressed=True,1,2026-08-29T16:15:43+00:00,movie:remote-manual-aliya-basu-gayab-hai-2024:240
1083,movie,Hindi Dubbed,The Amazing Spider-Man 2,PASS,1.797,,readyState=4; video=1920x1080; currentTime=0.24s; playing=True; progressed=True,1,2026-08-29T16:08:33+00:00,movie:remote-manual-the-amazing-spider-man-2-2014:241
1084,movie,Hindi Dubbed,Bangalore Days Hindi Dubbed Unofficial,FAIL,,Browser blocked the media response (ORB; invalid or cross-origin media response),readyState=0; video=0x0; currentTime=0.00s; playing=False; progressed=False,2,2026-08-29T16:37:57+00:00,movie:bangalore-days-hindi-dubbed-unofficial:242
1085,movie,Hindi Dubbed,Bhalobashar Rong Charlie (2025) Bengali ORG BP,FAIL,,Browser blocked the media response (ORB; invalid or cross-origin media response),readyState=0; video=0x0; currentTime=0.00s; playing=False; progressed=False,2,2026-08-29T16:35:39+00:00,movie:bhalobashar-rong-charlie-2025-bengali-org-bp:243
1086,movie,Hindi Dubbed,Coolie 2025,FAIL,,Browser blocked the media response (ORB; invalid or cross-origin media response),readyState=0; video=0x0; currentTime=0.00s; playing=False; progressed=False,2,2026-08-29T16:36:21+00:00,movie:coolie-2025:244
1087,movie,Hindi Dubbed,Alita Battle Angel (2019) ORG Dual Audio BluRay,FAIL,,Browser blocked the media response (ORB; invalid or cross-origin media response),readyState=0; video=0x0; currentTime=0.00s; playing=False; progressed=False,2,2026-08-29T16:36:23+00:00,movie:alita-battle-angel-2019-org-dual-audio-bluray:245
1088,movie,Hindi Dubbed,Alpha (2018) BluRay Dual Audio,FAIL,,Browser blocked the media response (ORB; invalid or cross-origin media response),readyState=0; video=0x0; currentTime=0.00s; playing=False; progressed=False,2,2026-08-29T16:36:29+00:00,movie:alpha-2018-bluray-dual-audio:246
1089,movie,Hindi Dubbed,Baahubali 2 The Conclusion 2017 BluRay,FAIL,,Browser blocked the media response (ORB; invalid or cross-origin media response),readyState=0; video=0x0; currentTime=0.00s; playing=False; progressed=False,2,2026-08-29T16:36:59+00:00,movie:baahubali-2-the-conclusion-2017-bluray:247
1090,movie,Hindi Dubbed,Crash Landing on You Hindi Dubbed,FAIL,,Browser blocked the media response (ORB; invalid or cross-origin media response),readyState=0; video=0x0; currentTime=0.00s; playing=False; progressed=False,2,2026-08-29T16:37:09+00:00,movie:crash-landing-on-you-hindi-dubbed:248
1091,movie,Hindi Dubbed,Be Together Ei Poth Chola 2024 S01E15 Bengali Dubbed ORG,FAIL,,Browser blocked the media response (ORB; invalid or cross-origin media response),readyState=0; video=0x0; currentTime=0.00s; playing=False; progressed=False,2,2026-08-29T16:37:11+00:00,movie:be-together-ei-poth-chola-2024-s01e15-bengali-dubbed-org:249
1092,movie,Hindi Dubbed,1000 Babies 2024 S01 Dual Audio HS,FAIL,,Browser blocked the media response (ORB; invalid or cross-origin media response),readyState=0; video=0x0; currentTime=0.00s; playing=False; progressed=False,2,2026-08-29T16:37:19+00:00,movie:1000-babies-2024-s01-dual-audio-hs:250
1093,movie,Hindi Dubbed,Alpha (2026) Hindi Dubbed HDTC,FAIL,,Browser blocked the media response (ORB; invalid or cross-origin media response),readyState=0; video=0x0; currentTime=0.00s; playing=False; progressed=False,2,2026-08-29T16:37:51+00:00,movie:alpha-2026-hindi-dubbed-hdtc:251
1094,movie,Hindi Dubbed,Bhartha Mahasayulaku Wignyapthi 2026 Hindi HQ Dub,FAIL,,Browser blocked the media response (ORB; invalid or cross-origin media response),readyState=0; video=0x0; currentTime=0.00s; playing=False; progressed=False,2,2026-08-29T16:37:59+00:00,movie:bhartha-mahasayulaku-wignyapthi-2026-hindi-hq-dub:252
1095,movie,Hindi Dubbed,Avatar The Last Airbender (2024) S01 Dual Audio Hindi ORG,FAIL,,Browser blocked the media response (ORB; invalid or cross-origin media response),readyState=0; video=0x0; currentTime=0.00s; playing=False; progressed=False,2,2026-08-29T16:35:41+00:00,movie:avatar-the-last-airbender-2024-s01-dual-audio-hindi-org:253
1096,movie,Hindi Dubbed,Aquaman and the Lost Kingdom (2023) Dual,FAIL,,Browser blocked the media response (ORB; invalid or cross-origin media response),readyState=0; video=0x0; currentTime=0.00s; playing=False; progressed=False,2,2026-08-29T16:36:23+00:00,movie:aquaman-and-the-lost-kingdom-2023-dual:254
1097,movie,Hindi Dubbed,Avengers Age of Ultron (2015) Dual Audio,FAIL,,Browser blocked the media response (ORB; invalid or cross-origin media response),readyState=0; video=0x0; currentTime=0.00s; playing=False; progressed=False,2,2026-08-29T16:36:25+00:00,movie:avengers-age-of-ultron-2015-dual-audio:255
1098,movie,Hindi Dubbed,Better Call Saul (2015) S01 Dual Audio BluRay,FAIL,,Browser blocked the media response (ORB; invalid or cross-origin media response),readyState=0; video=0x0; currentTime=0.00s; playing=False; progressed=False,2,2026-08-29T16:36:32+00:00,movie:better-call-saul-2015-s01-dual-audio-bluray:256
1099,movie,Hindi Dubbed,Baahubali The Beginning 2015 BluRay,FAIL,,Browser blocked the media response (ORB; invalid or cross-origin media response),readyState=0; video=0x0; currentTime=0.00s; playing=False; progressed=False,2,2026-08-29T16:37:02+00:00,movie:baahubali-the-beginning-2015-bluray:257
1100,movie,Hindi Dubbed,A Business Proposal S1 Hindi Dubbed,FAIL,,Browser blocked the media response (ORB; invalid or cross-origin media response),readyState=0; video=0x0; currentTime=0.00s; playing=False; progressed=False,2,2026-08-29T16:37:11+00:00,movie:a-business-proposal-s1-hindi-dubbed:258
1101,movie,Hindi Dubbed,Attack on Titan II End of the World Hindi Dubbed,FAIL,,Browser blocked the media response (ORB; invalid or cross-origin media response),readyState=0; video=0x0; currentTime=0.00s; playing=False; progressed=False,2,2026-08-29T16:37:13+00:00,movie:attack-on-titan-ii-end-of-the-world-hindi-dubbed:259
1102,movie,Hindi Dubbed,Ben 10 Ultimate Alien S01E01 20 Hindi Dubbed,FAIL,,Browser blocked the media response (ORB; invalid or cross-origin media response),readyState=0; video=0x0; currentTime=0.00s; playing=False; progressed=False,2,2026-08-29T16:37:21+00:00,movie:ben-10-ultimate-alien-s01e01-20-hindi-dubbed:260
1103,movie,Hindi Dubbed,28 Days Later Hindi Dubbed,FAIL,,Browser blocked the media response (ORB; invalid or cross-origin media response),readyState=0; video=0x0; currentTime=0.00s; playing=False; progressed=False,2,2026-08-29T16:37:53+00:00,movie:28-days-later-hindi-dubbed:261
1104,movie,Hindi Dubbed,Ben 10 Ultimate Alien S023E17 32 Hindi Dubbed,FAIL,,Browser blocked the media response (ORB; invalid or cross-origin media response),readyState=0; video=0x0; currentTime=0.00s; playing=False; progressed=False,2,2026-08-29T16:38:01+00:00,movie:ben-10-ultimate-alien-s023e17-32-hindi-dubbed:262
1105,movie,South Indian,"I, Nobody",PASS,2.016,,readyState=4; video=1920x804; currentTime=0.25s; playing=True; progressed=True,1,2026-08-29T16:20:52+00:00,movie:remote-manual-i-nobody-2026:0
1106,movie,South Indian,Aadu 3,PASS,1.922,,readyState=4; video=1920x804; currentTime=0.41s; playing=True; progressed=True,1,2026-08-29T16:21:13+00:00,movie:remote-manual-aadu-3-2026:1
1107,movie,South Indian,Prathichaya,PASS,2.172,,readyState=4; video=1920x804; currentTime=0.34s; playing=True; progressed=True,1,2026-08-29T16:20:55+00:00,movie:remote-manual-prathichaya-2026:2
1108,movie,South Indian,Valathu Vashathe Kallan,PASS,2.36,,readyState=4; video=1920x800; currentTime=0.30s; playing=True; progressed=True,1,2026-08-29T16:21:15+00:00,movie:remote-manual-valathu-vashathe-kallan-2026:3
1109,movie,South Indian,Sattendru Maarudhu Vaanilai,PASS,3.828,,readyState=4; video=1920x800; currentTime=0.34s; playing=True; progressed=True,1,2026-08-29T16:20:59+00:00,movie:remote-manual-sattendru-maarudhu-vaanilai-2026:4
1110,movie,South Indian,29,PASS,2.75,,readyState=4; video=1920x804; currentTime=0.25s; playing=True; progressed=True,1,2026-08-29T16:21:18+00:00,movie:remote-manual-29-2026:5
1111,movie,South Indian,Kara,PASS,2.125,,readyState=4; video=1920x804; currentTime=0.40s; playing=True; progressed=True,1,2026-08-29T16:21:01+00:00,movie:remote-manual-kara-2026:6
1112,movie,South Indian,Good Night,PASS,2.266,,readyState=4; video=1920x1080; currentTime=0.28s; playing=True; progressed=True,1,2026-08-29T16:21:20+00:00,movie:remote-manual-good-night-2026:7
1113,movie,South Indian,Revolver Rita,PASS,3.031,,readyState=4; video=1920x784; currentTime=0.23s; playing=True; progressed=True,1,2026-08-29T16:21:05+00:00,movie:remote-manual-revolver-rita-2025:8
1114,movie,South Indian,Mahasenha,PASS,2.094,,readyState=4; video=1920x798; currentTime=0.26s; playing=True; progressed=True,1,2026-08-29T16:21:23+00:00,movie:remote-manual-mahasenha-2025:9
1115,movie,South Indian,Mowgli (2025) Telugu,FAIL,,Browser blocked the media response (ORB; invalid or cross-origin media response),readyState=0; video=0x0; currentTime=0.00s; playing=False; progressed=False,2,2026-08-29T16:54:41+00:00,movie:mowgli-2025-telugu:10
1116,movie,South Indian,Samara,PASS,1.547,,readyState=4; video=1920x800; currentTime=0.21s; playing=True; progressed=True,1,2026-08-29T16:21:24+00:00,movie:remote-manual-samara-2023:11
1117,movie,South Indian,Romancham,PASS,1.906,,readyState=2; video=1920x1080; currentTime=0.23s; playing=True; progressed=True,1,2026-08-29T16:21:10+00:00,movie:remote-manual-romancham-2023:12
1118,movie,South Indian,Premam,PASS,2.109,,readyState=4; video=1920x1080; currentTime=0.29s; playing=True; progressed=True,1,2026-08-29T16:21:27+00:00,movie:remote-manual-premam-2015:13
1119,movie,South Indian,Madhuvidhu,PASS,3.015,,readyState=4; video=1920x804; currentTime=0.17s; playing=True; progressed=True,1,2026-08-29T16:21:13+00:00,movie:remote-manual-madhuvidhu-2026:14
1120,movie,South Indian,Vaazha II,PASS,5.688,,readyState=4; video=3840x2160; currentTime=0.30s; playing=True; progressed=True,1,2026-08-29T16:21:32+00:00,movie:remote-manual-vaazha-ii-2026:15
1121,movie,South Indian,Bharathanatyam 2 Mohiniyattam,PASS,2.344,,readyState=4; video=1920x1080; currentTime=0.26s; playing=True; progressed=True,2,2026-08-29T16:54:43+00:00,movie:remote-manual-bharathanatyam-2-mohiniyattam-2026:16
1122,movie,South Indian,Kenatha Kanom,PASS,5.187,,readyState=4; video=3840x2160; currentTime=0.35s; playing=True; progressed=True,1,2026-08-29T16:21:38+00:00,movie:remote-manual-kenatha-kanom-2026:17
1123,movie,South Indian,Karuppu,PASS,2.063,,readyState=4; video=1920x800; currentTime=0.35s; playing=True; progressed=True,1,2026-08-29T16:21:47+00:00,movie:remote-manual-karuppu-2026:18
1124,movie,South Indian,Satan,PASS,1.844,,readyState=4; video=1920x800; currentTime=0.29s; playing=True; progressed=True,1,2026-08-29T16:21:40+00:00,movie:remote-manual-satan-2026:19
1125,movie,South Indian,Bank Of Bhagyalakshmi,PASS,2.141,,readyState=4; video=1920x800; currentTime=0.21s; playing=True; progressed=True,1,2026-08-29T16:21:50+00:00,movie:remote-manual-bank-of-bhagyalakshmi-2025:20
1126,movie,South Indian,Brat,PASS,1.812,,readyState=4; video=1920x800; currentTime=0.29s; playing=True; progressed=True,1,2026-08-29T16:21:42+00:00,movie:remote-manual-brat-2025:21
1127,movie,South Indian,Kantara: Chapter 1,PASS,36.016,,readyState=4; video=1920x800; currentTime=0.45s; playing=True; progressed=True,2,2026-08-29T16:55:19+00:00,movie:remote-manual-kantara-chapter-1-2025:22
1128,movie,South Indian,Gamblers,PASS,1.219,,readyState=4; video=1920x804; currentTime=0.21s; playing=True; progressed=True,1,2026-08-29T16:21:43+00:00,movie:remote-manual-gamblers-2025:23
1129,movie,South Indian,Vaazha,PASS,25.219,,readyState=3; video=3840x2160; currentTime=0.39s; playing=True; progressed=True,1,2026-08-29T16:22:48+00:00,movie:remote-manual-vaazha-2024:24
1130,movie,South Indian,Oru Nodi,PASS,4.562,,readyState=2; video=1920x800; currentTime=0.20s; playing=True; progressed=True,1,2026-08-29T16:21:48+00:00,movie:remote-manual-oru-nodi-2024:25
1131,movie,South Indian,Boat,PASS,3.204,,readyState=4; video=1920x804; currentTime=0.26s; playing=True; progressed=True,1,2026-08-29T16:22:51+00:00,movie:remote-manual-boat-2024:26
1132,movie,South Indian,Thurthu Nirgamana,PASS,3.562,,readyState=4; video=1920x800; currentTime=0.40s; playing=True; progressed=True,1,2026-08-29T16:21:51+00:00,movie:remote-manual-thurthu-nirgamana-2022:27
1133,movie,South Indian,Malikappuram,PASS,2.594,,readyState=4; video=1920x804; currentTime=0.40s; playing=True; progressed=True,1,2026-08-29T16:22:54+00:00,movie:remote-manual-malikappuram-2022:28
1134,movie,South Indian,Gaddalakonda Ganesh,PASS,1.516,,readyState=4; video=1920x808; currentTime=0.19s; playing=True; progressed=True,1,2026-08-29T16:21:53+00:00,movie:remote-manual-gaddalakonda-ganesh-2019:29
1135,movie,South Indian,Chal Mohan Ranga,PASS,1.813,,readyState=4; video=1920x818; currentTime=0.38s; playing=True; progressed=True,1,2026-08-29T16:22:56+00:00,movie:remote-manual-chal-mohan-ranga-2018:30
1136,movie,South Indian,Pudhupettai,PASS,6.219,,readyState=4; video=1920x800; currentTime=0.35s; playing=True; progressed=True,1,2026-08-29T16:21:59+00:00,movie:remote-manual-pudhupettai-2006:31
1137,movie,South Indian,Sathi Leelavathi,PASS,1.234,,readyState=4; video=1920x1080; currentTime=0.26s; playing=True; progressed=True,1,2026-08-29T16:22:57+00:00,movie:remote-manual-sathi-leelavathi-2026:32
1138,movie,South Indian,Gaayapadda Simham,PASS,2.141,,readyState=4; video=1920x800; currentTime=0.40s; playing=True; progressed=True,1,2026-08-29T16:22:02+00:00,movie:remote-manual-gaayapadda-simham-2026:33
1139,movie,South Indian,Lechindi Mahila Lokam,PASS,3.437,,readyState=4; video=1920x1080; currentTime=0.40s; playing=True; progressed=True,1,2026-08-29T16:23:01+00:00,movie:remote-manual-lechindi-mahila-lokam-2026:34
1140,movie,South Indian,Raakaasa,PASS,3.125,,readyState=4; video=1920x804; currentTime=0.34s; playing=True; progressed=True,1,2026-08-29T16:22:05+00:00,movie:remote-manual-raakaasa-2026:35
1141,movie,South Indian,Biker,PASS,3.766,,readyState=4; video=1920x1016; currentTime=0.28s; playing=True; progressed=True,1,2026-08-29T16:23:05+00:00,movie:remote-manual-biker-2026:36
1142,movie,South Indian,Choo Mantar,PASS,2.64,,readyState=4; video=1920x800; currentTime=0.37s; playing=True; progressed=True,1,2026-08-29T16:22:08+00:00,movie:remote-manual-choo-mantar-2025:37
1143,movie,South Indian,Gatha Vaibhava,PASS,3.719,,readyState=4; video=1920x800; currentTime=0.19s; playing=True; progressed=True,1,2026-08-29T16:23:09+00:00,movie:remote-manual-gatha-vaibhava-2025:38
1144,movie,South Indian,Anaganaga,PASS,2.078,,readyState=4; video=1920x960; currentTime=0.32s; playing=True; progressed=True,1,2026-08-29T16:22:10+00:00,movie:remote-manual-anaganaga-2025:39
1145,movie,South Indian,Inspector Vikram,PASS,3.157,,readyState=4; video=1920x816; currentTime=0.27s; playing=True; progressed=True,1,2026-08-29T16:23:12+00:00,movie:remote-manual-inspector-vikram-2021:40
1146,movie,South Indian,The Terrorist,PASS,2.328,,readyState=4; video=1920x822; currentTime=0.41s; playing=True; progressed=True,1,2026-08-29T16:22:13+00:00,movie:remote-manual-the-terrorist-2018:41
1147,movie,South Indian,A Aa,PASS,1.781,,readyState=4; video=1920x1080; currentTime=0.21s; playing=True; progressed=True,1,2026-08-29T16:23:14+00:00,movie:remote-manual-a-aa-2016:42
1148,movie,South Indian,Brindavanam,PASS,2.359,,readyState=4; video=1920x816; currentTime=0.23s; playing=True; progressed=True,1,2026-08-29T16:22:15+00:00,movie:remote-manual-brindavanam-2010:43
1149,movie,South Indian,Athiradi,PASS,12.594,,readyState=3; video=1920x1080; currentTime=0.24s; playing=True; progressed=True,1,2026-08-29T16:23:27+00:00,movie:remote-manual-athiradi-2026:44
1150,movie,South Indian,Patriot,PASS,3.188,,readyState=4; video=1920x804; currentTime=0.32s; playing=True; progressed=True,1,2026-08-29T16:22:18+00:00,movie:remote-manual-patriot-2026:45
1151,movie,South Indian,Blast,PASS,4.297,,readyState=4; video=1920x806; currentTime=0.34s; playing=True; progressed=True,1,2026-08-29T16:23:31+00:00,movie:remote-manual-blast-2026:46
1152,movie,South Indian,Neelavelicham,PASS,2.625,,readyState=4; video=1920x706; currentTime=0.26s; playing=True; progressed=True,1,2026-08-29T16:22:21+00:00,movie:remote-manual-neelavelicham-2023:47
1153,movie,South Indian,Yaanai,PASS,3.235,,readyState=4; video=1920x818; currentTime=0.40s; playing=True; progressed=True,1,2026-08-29T16:23:34+00:00,movie:remote-manual-yaanai-2022:48
1154,movie,South Indian,Raatchasi,PASS,3.5,,readyState=4; video=1920x815; currentTime=0.36s; playing=True; progressed=True,1,2026-08-29T16:22:25+00:00,movie:remote-manual-raatchasi-2019:49
1155,movie,South Indian,KD The Devil Kannada,FAIL,,Browser blocked the media response (ORB; invalid or cross-origin media response),readyState=0; video=0x0; currentTime=0.00s; playing=False; progressed=False,2,2026-08-29T16:55:22+00:00,movie:kd-the-devil-kannada:50
1156,movie,South Indian,Valavaara,PASS,5.906,,readyState=4; video=1920x804; currentTime=0.26s; playing=True; progressed=True,1,2026-08-29T16:22:31+00:00,movie:remote-manual-valavaara-2026:51
1157,movie,South Indian,Karikaada,PASS,16.75,,readyState=4; video=1920x788; currentTime=0.26s; playing=True; progressed=True,1,2026-08-29T16:23:54+00:00,movie:remote-manual-karikaada-2026:52
1158,movie,South Indian,Ugly Story,PASS,2.578,,readyState=4; video=1920x816; currentTime=0.28s; playing=True; progressed=True,1,2026-08-29T16:22:33+00:00,movie:remote-manual-ugly-story-2026:53
1159,movie,South Indian,Dacoit,PASS,17.562,,readyState=4; video=1920x800; currentTime=0.20s; playing=True; progressed=True,1,2026-08-29T16:24:11+00:00,movie:remote-manual-dacoit-2026:54
1160,movie,South Indian,Nawab Cafe,PASS,2.641,,readyState=4; video=1920x1080; currentTime=0.35s; playing=True; progressed=True,1,2026-08-29T16:22:37+00:00,movie:remote-manual-nawab-cafe-2026:55
1161,movie,South Indian,Mareechika,PASS,4.297,,readyState=4; video=1920x817; currentTime=0.20s; playing=True; progressed=True,1,2026-08-29T16:24:16+00:00,movie:remote-manual-mareechika-2026:56
1162,movie,South Indian,M4M,PASS,8.968,,readyState=2; video=1920x800; currentTime=0.20s; playing=True; progressed=True,1,2026-08-29T16:22:48+00:00,movie:remote-manual-m4m-2026:57
1163,movie,South Indian,Mark,PASS,2.078,,readyState=4; video=1920x804; currentTime=0.35s; playing=True; progressed=True,1,2026-08-29T16:24:19+00:00,movie:remote-manual-mark-2025:58
1164,movie,South Indian,Agnyathavasi,PASS,3.485,,readyState=4; video=1920x804; currentTime=0.17s; playing=True; progressed=True,1,2026-08-29T16:22:52+00:00,movie:remote-manual-agnyathavasi-2025:59
1165,movie,South Indian,Usiru,PASS,14.765,,readyState=4; video=1920x818; currentTime=0.26s; playing=True; progressed=True,1,2026-08-29T16:24:33+00:00,movie:remote-manual-usiru-2025:60
1166,movie,South Indian,Arjun S/O Vyjayanthi,PASS,18.0,,readyState=3; video=1920x811; currentTime=0.35s; playing=True; progressed=True,1,2026-08-29T16:23:10+00:00,movie:remote-manual-arjun-s-o-vyjayanthi-2025:61
1167,movie,South Indian,Chef Chidambara,PASS,3.968,,readyState=4; video=1920x804; currentTime=0.37s; playing=True; progressed=True,1,2026-08-29T16:24:38+00:00,movie:remote-manual-chef-chidambara-2024:62
1168,movie,South Indian,Bhairathi Ranagal,PASS,2.844,,readyState=4; video=1920x712; currentTime=0.41s; playing=True; progressed=True,1,2026-08-29T16:23:13+00:00,movie:remote-manual-bhairathi-ranagal-2024:63
1169,movie,South Indian,Gurudev Hoysala,PASS,10.11,,readyState=4; video=1920x804; currentTime=0.28s; playing=True; progressed=True,1,2026-08-29T16:24:48+00:00,movie:remote-manual-gurudev-hoysala-2023:64
1170,movie,South Indian,Hero,PASS,0.922,,readyState=2; video=854x1368; currentTime=0.32s; playing=True; progressed=True,1,2026-08-29T16:23:14+00:00,movie:remote-manual-hero-2022:65
1171,movie,South Indian,Ninu Veedani Needanu Nene,PASS,9.531,,readyState=4; video=1920x814; currentTime=0.40s; playing=True; progressed=True,1,2026-08-29T16:24:58+00:00,movie:remote-manual-ninu-veedani-needanu-nene-2019:66
1172,movie,South Indian,Prati Roju Pandaage,PASS,2.062,,readyState=4; video=1920x804; currentTime=0.16s; playing=True; progressed=True,1,2026-08-29T16:23:16+00:00,movie:remote-manual-prati-roju-pandaage-2019:67
1173,movie,South Indian,Aa Karaala Ratri,PASS,2.829,,readyState=4; video=1920x804; currentTime=0.27s; playing=True; progressed=True,1,2026-08-29T16:25:01+00:00,movie:remote-manual-aa-karaala-ratri-2018:68
1174,movie,South Indian,Bluff Master,PASS,2.61,,readyState=4; video=1920x829; currentTime=0.23s; playing=True; progressed=True,1,2026-08-29T16:23:19+00:00,movie:remote-manual-bluff-master-2018:69
1175,movie,South Indian,Spyder,PASS,5.422,,readyState=4; video=1920x816; currentTime=0.33s; playing=True; progressed=True,1,2026-08-29T16:25:07+00:00,movie:remote-manual-spyder-2017:70
1176,movie,Premium,One Two Cha Cha Chaa,PASS,1.531,,readyState=4; video=1920x658; currentTime=0.16s; playing=True; progressed=True,1,2026-08-29T16:25:21+00:00,movie:remote-manual-one-two-cha-cha-chaa-2026:0
1177,movie,Premium,Hoppers,PASS,2.359,,readyState=4; video=1920x1038; currentTime=0.28s; playing=True; progressed=True,1,2026-08-29T16:25:24+00:00,movie:remote-manual-hoppers-2026:1
1178,movie,Premium,Neru,PASS,2.328,,readyState=4; video=1920x804; currentTime=0.14s; playing=True; progressed=True,1,2026-08-29T16:25:27+00:00,movie:remote-manual-neru-2023:2
1179,movie,Premium,Shiddat,PASS,5.109,,readyState=4; video=1920x804; currentTime=0.26s; playing=True; progressed=True,1,2026-08-29T16:25:32+00:00,movie:remote-manual-shiddat-2021:3
1180,movie,Premium,Dridam,PASS,14.0,,readyState=4; video=3840x2160; currentTime=0.33s; playing=True; progressed=True,1,2026-08-29T16:25:46+00:00,movie:remote-manual-dridam-2026:4
1181,movie,Premium,A Woman Called Mother,PASS,7.516,,readyState=4; video=1920x804; currentTime=0.26s; playing=True; progressed=True,1,2026-08-29T16:25:54+00:00,movie:remote-manual-a-woman-called-mother-2025:5
1182,movie,Premium,Junior,PASS,1.781,,readyState=4; video=1920x800; currentTime=0.27s; playing=True; progressed=True,1,2026-08-29T16:25:56+00:00,movie:remote-manual-junior-2025:6
1183,movie,Mix Movies,Boonie Bears The Hidden Protector (2026) Dual,FAIL,,Browser blocked the media response (ORB; invalid or cross-origin media response),readyState=0; video=0x0; currentTime=0.00s; playing=False; progressed=False,2,2026-08-29T16:28:40+00:00,movie:boonie-bears-the-hidden-protector-2026-dual:0
1184,movie,Mix Movies,Goat 2026 Dual,FAIL,,Browser blocked the media response (ORB; invalid or cross-origin media response),readyState=0; video=0x0; currentTime=0.00s; playing=False; progressed=False,2,2026-08-29T16:28:38+00:00,movie:goat-2026-dual:1
1185,movie,Mix Movies,Reacher (2026) S04E05 Dual,FAIL,,Browser blocked the media response (ORB; invalid or cross-origin media response),readyState=0; video=0x0; currentTime=0.00s; playing=False; progressed=False,2,2026-08-29T16:29:32+00:00,movie:reacher-2026-s04e05-dual:2
1186,movie,Mix Movies,The Last Sunrise 2026 Dual,FAIL,,Browser blocked the media response (ORB; invalid or cross-origin media response),readyState=0; video=0x0; currentTime=0.00s; playing=False; progressed=False,2,2026-08-29T16:29:32+00:00,movie:the-last-sunrise-2026-dual:3
1187,movie,Mix Movies,The Practical Guide to Love (2026) S01 Dual,FAIL,,Browser blocked the media response (ORB; invalid or cross-origin media response),readyState=0; video=0x0; currentTime=0.00s; playing=False; progressed=False,2,2026-08-29T16:29:45+00:00,movie:the-practical-guide-to-love-2026-s01-dual:4
1188,movie,Mix Movies,Wings of Dread (2026) Chinese IQ,FAIL,,Browser blocked the media response (ORB; invalid or cross-origin media response),readyState=0; video=0x0; currentTime=0.00s; playing=False; progressed=False,2,2026-08-29T16:29:47+00:00,movie:wings-of-dread-2026-chinese-iq:5
1189,movie,Mix Movies,WWE Monday Night Raw 2026 08 25,FAIL,,Browser blocked the media response (ORB; invalid or cross-origin media response),readyState=0; video=0x0; currentTime=0.00s; playing=False; progressed=False,2,2026-08-29T16:30:40+00:00,movie:wwe-monday-night-raw-2026-08-25:6
1190,movie,Mix Movies,Humint (2026) Dual,FAIL,,Browser blocked the media response (ORB; invalid or cross-origin media response),readyState=0; video=0x0; currentTime=0.00s; playing=False; progressed=False,2,2026-08-29T16:30:41+00:00,movie:humint-2026-dual:7
1191,movie,Mix Movies,I Nobody (2026) Dual,FAIL,,Browser blocked the media response (ORB; invalid or cross-origin media response),readyState=0; video=0x0; currentTime=0.00s; playing=False; progressed=False,2,2026-08-29T16:31:01+00:00,movie:i-nobody-2026-dual:8
1192,movie,Mix Movies,Khatron Ke Khiladi (2026) S15E08,FAIL,,Browser blocked the media response (ORB; invalid or cross-origin media response),readyState=0; video=0x0; currentTime=0.00s; playing=False; progressed=False,2,2026-08-29T16:31:01+00:00,movie:khatron-ke-khiladi-2026-s15e08:9
1193,movie,Mix Movies,The Land That Time Forgot (2025) Dual,FAIL,,Browser blocked the media response (ORB; invalid or cross-origin media response),readyState=0; video=0x0; currentTime=0.00s; playing=False; progressed=False,2,2026-08-29T16:31:47+00:00,movie:the-land-that-time-forgot-2025-dual:10
1194,movie,Mix Movies,Dirilis Ertugrul 2025 S05E13,FAIL,,Browser blocked the media response (ORB; invalid or cross-origin media response),readyState=0; video=0x0; currentTime=0.00s; playing=False; progressed=False,2,2026-08-29T16:31:52+00:00,movie:dirilis-ertugrul-2025-s05e13:11
1195,movie,Mix Movies,Dirilis Ertugrul 2025 S05E14,FAIL,,Browser blocked the media response (ORB; invalid or cross-origin media response),readyState=0; video=0x0; currentTime=0.00s; playing=False; progressed=False,2,2026-08-29T16:32:11+00:00,movie:dirilis-ertugrul-2025-s05e14:12
1196,movie,Mix Movies,Hip Hop India 2025 S02E07 08,FAIL,,Browser blocked the media response (ORB; invalid or cross-origin media response),readyState=0; video=0x0; currentTime=0.00s; playing=False; progressed=False,2,2026-08-29T16:32:13+00:00,movie:hip-hop-india-2025-s02e07-08:13
1197,movie,Mix Movies,Locked 2025 HIN ENG ESub,FAIL,,Browser blocked the media response (ORB; invalid or cross-origin media response),readyState=0; video=0x0; currentTime=0.00s; playing=False; progressed=False,2,2026-08-29T16:32:55+00:00,movie:locked-2025-hin-eng-esub:14
1198,movie,Mix Movies,Shalike Biye 2025,FAIL,,Browser blocked the media response (ORB; invalid or cross-origin media response),readyState=0; video=0x0; currentTime=0.00s; playing=False; progressed=False,2,2026-08-29T16:33:01+00:00,movie:shalike-biye-2025:15
1199,movie,Mix Movies,The Eken Benaras e Bibhishika (2025),FAIL,,Browser blocked the media response (ORB; invalid or cross-origin media response),readyState=0; video=0x0; currentTime=0.00s; playing=False; progressed=False,2,2026-08-29T16:37:33+00:00,movie:the-eken-benaras-e-bibhishika-2025:16
1200,movie,Mix Movies,The Last Of Us 2025 S02E07 Dual,FAIL,,Browser blocked the media response (ORB; invalid or cross-origin media response),readyState=0; video=0x0; currentTime=0.00s; playing=False; progressed=False,2,2026-08-29T16:37:40+00:00,movie:the-last-of-us-2025-s02e07-dual:17
1201,movie,Mix Movies,Tomar Opekkhay 2025,FAIL,,Browser blocked the media response (ORB; invalid or cross-origin media response),readyState=0; video=0x0; currentTime=0.00s; playing=False; progressed=False,2,2026-08-29T16:38:12+00:00,movie:tomar-opekkhay-2025:18
1202,movie,Mix Movies,Emmanuelle 2024 dual,FAIL,,Browser blocked the media response (ORB; invalid or cross-origin media response),readyState=0; video=0x0; currentTime=0.00s; playing=False; progressed=False,2,2026-08-29T16:38:19+00:00,movie:emmanuelle-2024-dual:19
1203,movie,Mix Movies,Gladiators (2024) Dual,FAIL,,Browser blocked the media response (ORB; invalid or cross-origin media response),readyState=0; video=0x0; currentTime=0.00s; playing=False; progressed=False,2,2026-08-29T16:38:38+00:00,movie:gladiators-2024-dual:20
1204,movie,Mix Movies,Half Love Half Arranged (2024) S02,FAIL,,Browser blocked the media response (ORB; invalid or cross-origin media response),readyState=0; video=0x0; currentTime=0.00s; playing=False; progressed=False,2,2026-08-29T16:38:48+00:00,movie:half-love-half-arranged-2024-s02:21
1205,movie,Mix Movies,Dirilis Ertugrul 2024 S03E70,FAIL,,Browser blocked the media response (ORB; invalid or cross-origin media response),readyState=0; video=0x0; currentTime=0.00s; playing=False; progressed=False,2,2026-08-29T16:39:17+00:00,movie:dirilis-ertugrul-2024-s03e70:22
1206,movie,Mix Movies,KA 2024 AMZN DUAL,FAIL,,Browser blocked the media response (ORB; invalid or cross-origin media response),readyState=0; video=0x0; currentTime=0.00s; playing=False; progressed=False,2,2026-08-29T16:39:26+00:00,movie:ka-2024-amzn-dual:23
1207,movie,Mix Movies,Raayan (2024) Dual,FAIL,,Browser blocked the media response (ORB; invalid or cross-origin media response),readyState=0; video=0x0; currentTime=0.00s; playing=False; progressed=False,2,2026-08-29T16:39:46+00:00,movie:raayan-2024-dual:24
1208,movie,Mix Movies,Snack Shack (2024) Dual,FAIL,,Browser blocked the media response (ORB; invalid or cross-origin media response),readyState=0; video=0x0; currentTime=0.00s; playing=False; progressed=False,2,2026-08-29T16:39:56+00:00,movie:snack-shack-2024-dual:25
1209,movie,Mix Movies,CSI Sanatan (2023) Dual,FAIL,,Browser blocked the media response (ORB; invalid or cross-origin media response),readyState=0; video=0x0; currentTime=0.00s; playing=False; progressed=False,2,2026-08-29T16:40:31+00:00,movie:csi-sanatan-2023-dual:26
1210,movie,Mix Movies,Doraemon Nobitas Sky Utopia (2023) Dual,FAIL,,Browser blocked the media response (ORB; invalid or cross-origin media response),readyState=0; video=0x0; currentTime=0.00s; playing=False; progressed=False,2,2026-08-29T16:40:32+00:00,movie:doraemon-nobitas-sky-utopia-2023-dual:27
1211,movie,Mix Movies,Love O2O (2023) S01E01 04,FAIL,,Browser blocked the media response (ORB; invalid or cross-origin media response),readyState=0; video=0x0; currentTime=0.00s; playing=False; progressed=False,2,2026-08-29T16:40:55+00:00,movie:love-o2o-2023-s01e01-04:28
1212,movie,Mix Movies,My Neighbour Cant Sleep (2023) S01,FAIL,,Browser blocked the media response (ORB; invalid or cross-origin media response),readyState=0; video=0x0; currentTime=0.00s; playing=False; progressed=False,2,2026-08-29T16:41:00+00:00,movie:my-neighbour-cant-sleep-2023-s01:29
1213,movie,Mix Movies,Crackdown (2023) S02E04,FAIL,,Browser blocked the media response (ORB; invalid or cross-origin media response),readyState=0; video=0x0; currentTime=0.00s; playing=False; progressed=False,2,2026-08-29T16:41:36+00:00,movie:crackdown-2023-s02e04:30
1214,movie,Mix Movies,Crackdown (2023) S02E05,FAIL,,Browser blocked the media response (ORB; invalid or cross-origin media response),readyState=0; video=0x0; currentTime=0.00s; playing=False; progressed=False,2,2026-08-29T16:41:40+00:00,movie:crackdown-2023-s02e05:31
1215,movie,Mix Movies,Crackdown (2023) S02E06,FAIL,,Browser blocked the media response (ORB; invalid or cross-origin media response),readyState=0; video=0x0; currentTime=0.00s; playing=False; progressed=False,2,2026-08-29T16:42:01+00:00,movie:crackdown-2023-s02e06:32
1216,movie,Mix Movies,Crackdown (2023) S02E07,FAIL,,Browser blocked the media response (ORB; invalid or cross-origin media response),readyState=0; video=0x0; currentTime=0.00s; playing=False; progressed=False,2,2026-08-29T16:42:06+00:00,movie:crackdown-2023-s02e07:33
1217,movie,Mix Movies,Kumudini Bhavan (2023) S01,FAIL,,Browser blocked the media response (ORB; invalid or cross-origin media response),readyState=0; video=0x0; currentTime=0.00s; playing=False; progressed=False,2,2026-08-29T16:42:41+00:00,movie:kumudini-bhavan-2023-s01:34
1218,movie,Mix Movies,No Hard Feelings (2023) Dual,FAIL,,Browser blocked the media response (ORB; invalid or cross-origin media response),readyState=0; video=0x0; currentTime=0.00s; playing=False; progressed=False,2,2026-08-29T16:28:42+00:00,movie:no-hard-feelings-2023-dual:35
1219,movie,Mix Movies,XO Kitty (2023) Dual,FAIL,,Browser blocked the media response (ORB; invalid or cross-origin media response),readyState=0; video=0x0; currentTime=0.00s; playing=False; progressed=False,2,2026-08-29T16:28:41+00:00,movie:xo-kitty-2023-dual:36
1220,movie,Mix Movies,Deep Sea Mutant Snake (2022) Dual,FAIL,,Browser blocked the media response (ORB; invalid or cross-origin media response),readyState=0; video=0x0; currentTime=0.00s; playing=False; progressed=False,2,2026-08-29T16:29:34+00:00,movie:deep-sea-mutant-snake-2022-dual:37
1221,movie,Mix Movies,Devotion 2022,FAIL,,Browser blocked the media response (ORB; invalid or cross-origin media response),readyState=0; video=0x0; currentTime=0.00s; playing=False; progressed=False,2,2026-08-29T16:29:35+00:00,movie:devotion-2022:38
1222,movie,Mix Movies,Infinite Storm (2022) Dual ORG,FAIL,,Browser blocked the media response (ORB; invalid or cross-origin media response),readyState=0; video=0x0; currentTime=0.00s; playing=False; progressed=False,2,2026-08-29T16:29:48+00:00,movie:infinite-storm-2022-dual-org:39
1223,movie,Mix Movies,Project Gemini 2022 dual,FAIL,,Browser blocked the media response (ORB; invalid or cross-origin media response),readyState=0; video=0x0; currentTime=0.00s; playing=False; progressed=False,2,2026-08-29T16:29:50+00:00,movie:project-gemini-2022-dual:40
1224,movie,Mix Movies,Giant Python (2021) Dual,FAIL,,Browser blocked the media response (ORB; invalid or cross-origin media response),readyState=0; video=0x0; currentTime=0.00s; playing=False; progressed=False,2,2026-08-29T16:30:43+00:00,movie:giant-python-2021-dual:41
1225,movie,Mix Movies,The Mitchells vs The Machines 2021 new,FAIL,,Browser blocked the media response (ORB; invalid or cross-origin media response),readyState=0; video=0x0; currentTime=0.00s; playing=False; progressed=False,2,2026-08-29T16:30:43+00:00,movie:the-mitchells-vs-the-machines-2021-new:42
1226,movie,Mix Movies,Annaatthe (2021) Dual,FAIL,,Browser blocked the media response (ORB; invalid or cross-origin media response),readyState=0; video=0x0; currentTime=0.00s; playing=False; progressed=False,2,2026-08-29T16:31:03+00:00,movie:annaatthe-2021-dual:43
1227,movie,Mix Movies,Girlfriend (2018),FAIL,,Browser blocked the media response (ORB; invalid or cross-origin media response),readyState=0; video=0x0; currentTime=0.00s; playing=False; progressed=False,2,2026-08-29T16:31:04+00:00,movie:girlfriend-2018:44
1228,movie,Mix Movies,The Death Of Enchantress 2018 HIN CHI,FAIL,,Browser blocked the media response (ORB; invalid or cross-origin media response),readyState=0; video=0x0; currentTime=0.00s; playing=False; progressed=False,2,2026-08-29T16:31:49+00:00,movie:the-death-of-enchantress-2018-hin-chi:45
1229,movie,Mix Movies,The Predator 2018 Dual,FAIL,,Browser blocked the media response (ORB; invalid or cross-origin media response),readyState=0; video=0x0; currentTime=0.00s; playing=False; progressed=False,2,2026-08-29T16:31:55+00:00,movie:the-predator-2018-dual:46
1230,movie,Mix Movies,Ittefaq 2017 BluRay,FAIL,,Browser blocked the media response (ORB; invalid or cross-origin media response),readyState=0; video=0x0; currentTime=0.00s; playing=False; progressed=False,2,2026-08-29T16:32:13+00:00,movie:ittefaq-2017-bluray:47
1231,movie,Mix Movies,Time Trap 2017 Dual,FAIL,,Browser blocked the media response (ORB; invalid or cross-origin media response),readyState=0; video=0x0; currentTime=0.00s; playing=False; progressed=False,2,2026-08-29T16:32:16+00:00,movie:time-trap-2017-dual:48
1232,movie,Mix Movies,Snitch (2013) BluRay Dual,FAIL,,Browser blocked the media response (ORB; invalid or cross-origin media response),readyState=0; video=0x0; currentTime=0.00s; playing=False; progressed=False,2,2026-08-29T16:32:58+00:00,movie:snitch-2013-bluray-dual:49
1233,movie,Mix Movies,The Apparition (2012) Dual,FAIL,,Browser blocked the media response (ORB; invalid or cross-origin media response),readyState=0; video=0x0; currentTime=0.00s; playing=False; progressed=False,2,2026-08-29T16:33:04+00:00,movie:the-apparition-2012-dual:50
1234,movie,Mix Movies,Reign of Assassins (2010) Dual,FAIL,,Browser blocked the media response (ORB; invalid or cross-origin media response),readyState=0; video=0x0; currentTime=0.00s; playing=False; progressed=False,2,2026-08-29T16:37:35+00:00,movie:reign-of-assassins-2010-dual:51
1235,movie,Mix Movies,The Switch 2010 Dual,FAIL,,Browser blocked the media response (ORB; invalid or cross-origin media response),readyState=0; video=0x0; currentTime=0.00s; playing=False; progressed=False,2,2026-08-29T16:37:44+00:00,movie:the-switch-2010-dual:52
1236,movie,Mix Movies,Final Destination 3 (2006) Dual,FAIL,,Browser blocked the media response (ORB; invalid or cross-origin media response),readyState=0; video=0x0; currentTime=0.00s; playing=False; progressed=False,2,2026-08-29T16:38:14+00:00,movie:final-destination-3-2006-dual:53
1237,movie,Mix Movies,Taarzan The Wonder Car (2004) ESub,FAIL,,Browser blocked the media response (ORB; invalid or cross-origin media response),readyState=0; video=0x0; currentTime=0.00s; playing=False; progressed=False,2,2026-08-29T16:38:22+00:00,movie:taarzan-the-wonder-car-2004-esub:54
1238,movie,Mix Movies,Barb Wire 1996 Dual,FAIL,,Browser blocked the media response (ORB; invalid or cross-origin media response),readyState=0; video=0x0; currentTime=0.00s; playing=False; progressed=False,2,2026-08-29T16:38:41+00:00,movie:barb-wire-1996-dual:55
1239,movie,Mix Movies,Demonwarp 1988 Dual,FAIL,,Browser blocked the media response (ORB; invalid or cross-origin media response),readyState=0; video=0x0; currentTime=0.00s; playing=False; progressed=False,2,2026-08-29T16:38:50+00:00,movie:demonwarp-1988-dual:56
1240,movie,Mix Movies,Amidst A Snowstorm Of Love S01E01 05,FAIL,,Browser blocked the media response (ORB; invalid or cross-origin media response),readyState=0; video=0x0; currentTime=0.00s; playing=False; progressed=False,2,2026-08-29T16:39:21+00:00,movie:amidst-a-snowstorm-of-love-s01e01-05:57
1241,movie,Mix Movies,Brothers and Sisters S01E53 56 Dual,FAIL,,Browser blocked the media response (ORB; invalid or cross-origin media response),readyState=0; video=0x0; currentTime=0.00s; playing=False; progressed=False,2,2026-08-29T16:39:28+00:00,movie:brothers-and-sisters-s01e53-56-dual:58
1242,movie,Mix Movies,Dadagiri Unlimited S11E15,FAIL,,Browser blocked the media response (ORB; invalid or cross-origin media response),readyState=0; video=0x0; currentTime=0.00s; playing=False; progressed=False,2,2026-08-29T16:39:51+00:00,movie:dadagiri-unlimited-s11e15:59
1243,movie,Mix Movies,Eken Babu S02 Complete,FAIL,,Browser blocked the media response (ORB; invalid or cross-origin media response),readyState=0; video=0x0; currentTime=0.00s; playing=False; progressed=False,2,2026-08-29T16:39:58+00:00,movie:eken-babu-s02-complete:60
1244,movie,Mix Movies,Family By Choice S01 Korean,FAIL,,Browser blocked the media response (ORB; invalid or cross-origin media response),readyState=0; video=0x0; currentTime=0.00s; playing=False; progressed=False,2,2026-08-29T16:40:34+00:00,movie:family-by-choice-s01-korean:61
1245,movie,Mix Movies,Indian Game Show S02E01,FAIL,,Browser blocked the media response (ORB; invalid or cross-origin media response),readyState=0; video=0x0; currentTime=0.00s; playing=False; progressed=False,2,2026-08-29T16:40:35+00:00,movie:indian-game-show-s02e01:62
1246,movie,Mix Movies,Kurulus Osman S01E12 14,FAIL,,Browser blocked the media response (ORB; invalid or cross-origin media response),readyState=0; video=0x0; currentTime=0.00s; playing=False; progressed=False,2,2026-08-29T16:40:57+00:00,movie:kurulus-osman-s01e12-14:63
1247,movie,Mix Movies,Kurulus Osman S02E61 65,FAIL,,Browser blocked the media response (ORB; invalid or cross-origin media response),readyState=0; video=0x0; currentTime=0.00s; playing=False; progressed=False,2,2026-08-29T16:41:03+00:00,movie:kurulus-osman-s02e61-65:64
1248,movie,Mix Movies,Lanterns S01E02 Dual,FAIL,,Browser blocked the media response (ORB; invalid or cross-origin media response),readyState=0; video=0x0; currentTime=0.00s; playing=False; progressed=False,2,2026-08-29T16:41:39+00:00,movie:lanterns-s01e02-dual:65
1249,movie,Mix Movies,Little Things S02E0 08 Milk Cake,FAIL,,Browser blocked the media response (ORB; invalid or cross-origin media response),readyState=0; video=0x0; currentTime=0.00s; playing=False; progressed=False,2,2026-08-29T16:41:43+00:00,movie:little-things-s02e0-08-milk-cake:66
1250,movie,Mix Movies,Mumbai Police,FAIL,,Browser blocked the media response (ORB; invalid or cross-origin media response),readyState=0; video=0x0; currentTime=0.00s; playing=False; progressed=False,2,2026-08-29T16:42:04+00:00,movie:mumbai-police:67
1251,movie,Mix Movies,My Bias My Boss S01E07 Dual,FAIL,,Browser blocked the media response (ORB; invalid or cross-origin media response),readyState=0; video=0x0; currentTime=0.00s; playing=False; progressed=False,2,2026-08-29T16:42:11+00:00,movie:my-bias-my-boss-s01e07-dual:68
1252,movie,Mix Movies,Peaky Blinders S04E06 BluRay HIN ENG),FAIL,,Browser blocked the media response (ORB; invalid or cross-origin media response),readyState=0; video=0x0; currentTime=0.00s; playing=False; progressed=False,2,2026-08-29T16:42:44+00:00,movie:peaky-blinders-s04e06-bluray-hin-eng:69
1253,movie,Mix Movies,Sakamoto Days S01 Multi,FAIL,,Browser blocked the media response (ORB; invalid or cross-origin media response),readyState=0; video=0x0; currentTime=0.00s; playing=False; progressed=False,2,2026-08-29T16:28:44+00:00,movie:sakamoto-days-s01-multi:70
1254,movie,Mix Movies,Spooky in Love S01E12 Dual,FAIL,,Browser blocked the media response (ORB; invalid or cross-origin media response),readyState=0; video=0x0; currentTime=0.00s; playing=False; progressed=False,2,2026-08-29T16:28:45+00:00,movie:spooky-in-love-s01e12-dual:71
1255,movie,Mix Movies,Sultan Salahuddin Ayyubi S01E16,FAIL,,Browser blocked the media response (ORB; invalid or cross-origin media response),readyState=0; video=0x0; currentTime=0.00s; playing=False; progressed=False,2,2026-08-29T16:29:37+00:00,movie:sultan-salahuddin-ayyubi-s01e16:72
1256,movie,Mix Movies,Sultan Salahuddin Ayyubi S01E17,FAIL,,Browser blocked the media response (ORB; invalid or cross-origin media response),readyState=0; video=0x0; currentTime=0.00s; playing=False; progressed=False,2,2026-08-29T16:29:39+00:00,movie:sultan-salahuddin-ayyubi-s01e17:73
1257,movie,Mix Movies,Sultan Salahuddin Ayyubi S01E18,FAIL,,Browser blocked the media response (ORB; invalid or cross-origin media response),readyState=0; video=0x0; currentTime=0.00s; playing=False; progressed=False,2,2026-08-29T16:29:52+00:00,movie:sultan-salahuddin-ayyubi-s01e18:74
1258,movie,Mix Movies,Sultan Salahuddin Ayyubi S01E19,FAIL,,Browser blocked the media response (ORB; invalid or cross-origin media response),readyState=0; video=0x0; currentTime=0.00s; playing=False; progressed=False,2,2026-08-29T16:29:54+00:00,movie:sultan-salahuddin-ayyubi-s01e19:75
1259,movie,Mix Movies,Vikram On Duty S01E57 60 Dual,FAIL,,Browser blocked the media response (ORB; invalid or cross-origin media response),readyState=0; video=0x0; currentTime=0.00s; playing=False; progressed=False,2,2026-08-29T16:30:46+00:00,movie:vikram-on-duty-s01e57-60-dual:76
1260,movie,Mix Movies,Vikram On Duty S01E61 64 Dual,FAIL,,Browser blocked the media response (ORB; invalid or cross-origin media response),readyState=0; video=0x0; currentTime=0.00s; playing=False; progressed=False,2,2026-08-29T16:30:46+00:00,movie:vikram-on-duty-s01e61-64-dual:77
1261,movie,Mix Movies,Wanrus Journey S01E01 06 Dual,FAIL,,Browser blocked the media response (ORB; invalid or cross-origin media response),readyState=0; video=0x0; currentTime=0.00s; playing=False; progressed=False,2,2026-08-29T16:31:06+00:00,movie:wanrus-journey-s01e01-06-dual:78
1262,movie,Mix Movies,GOOD BOY S01E13 Dual,FAIL,,Browser blocked the media response (ORB; invalid or cross-origin media response),readyState=0; video=0x0; currentTime=0.00s; playing=False; progressed=False,2,2026-08-29T16:31:06+00:00,movie:good-boy-s01e13-dual:79
1263,movie,Mix Movies,Indias Best Dancer S05E24,FAIL,,Browser blocked the media response (ORB; invalid or cross-origin media response),readyState=0; video=0x0; currentTime=0.00s; playing=False; progressed=False,2,2026-08-29T16:31:52+00:00,movie:indias-best-dancer-s05e24:80
1264,movie,Mix Movies,Kurulus Osman S02E31 35,FAIL,,Browser blocked the media response (ORB; invalid or cross-origin media response),readyState=0; video=0x0; currentTime=0.00s; playing=False; progressed=False,2,2026-08-29T16:31:58+00:00,movie:kurulus-osman-s02e31-35:81
1265,movie,Mix Movies,Kurulus Osman S02E36 40,FAIL,,Browser blocked the media response (ORB; invalid or cross-origin media response),readyState=0; video=0x0; currentTime=0.00s; playing=False; progressed=False,2,2026-08-29T16:32:16+00:00,movie:kurulus-osman-s02e36-40:82
1266,movie,Mix Movies,MTV Hustle S05E06,FAIL,,Browser blocked the media response (ORB; invalid or cross-origin media response),readyState=0; video=0x0; currentTime=0.00s; playing=False; progressed=False,2,2026-08-29T16:32:20+00:00,movie:mtv-hustle-s05e06:83
1267,movie,Mix Movies,Mysterious Love S01,FAIL,,Browser blocked the media response (ORB; invalid or cross-origin media response),readyState=0; video=0x0; currentTime=0.00s; playing=False; progressed=False,2,2026-08-29T16:33:00+00:00,movie:mysterious-love-s01:84
1268,movie,Mix Movies,Office Romance Dual,FAIL,,Browser blocked the media response (ORB; invalid or cross-origin media response),readyState=0; video=0x0; currentTime=0.00s; playing=False; progressed=False,2,2026-08-29T16:33:06+00:00,movie:office-romance-dual:85
1269,movie,Mix Movies,Peaky Blinders S05,FAIL,,Browser blocked the media response (ORB; invalid or cross-origin media response),readyState=0; video=0x0; currentTime=0.00s; playing=False; progressed=False,2,2026-08-29T16:37:38+00:00,movie:peaky-blinders-s05:86
1270,movie,Mix Movies,Sultan Suleiman E65 70,FAIL,,Browser blocked the media response (ORB; invalid or cross-origin media response),readyState=0; video=0x0; currentTime=0.00s; playing=False; progressed=False,2,2026-08-29T16:37:47+00:00,movie:sultan-suleiman-e65-70:87
1271,movie,Mix Movies,The Idol S01 Complete Dual,FAIL,,Browser blocked the media response (ORB; invalid or cross-origin media response),readyState=0; video=0x0; currentTime=0.00s; playing=False; progressed=False,2,2026-08-29T16:38:17+00:00,movie:the-idol-s01-complete-dual:88
1272,movie,Mix Movies,The Madison S01E01 03 Dual,FAIL,,Browser blocked the media response (ORB; invalid or cross-origin media response),readyState=0; video=0x0; currentTime=0.00s; playing=False; progressed=False,2,2026-08-29T16:38:25+00:00,movie:the-madison-s01e01-03-dual:89
1273,movie,Mix Movies,Voot Shashuri DP,FAIL,,Browser blocked the media response (ORB; invalid or cross-origin media response),readyState=0; video=0x0; currentTime=0.00s; playing=False; progressed=False,2,2026-08-29T16:38:43+00:00,movie:voot-shashuri-dp:90
1274,movie,Mix Movies,XO Kitty S02 dual,FAIL,,Browser blocked the media response (ORB; invalid or cross-origin media response),readyState=0; video=0x0; currentTime=0.00s; playing=False; progressed=False,2,2026-08-29T16:38:53+00:00,movie:xo-kitty-s02-dual:91
1275,movie,Mix Movies,Ajeya Special Task Force (2026) S01,FAIL,,Browser blocked the media response (ORB; invalid or cross-origin media response),readyState=0; video=0x0; currentTime=0.00s; playing=False; progressed=False,2,2026-08-29T16:39:26+00:00,movie:ajeya-special-task-force-2026-s01:92
1276,movie,Mix Movies,Bury The Devil 2026 Dual,FAIL,,Browser blocked the media response (ORB; invalid or cross-origin media response),readyState=0; video=0x0; currentTime=0.00s; playing=False; progressed=False,2,2026-08-29T16:39:31+00:00,movie:bury-the-devil-2026-dual:93
1277,movie,Mix Movies,Clean Up Company (2026) S01,FAIL,,Browser blocked the media response (ORB; invalid or cross-origin media response),readyState=0; video=0x0; currentTime=0.00s; playing=False; progressed=False,2,2026-08-29T16:39:53+00:00,movie:clean-up-company-2026-s01:94
1278,movie,Mix Movies,Dial 1975 (2026),FAIL,,Browser blocked the media response (ORB; invalid or cross-origin media response),readyState=0; video=0x0; currentTime=0.00s; playing=False; progressed=False,2,2026-08-29T16:40:02+00:00,movie:dial-1975-2026:95
1279,movie,Mix Movies,Facing El Chapo (2026) Dual,FAIL,,Browser blocked the media response (ORB; invalid or cross-origin media response),readyState=0; video=0x0; currentTime=0.00s; playing=False; progressed=False,2,2026-08-29T16:40:38+00:00,movie:facing-el-chapo-2026-dual:96
1280,movie,Mix Movies,Insidious 6 (2026) Dual HDTC,FAIL,,Browser blocked the media response (ORB; invalid or cross-origin media response),readyState=0; video=0x0; currentTime=0.00s; playing=False; progressed=False,2,2026-08-29T16:40:39+00:00,movie:insidious-6-2026-dual-hdtc:97
1281,movie,Mix Movies,Rosebush Pruning (2026),FAIL,,Browser blocked the media response (ORB; invalid or cross-origin media response),readyState=0; video=0x0; currentTime=0.00s; playing=False; progressed=False,2,2026-08-29T16:41:00+00:00,movie:rosebush-pruning-2026:98
1282,movie,Mix Movies,Snake 5 Monster City (2026) Dual,FAIL,,Browser blocked the media response (ORB; invalid or cross-origin media response),readyState=0; video=0x0; currentTime=0.00s; playing=False; progressed=False,2,2026-08-29T16:41:07+00:00,movie:snake-5-monster-city-2026-dual:99
1283,movie,Mix Movies,Welcome to the Jungle (2026),FAIL,,Browser blocked the media response (ORB; invalid or cross-origin media response),readyState=0; video=0x0; currentTime=0.00s; playing=False; progressed=False,2,2026-08-29T16:41:43+00:00,movie:welcome-to-the-jungle-2026:100
1284,movie,Mix Movies,Bini Sutor Taan (2026),FAIL,,Browser blocked the media response (ORB; invalid or cross-origin media response),readyState=0; video=0x0; currentTime=0.00s; playing=False; progressed=False,2,2026-08-29T16:41:45+00:00,movie:bini-sutor-taan-2026:101
1285,movie,Mix Movies,Khatron Ke Khiladi (2026) S15E07,FAIL,,Browser blocked the media response (ORB; invalid or cross-origin media response),readyState=0; video=0x0; currentTime=0.00s; playing=False; progressed=False,2,2026-08-29T16:42:06+00:00,movie:khatron-ke-khiladi-2026-s15e07:102
1286,movie,Mix Movies,WWE Friday Night SmackDown 2026 08 22,FAIL,,Browser blocked the media response (ORB; invalid or cross-origin media response),readyState=0; video=0x0; currentTime=0.00s; playing=False; progressed=False,2,2026-08-29T16:42:13+00:00,movie:wwe-friday-night-smackdown-2026-08-22:103
1287,movie,Mix Movies,Somebody 2025 Dual,FAIL,,Browser blocked the media response (ORB; invalid or cross-origin media response),readyState=0; video=0x0; currentTime=0.00s; playing=False; progressed=False,2,2026-08-29T16:42:48+00:00,movie:somebody-2025-dual:104
1288,movie,Mix Movies,Cousins and Kalyanams S01E49 52 Dual,FAIL,,Browser blocked the media response (ORB; invalid or cross-origin media response),readyState=0; video=0x0; currentTime=0.00s; playing=False; progressed=False,2,2026-08-29T16:28:49+00:00,movie:cousins-and-kalyanams-s01e49-52-dual:105
1289,movie,Mix Movies,Dadagiri Unlimited S11E14,FAIL,,Browser blocked the media response (ORB; invalid or cross-origin media response),readyState=0; video=0x0; currentTime=0.00s; playing=False; progressed=False,2,2026-08-29T16:28:48+00:00,movie:dadagiri-unlimited-s11e14:106
1290,movie,Mix Movies,Resort S01E93 96,FAIL,,Browser blocked the media response (ORB; invalid or cross-origin media response),readyState=0; video=0x0; currentTime=0.00s; playing=False; progressed=False,2,2026-08-29T16:29:41+00:00,movie:resort-s01e93-96:107
1291,movie,Mix Movies,Spooky in Love S01E11 Dual,FAIL,,Browser blocked the media response (ORB; invalid or cross-origin media response),readyState=0; video=0x0; currentTime=0.00s; playing=False; progressed=False,2,2026-08-29T16:29:42+00:00,movie:spooky-in-love-s01e11-dual:108
1292,movie,Mix Movies,Thukra Ke Mera Pyaar S02E38 41 Dual,FAIL,,Browser blocked the media response (ORB; invalid or cross-origin media response),readyState=0; video=0x0; currentTime=0.00s; playing=False; progressed=False,2,2026-08-29T16:29:56+00:00,movie:thukra-ke-mera-pyaar-s02e38-41-dual:109
1293,movie,Mix Movies,Vikram On Duty S01E97 100 Dual,FAIL,,Browser blocked the media response (ORB; invalid or cross-origin media response),readyState=0; video=0x0; currentTime=0.00s; playing=False; progressed=False,2,2026-08-29T16:29:56+00:00,movie:vikram-on-duty-s01e97-100-dual:110
1294,movie,Mix Movies,Love Me Love Me (2026) Dual,FAIL,,Browser blocked the media response (ORB; invalid or cross-origin media response),readyState=0; video=0x0; currentTime=0.00s; playing=False; progressed=False,2,2026-08-29T16:30:48+00:00,movie:love-me-love-me-2026-dual:111
1295,movie,Mix Movies,Whistle (2025) Dual,FAIL,,Browser blocked the media response (ORB; invalid or cross-origin media response),readyState=0; video=0x0; currentTime=0.00s; playing=False; progressed=False,2,2026-08-29T16:30:49+00:00,movie:whistle-2025-dual:112
1296,movie,Mix Movies,Rickshaw Girl (2025),FAIL,,Browser blocked the media response (ORB; invalid or cross-origin media response),readyState=0; video=0x0; currentTime=0.00s; playing=False; progressed=False,2,2026-08-29T16:31:08+00:00,movie:rickshaw-girl-2025:113
1297,movie,Mix Movies,The Last Of Us (2025) S02E02 Dual,FAIL,,Browser blocked the media response (ORB; invalid or cross-origin media response),readyState=0; video=0x0; currentTime=0.00s; playing=False; progressed=False,2,2026-08-29T16:31:09+00:00,movie:the-last-of-us-2025-s02e02-dual:114
1298,movie,Mix Movies,Paramporul (2023) Dual,FAIL,,Browser blocked the media response (ORB; invalid or cross-origin media response),readyState=0; video=0x0; currentTime=0.00s; playing=False; progressed=False,2,2026-08-29T16:31:55+00:00,movie:paramporul-2023-dual:115
1299,movie,Mix Movies,Taxi Driver (2021) S01 Dual,FAIL,,Browser blocked the media response (ORB; invalid or cross-origin media response),readyState=0; video=0x0; currentTime=0.00s; playing=False; progressed=False,2,2026-08-29T16:32:00+00:00,movie:taxi-driver-2021-s01-dual:116
1300,movie,Mix Movies,The Medium 2021 HIN Thai,FAIL,,Browser blocked the media response (ORB; invalid or cross-origin media response),readyState=0; video=0x0; currentTime=0.00s; playing=False; progressed=False,2,2026-08-29T16:32:19+00:00,movie:the-medium-2021-hin-thai:117
1301,movie,Mix Movies,Th Pnshr 2004 Dl Ad Hnd BlRy,FAIL,,Browser blocked the media response (ORB; invalid or cross-origin media response),readyState=0; video=0x0; currentTime=0.00s; playing=False; progressed=False,2,2026-08-29T16:32:23+00:00,movie:th-pnshr-2004-dl-ad-hnd-blry:118
1302,movie,Mix Movies,Swimming Pool (2003) Dual,FAIL,,Browser blocked the media response (ORB; invalid or cross-origin media response),readyState=0; video=0x0; currentTime=0.00s; playing=False; progressed=False,2,2026-08-29T16:33:03+00:00,movie:swimming-pool-2003-dual:119
1303,movie,Mix Movies,The Truman Show (1998) Dual BluRay,FAIL,,Browser blocked the media response (ORB; invalid or cross-origin media response),readyState=0; video=0x0; currentTime=0.00s; playing=False; progressed=False,2,2026-08-29T16:33:09+00:00,movie:the-truman-show-1998-dual-bluray:120
1304,movie,Mix Movies,Bachelor Point S05E105,FAIL,,Browser blocked the media response (ORB; invalid or cross-origin media response),readyState=0; video=0x0; currentTime=0.00s; playing=False; progressed=False,2,2026-08-29T16:37:42+00:00,movie:bachelor-point-s05e105:121
1305,movie,Mix Movies,Bachelor Point S05E105 112 n,FAIL,,Browser blocked the media response (ORB; invalid or cross-origin media response),readyState=0; video=0x0; currentTime=0.00s; playing=False; progressed=False,2,2026-08-29T16:37:51+00:00,movie:bachelor-point-s05e105-112-n:122
1306,movie,Mix Movies,Bachelor Point S05E106,FAIL,,Browser blocked the media response (ORB; invalid or cross-origin media response),readyState=0; video=0x0; currentTime=0.00s; playing=False; progressed=False,2,2026-08-29T16:38:21+00:00,movie:bachelor-point-s05e106:123
1307,movie,Mix Movies,Bachelor Point S05E107,FAIL,,Browser blocked the media response (ORB; invalid or cross-origin media response),readyState=0; video=0x0; currentTime=0.00s; playing=False; progressed=False,2,2026-08-29T16:38:27+00:00,movie:bachelor-point-s05e107:124
1308,movie,Mix Movies,Bachelor Point S05E108,FAIL,,Browser blocked the media response (ORB; invalid or cross-origin media response),readyState=0; video=0x0; currentTime=0.00s; playing=False; progressed=False,2,2026-08-29T16:38:48+00:00,movie:bachelor-point-s05e108:125
1309,movie,Mix Movies,Bachelor Point S05E109,FAIL,,Browser blocked the media response (ORB; invalid or cross-origin media response),readyState=0; video=0x0; currentTime=0.00s; playing=False; progressed=False,2,2026-08-29T16:38:57+00:00,movie:bachelor-point-s05e109:126
1310,movie,Mix Movies,Bachelor Point S05E110,FAIL,,Browser blocked the media response (ORB; invalid or cross-origin media response),readyState=0; video=0x0; currentTime=0.00s; playing=False; progressed=False,2,2026-08-29T16:39:30+00:00,movie:bachelor-point-s05e110:127
1311,movie,Mix Movies,Bachelor Point S05E111,FAIL,,Browser blocked the media response (ORB; invalid or cross-origin media response),readyState=0; video=0x0; currentTime=0.00s; playing=False; progressed=False,2,2026-08-29T16:39:36+00:00,movie:bachelor-point-s05e111:128
1312,movie,Mix Movies,Bachelor Point S05E112,FAIL,,Browser blocked the media response (ORB; invalid or cross-origin media response),readyState=0; video=0x0; currentTime=0.00s; playing=False; progressed=False,2,2026-08-29T16:39:58+00:00,movie:bachelor-point-s05e112:129
1313,movie,Mix Movies,Dexter Original Sin S01E01,FAIL,,Browser blocked the media response (ORB; invalid or cross-origin media response),readyState=0; video=0x0; currentTime=0.00s; playing=False; progressed=False,2,2026-08-29T16:40:05+00:00,movie:dexter-original-sin-s01e01:130
1314,movie,Mix Movies,Kurulus Osman S01E15,FAIL,,Browser blocked the media response (ORB; invalid or cross-origin media response),readyState=0; video=0x0; currentTime=0.00s; playing=False; progressed=False,2,2026-08-29T16:40:41+00:00,movie:kurulus-osman-s01e15:131
1315,movie,Mix Movies,Outer Banks S05 Dual,FAIL,,Browser blocked the media response (ORB; invalid or cross-origin media response),readyState=0; video=0x0; currentTime=0.00s; playing=False; progressed=False,2,2026-08-29T16:40:42+00:00,movie:outer-banks-s05-dual:132
1316,movie,Mix Movies,The Traitors S02E04,FAIL,,Browser blocked the media response (ORB; invalid or cross-origin media response),readyState=0; video=0x0; currentTime=0.00s; playing=False; progressed=False,2,2026-08-29T16:41:02+00:00,movie:the-traitors-s02e04:133
1317,movie,Mix Movies,The Traitors S02E05,FAIL,,Browser blocked the media response (ORB; invalid or cross-origin media response),readyState=0; video=0x0; currentTime=0.00s; playing=False; progressed=False,2,2026-08-29T16:41:09+00:00,movie:the-traitors-s02e05:134
1318,movie,Mix Movies,The Traitors S02E06,FAIL,,Browser blocked the media response (ORB; invalid or cross-origin media response),readyState=0; video=0x0; currentTime=0.00s; playing=False; progressed=False,2,2026-08-29T16:41:46+00:00,movie:the-traitors-s02e06:135
1319,movie,Mix Movies,Peaky Blinders S05E06 Dual new,FAIL,,Browser blocked the media response (ORB; invalid or cross-origin media response),readyState=0; video=0x0; currentTime=0.00s; playing=False; progressed=False,2,2026-08-29T16:41:47+00:00,movie:peaky-blinders-s05e06-dual-new:136
1320,movie,Mix Movies,Rangbaaz S01 Complete,FAIL,,Browser blocked the media response (ORB; invalid or cross-origin media response),readyState=0; video=0x0; currentTime=0.00s; playing=False; progressed=False,2,2026-08-29T16:42:08+00:00,movie:rangbaaz-s01-complete:137
1321,movie,Mix Movies,The Last Of Us S02E01 Dual,FAIL,,Browser blocked the media response (ORB; invalid or cross-origin media response),readyState=0; video=0x0; currentTime=0.00s; playing=False; progressed=False,2,2026-08-29T16:42:16+00:00,movie:the-last-of-us-s02e01-dual:138
1322,movie,Mix Movies,Reacher (2026) S04E04 Dual,FAIL,,Browser blocked the media response (ORB; invalid or cross-origin media response),readyState=0; video=0x0; currentTime=0.00s; playing=False; progressed=False,2,2026-08-29T16:42:53+00:00,movie:reacher-2026-s04e04-dual:141
1323,movie,Mix Movies,Sapne Vs Everyone (2026) S02 Dual,FAIL,,Browser blocked the media response (ORB; invalid or cross-origin media response),readyState=0; video=0x0; currentTime=0.00s; playing=False; progressed=False,2,2026-08-29T16:28:51+00:00,movie:sapne-vs-everyone-2026-s02-dual:144
1324,movie,Mix Movies,Ek Tha Tiger 2012 BluRay,FAIL,,Browser blocked the media response (ORB; invalid or cross-origin media response),readyState=0; video=0x0; currentTime=0.00s; playing=False; progressed=False,2,2026-08-29T16:28:50+00:00,movie:ek-tha-tiger-2012-bluray:147
1325,movie,Mix Movies,My Bias My Boss S01E06 Dual,FAIL,,Browser blocked the media response (ORB; invalid or cross-origin media response),readyState=0; video=0x0; currentTime=0.00s; playing=False; progressed=False,2,2026-08-29T16:29:46+00:00,movie:my-bias-my-boss-s01e06-dual:150
1326,movie,Mix Movies,The Veil S01E40 43,FAIL,,Browser blocked the media response (ORB; invalid or cross-origin media response),readyState=0; video=0x0; currentTime=0.00s; playing=False; progressed=False,2,2026-08-29T16:29:44+00:00,movie:the-veil-s01e40-43:151
1327,movie,Mix Movies,Colony (2026) Dual,FAIL,,Browser blocked the media response (ORB; invalid or cross-origin media response),readyState=0; video=0x0; currentTime=0.00s; playing=False; progressed=False,2,2026-08-29T16:30:01+00:00,movie:colony-2026-dual:139
1328,movie,Mix Movies,Mad Concrete Dreams (2026) Dual,FAIL,,Browser blocked the media response (ORB; invalid or cross-origin media response),readyState=0; video=0x0; currentTime=0.00s; playing=False; progressed=False,2,2026-08-29T16:29:59+00:00,movie:mad-concrete-dreams-2026-dual:140
1329,movie,Mix Movies,Toy Story 5 2026 DualL,FAIL,,Browser blocked the media response (ORB; invalid or cross-origin media response),readyState=0; video=0x0; currentTime=0.00s; playing=False; progressed=False,2,2026-08-29T16:30:53+00:00,movie:toy-story-5-2026-duall:142
1330,movie,Mix Movies,Khatron Ke Khiladi (2026) S15E05,FAIL,,Browser blocked the media response (ORB; invalid or cross-origin media response),readyState=0; video=0x0; currentTime=0.00s; playing=False; progressed=False,2,2026-08-29T16:30:51+00:00,movie:khatron-ke-khiladi-2026-s15e05:143
1331,movie,Mix Movies,The Great Flood 2025 dual,FAIL,,Browser blocked the media response (ORB; invalid or cross-origin media response),readyState=0; video=0x0; currentTime=0.00s; playing=False; progressed=False,2,2026-08-29T16:31:11+00:00,movie:the-great-flood-2025-dual:145
1332,movie,Mix Movies,Gullak 2022 S03,FAIL,,Browser blocked the media response (ORB; invalid or cross-origin media response),readyState=0; video=0x0; currentTime=0.00s; playing=False; progressed=False,2,2026-08-29T16:31:11+00:00,movie:gullak-2022-s03:153
1333,movie,Mix Movies,Annabelle Creation (2017) Dual,FAIL,,Browser blocked the media response (ORB; invalid or cross-origin media response),readyState=0; video=0x0; currentTime=0.00s; playing=False; progressed=False,2,2026-08-29T16:31:58+00:00,movie:annabelle-creation-2017-dual:154
1334,movie,Mix Movies,G I J03 R3t4114t10n 2013 Du41,FAIL,,Browser blocked the media response (ORB; invalid or cross-origin media response),readyState=0; video=0x0; currentTime=0.00s; playing=False; progressed=False,2,2026-08-29T16:32:03+00:00,movie:g-i-j03-r3t4114t10n-2013-du41:146
1335,movie,Mix Movies,Mujib Bhai,FAIL,,Browser blocked the media response (ORB; invalid or cross-origin media response),readyState=0; video=0x0; currentTime=0.00s; playing=False; progressed=False,2,2026-08-29T16:32:21+00:00,movie:mujib-bhai:148
1336,movie,Mix Movies,My Bias My Boss S01E05 Dual,FAIL,,Browser blocked the media response (ORB; invalid or cross-origin media response),readyState=0; video=0x0; currentTime=0.00s; playing=False; progressed=False,2,2026-08-29T16:32:27+00:00,movie:my-bias-my-boss-s01e05-dual:149
1337,movie,Mix Movies,Sultan Salahuddin Ayyubi S01E13,FAIL,,Browser blocked the media response (ORB; invalid or cross-origin media response),readyState=0; video=0x0; currentTime=0.00s; playing=False; progressed=False,2,2026-08-29T16:33:05+00:00,movie:sultan-salahuddin-ayyubi-s01e13:152
1338,movie,Mix Movies,Sultan Salahuddin Ayyubi S01E12,FAIL,,Browser blocked the media response (ORB; invalid or cross-origin media response),readyState=0; video=0x0; currentTime=0.00s; playing=False; progressed=False,2,2026-08-29T16:33:11+00:00,movie:sultan-salahuddin-ayyubi-s01e12:155
1339,movie,Mix Movies,Extraordinary Attorney Woo S01,FAIL,,Browser blocked the media response (ORB; invalid or cross-origin media response),readyState=0; video=0x0; currentTime=0.00s; playing=False; progressed=False,2,2026-08-29T16:37:45+00:00,movie:extraordinary-attorney-woo-s01:156
1340,movie,Mix Movies,Jubilee S01 new,FAIL,,Browser blocked the media response (ORB; invalid or cross-origin media response),readyState=0; video=0x0; currentTime=0.00s; playing=False; progressed=False,2,2026-08-29T16:37:54+00:00,movie:jubilee-s01-new:157
1341,movie,Mix Movies,Kaun Banega Crorepati S18E01,FAIL,,Browser blocked the media response (ORB; invalid or cross-origin media response),readyState=0; video=0x0; currentTime=0.00s; playing=False; progressed=False,2,2026-08-29T16:38:23+00:00,movie:kaun-banega-crorepati-s18e01:158
1342,movie,Mix Movies,Happy Raj 2026 Dual,FAIL,,Browser blocked the media response (ORB; invalid or cross-origin media response),readyState=0; video=0x0; currentTime=0.00s; playing=False; progressed=False,2,2026-08-29T16:38:30+00:00,movie:happy-raj-2026-dual:159
1343,movie,Mix Movies,LBW Love Beyond Wicket (2026) S01E117 120 Dual,FAIL,,Browser blocked the media response (ORB; invalid or cross-origin media response),readyState=0; video=0x0; currentTime=0.00s; playing=False; progressed=False,2,2026-08-29T16:38:50+00:00,movie:lbw-love-beyond-wicket-2026-s01e117-120-dual:160
1344,movie,Mix Movies,The Death of Robin Hood (2026) Dual,FAIL,,Browser blocked the media response (ORB; invalid or cross-origin media response),readyState=0; video=0x0; currentTime=0.00s; playing=False; progressed=False,2,2026-08-29T16:39:00+00:00,movie:the-death-of-robin-hood-2026-dual:161
1345,movie,Mix Movies,The End of Oak Street 2026 Dual HDTS,FAIL,,Browser blocked the media response (ORB; invalid or cross-origin media response),readyState=0; video=0x0; currentTime=0.00s; playing=False; progressed=False,2,2026-08-29T16:39:35+00:00,movie:the-end-of-oak-street-2026-dual-hdts:162
1346,movie,Mix Movies,Funky (2026) Dual,FAIL,,Browser blocked the media response (ORB; invalid or cross-origin media response),readyState=0; video=0x0; currentTime=0.00s; playing=False; progressed=False,2,2026-08-29T16:39:38+00:00,movie:funky-2026-dual:163
1347,movie,Mix Movies,Green Snake The Origin (2025) Dual,FAIL,,Browser blocked the media response (ORB; invalid or cross-origin media response),readyState=0; video=0x0; currentTime=0.00s; playing=False; progressed=False,2,2026-08-29T16:40:00+00:00,movie:green-snake-the-origin-2025-dual:164
1348,movie,Mix Movies,Kuberaa (2025) Dual,FAIL,,Browser blocked the media response (ORB; invalid or cross-origin media response),readyState=0; video=0x0; currentTime=0.00s; playing=False; progressed=False,2,2026-08-29T16:40:07+00:00,movie:kuberaa-2025-dual:165
1349,movie,Mix Movies,Nobody 2 (2025),FAIL,,Browser blocked the media response (ORB; invalid or cross-origin media response),readyState=0; video=0x0; currentTime=0.00s; playing=False; progressed=False,2,2026-08-29T16:40:43+00:00,movie:nobody-2-2025:166
1350,movie,Mix Movies,Tomar Jonno Mon 2025,FAIL,,Browser blocked the media response (ORB; invalid or cross-origin media response),readyState=0; video=0x0; currentTime=0.00s; playing=False; progressed=False,2,2026-08-29T16:40:45+00:00,movie:tomar-jonno-mon-2025:167
1351,movie,Mix Movies,Hanu Man 2024 Dual,FAIL,,Browser blocked the media response (ORB; invalid or cross-origin media response),readyState=0; video=0x0; currentTime=0.00s; playing=False; progressed=False,2,2026-08-29T16:41:05+00:00,movie:hanu-man-2024-dual:168
1352,movie,Mix Movies,Hopeless Situation (2022) Dual,FAIL,,Browser blocked the media response (ORB; invalid or cross-origin media response),readyState=0; video=0x0; currentTime=0.00s; playing=False; progressed=False,2,2026-08-29T16:41:12+00:00,movie:hopeless-situation-2022-dual:169
1353,movie,Mix Movies,Khuda Haafiz Chapter 2 Agni Pariksha 2022,FAIL,,Browser blocked the media response (ORB; invalid or cross-origin media response),readyState=0; video=0x0; currentTime=0.00s; playing=False; progressed=False,2,2026-08-29T16:41:48+00:00,movie:khuda-haafiz-chapter-2-agni-pariksha-2022:170
1354,movie,Mix Movies,Ready or Not 2019 BluRay Hin Eng,FAIL,,Browser blocked the media response (ORB; invalid or cross-origin media response),readyState=0; video=0x0; currentTime=0.00s; playing=False; progressed=False,2,2026-08-29T16:41:50+00:00,movie:ready-or-not-2019-bluray-hin-eng:171
1355,movie,Mix Movies,Cousins and Kalyanams S01E45 48 Dual,FAIL,,Browser blocked the media response (ORB; invalid or cross-origin media response),readyState=0; video=0x0; currentTime=0.00s; playing=False; progressed=False,2,2026-08-29T16:42:11+00:00,movie:cousins-and-kalyanams-s01e45-48-dual:172
1356,movie,Mix Movies,Indias Best Dancer S05E21,FAIL,,Browser blocked the media response (ORB; invalid or cross-origin media response),readyState=0; video=0x0; currentTime=0.00s; playing=False; progressed=False,2,2026-08-29T16:42:18+00:00,movie:indias-best-dancer-s05e21:173
1357,movie,Mix Movies,Lanterns S01E01 Dual,FAIL,,Browser blocked the media response (ORB; invalid or cross-origin media response),readyState=0; video=0x0; currentTime=0.00s; playing=False; progressed=False,2,2026-08-29T16:42:57+00:00,movie:lanterns-s01e01-dual:174
1358,movie,Mix Movies,Monpura new,FAIL,,Browser blocked the media response (ORB; invalid or cross-origin media response),readyState=0; video=0x0; currentTime=0.00s; playing=False; progressed=False,2,2026-08-29T16:28:53+00:00,movie:monpura-new:175
1359,movie,Mix Movies,Resort S01E89 92,FAIL,,Browser blocked the media response (ORB; invalid or cross-origin media response),readyState=0; video=0x0; currentTime=0.00s; playing=False; progressed=False,2,2026-08-29T16:28:52+00:00,movie:resort-s01e89-92:176
1360,movie,Mix Movies,Sultan Salahuddin Ayyubi S01E11,FAIL,,Browser blocked the media response (ORB; invalid or cross-origin media response),readyState=0; video=0x0; currentTime=0.00s; playing=False; progressed=False,2,2026-08-29T16:29:48+00:00,movie:sultan-salahuddin-ayyubi-s01e11:177
1361,movie,Mix Movies,Resort S01E13 16,FAIL,,Browser blocked the media response (ORB; invalid or cross-origin media response),readyState=0; video=0x0; currentTime=0.00s; playing=False; progressed=False,2,2026-08-29T16:29:47+00:00,movie:resort-s01e13-16:178
1362,movie,Mix Movies,Spooky in Love S01E09 Dual,FAIL,,Browser blocked the media response (ORB; invalid or cross-origin media response),readyState=0; video=0x0; currentTime=0.00s; playing=False; progressed=False,2,2026-08-29T16:30:03+00:00,movie:spooky-in-love-s01e09-dual:179
1363,movie,Mix Movies,Spooky in Love S01E10 Dual,FAIL,,Browser blocked the media response (ORB; invalid or cross-origin media response),readyState=0; video=0x0; currentTime=0.00s; playing=False; progressed=False,2,2026-08-29T16:30:01+00:00,movie:spooky-in-love-s01e10-dual:180
1364,movie,Mix Movies,The Apartment Job S01E11 Dual,FAIL,,Browser blocked the media response (ORB; invalid or cross-origin media response),readyState=0; video=0x0; currentTime=0.00s; playing=False; progressed=False,2,2026-08-29T16:30:56+00:00,movie:the-apartment-job-s01e11-dual:181
1365,movie,Mix Movies,The Apartment Job S01E12 Dual,FAIL,,Browser blocked the media response (ORB; invalid or cross-origin media response),readyState=0; video=0x0; currentTime=0.00s; playing=False; progressed=False,2,2026-08-29T16:30:54+00:00,movie:the-apartment-job-s01e12-dual:182
1366,movie,Mix Movies,Balan The Boy 2026 Dual New,FAIL,,Browser blocked the media response (ORB; invalid or cross-origin media response),readyState=0; video=0x0; currentTime=0.00s; playing=False; progressed=False,2,2026-08-29T16:31:16+00:00,movie:balan-the-boy-2026-dual-new:183
1367,movie,Mix Movies,Reacher (2026) S04E01 03 Dual,FAIL,,Browser blocked the media response (ORB; invalid or cross-origin media response),readyState=0; video=0x0; currentTime=0.00s; playing=False; progressed=False,2,2026-08-29T16:31:16+00:00,movie:reacher-2026-s04e01-03-dual:184
1368,movie,Mix Movies,Snake Woman (2025) Dual,FAIL,,Browser blocked the media response (ORB; invalid or cross-origin media response),readyState=0; video=0x0; currentTime=0.00s; playing=False; progressed=False,2,2026-08-29T16:32:00+00:00,movie:snake-woman-2025-dual:185
1369,movie,Mix Movies,Curse of the Seven Seas 2024 Indonesian,FAIL,,Browser blocked the media response (ORB; invalid or cross-origin media response),readyState=0; video=0x0; currentTime=0.00s; playing=False; progressed=False,2,2026-08-29T16:32:05+00:00,movie:curse-of-the-seven-seas-2024-indonesian:186
1370,movie,Mix Movies,Yodha 2024,FAIL,,Browser blocked the media response (ORB; invalid or cross-origin media response),readyState=0; video=0x0; currentTime=0.00s; playing=False; progressed=False,2,2026-08-29T16:32:23+00:00,movie:yodha-2024:187
1371,movie,Mix Movies,Sahaj Paather Gappo 2021 AMZN new,FAIL,,Browser blocked the media response (ORB; invalid or cross-origin media response),readyState=0; video=0x0; currentTime=0.00s; playing=False; progressed=False,2,2026-08-29T16:32:30+00:00,movie:sahaj-paather-gappo-2021-amzn-new:188
1372,movie,Mix Movies,Watchman 2019 Dual,FAIL,,Browser blocked the media response (ORB; invalid or cross-origin media response),readyState=0; video=0x0; currentTime=0.00s; playing=False; progressed=False,2,2026-08-29T16:33:08+00:00,movie:watchman-2019-dual:189
1373,movie,Mix Movies,Tiger Zinda Hai 2017 BluRay,FAIL,,Browser blocked the media response (ORB; invalid or cross-origin media response),readyState=0; video=0x0; currentTime=0.00s; playing=False; progressed=False,2,2026-08-29T16:33:14+00:00,movie:tiger-zinda-hai-2017-bluray:190
1374,movie,Mix Movies,Kung Fu Panda 3 2016 dual,FAIL,,Browser blocked the media response (ORB; invalid or cross-origin media response),readyState=0; video=0x0; currentTime=0.00s; playing=False; progressed=False,2,2026-08-29T16:37:47+00:00,movie:kung-fu-panda-3-2016-dual:191
1375,movie,Mix Movies,Pulp Fiction 1994,FAIL,,Browser blocked the media response (ORB; invalid or cross-origin media response),readyState=0; video=0x0; currentTime=0.00s; playing=False; progressed=False,2,2026-08-29T16:37:56+00:00,movie:pulp-fiction-1994:192
1376,movie,Mix Movies,Emergency Room S01E01 03,FAIL,,Browser blocked the media response (ORB; invalid or cross-origin media response),readyState=0; video=0x0; currentTime=0.00s; playing=False; progressed=False,2,2026-08-29T16:38:26+00:00,movie:emergency-room-s01e01-03:193
1377,movie,Mix Movies,Resort S01E49 52,FAIL,,Browser blocked the media response (ORB; invalid or cross-origin media response),readyState=0; video=0x0; currentTime=0.00s; playing=False; progressed=False,2,2026-08-29T16:38:33+00:00,movie:resort-s01e49-52:194
1378,movie,Mix Movies,Sultan Salahuddin Ayyubi S01E09,FAIL,,Browser blocked the media response (ORB; invalid or cross-origin media response),readyState=0; video=0x0; currentTime=0.00s; playing=False; progressed=False,2,2026-08-29T16:38:53+00:00,movie:sultan-salahuddin-ayyubi-s01e09:195
1379,movie,Mix Movies,Sultan Salahuddin Ayyubi S01E10,FAIL,,Browser blocked the media response (ORB; invalid or cross-origin media response),readyState=0; video=0x0; currentTime=0.00s; playing=False; progressed=False,2,2026-08-29T16:39:03+00:00,movie:sultan-salahuddin-ayyubi-s01e10:196
1380,movie,Mix Movies,Thukra Ke Mera Pyaar S02E34 37 Dual new,FAIL,,Browser blocked the media response (ORB; invalid or cross-origin media response),readyState=0; video=0x0; currentTime=0.00s; playing=False; progressed=False,2,2026-08-29T16:39:39+00:00,movie:thukra-ke-mera-pyaar-s02e34-37-dual-new:197
1381,movie,Mix Movies,Kurulus Osman S02E06 10,FAIL,,Browser blocked the media response (ORB; invalid or cross-origin media response),readyState=0; video=0x0; currentTime=0.00s; playing=False; progressed=False,2,2026-08-29T16:39:41+00:00,movie:kurulus-osman-s02e06-10:198
1382,movie,Mix Movies,The Traitors S02E01 03,FAIL,,Browser blocked the media response (ORB; invalid or cross-origin media response),readyState=0; video=0x0; currentTime=0.00s; playing=False; progressed=False,2,2026-08-29T16:40:02+00:00,movie:the-traitors-s02e01-03:199
1383,movie,Mix Movies,Peaky Blinders The Immortal Man (2026) Dual,FAIL,,Browser blocked the media response (ORB; invalid or cross-origin media response),readyState=0; video=0x0; currentTime=0.00s; playing=False; progressed=False,2,2026-08-29T16:40:09+00:00,movie:peaky-blinders-the-immortal-man-2026-dual:200
1384,movie,Mix Movies,Cute Protibeshi (2025),FAIL,,Browser blocked the media response (ORB; invalid or cross-origin media response),readyState=0; video=0x0; currentTime=0.00s; playing=False; progressed=False,2,2026-08-29T16:40:46+00:00,movie:cute-protibeshi-2025:201
1385,movie,Mix Movies,Tourist Family (2025) JHS,FAIL,,Browser blocked the media response (ORB; invalid or cross-origin media response),readyState=0; video=0x0; currentTime=0.00s; playing=False; progressed=False,2,2026-08-29T16:40:47+00:00,movie:tourist-family-2025-jhs:202
1386,movie,Mix Movies,Society of the Snow (2024) Dual,FAIL,,Browser blocked the media response (ORB; invalid or cross-origin media response),readyState=0; video=0x0; currentTime=0.00s; playing=False; progressed=False,2,2026-08-29T16:41:07+00:00,movie:society-of-the-snow-2024-dual:203
1387,movie,Mix Movies,Vaazha Biopic of a Billion Boys 2024 Dual,FAIL,,Browser blocked the media response (ORB; invalid or cross-origin media response),readyState=0; video=0x0; currentTime=0.00s; playing=False; progressed=False,2,2026-08-29T16:41:14+00:00,movie:vaazha-biopic-of-a-billion-boys-2024-dual:204
1388,movie,Mix Movies,Dunki 2023 NF,FAIL,,Browser blocked the media response (ORB; invalid or cross-origin media response),readyState=0; video=0x0; currentTime=0.00s; playing=False; progressed=False,2,2026-08-29T16:41:51+00:00,movie:dunki-2023-nf:205
1389,movie,Mix Movies,Shikari Kuzgun (2023) S01E144 149,FAIL,,Browser blocked the media response (ORB; invalid or cross-origin media response),readyState=0; video=0x0; currentTime=0.00s; playing=False; progressed=False,2,2026-08-29T16:41:53+00:00,movie:shikari-kuzgun-2023-s01e144-149:207
1390,movie,Mix Movies,Shaaticup 2022 S01,FAIL,,Browser blocked the media response (ORB; invalid or cross-origin media response),readyState=0; video=0x0; currentTime=0.00s; playing=False; progressed=False,2,2026-08-29T16:42:13+00:00,movie:shaaticup-2022-s01:209
1391,movie,Mix Movies,Forensic 2022,FAIL,,Browser blocked the media response (ORB; invalid or cross-origin media response),readyState=0; video=0x0; currentTime=0.00s; playing=False; progressed=False,2,2026-08-29T16:42:20+00:00,movie:forensic-2022:210
1392,movie,Mix Movies,Satans Slaves 2017 BluRay,FAIL,,Browser blocked the media response (ORB; invalid or cross-origin media response),readyState=0; video=0x0; currentTime=0.00s; playing=False; progressed=False,2,2026-08-29T16:43:00+00:00,movie:satans-slaves-2017-bluray:211
1393,movie,Mix Movies,The Terminators 2009 BluRay HIN ENG,FAIL,,Browser blocked the media response (ORB; invalid or cross-origin media response),readyState=0; video=0x0; currentTime=0.00s; playing=False; progressed=False,2,2026-08-29T16:28:56+00:00,movie:the-terminators-2009-bluray-hin-eng:212
1394,movie,Mix Movies,Delhi Crime S03,FAIL,,Browser blocked the media response (ORB; invalid or cross-origin media response),readyState=0; video=0x0; currentTime=0.00s; playing=False; progressed=False,2,2026-08-29T16:28:55+00:00,movie:delhi-crime-s03:213
1395,movie,Mix Movies,Peaky Blinders S06E05 Dual,FAIL,,Browser blocked the media response (ORB; invalid or cross-origin media response),readyState=0; video=0x0; currentTime=0.00s; playing=False; progressed=False,2,2026-08-29T16:29:50+00:00,movie:peaky-blinders-s06e05-dual:217
1396,movie,Mix Movies,Peaky Blinders S06E06 Dual,FAIL,,Browser blocked the media response (ORB; invalid or cross-origin media response),readyState=0; video=0x0; currentTime=0.00s; playing=False; progressed=False,2,2026-08-29T16:29:49+00:00,movie:peaky-blinders-s06e06-dual:218
1397,movie,Mix Movies,Resort S01E45 48,FAIL,,Browser blocked the media response (ORB; invalid or cross-origin media response),readyState=0; video=0x0; currentTime=0.00s; playing=False; progressed=False,2,2026-08-29T16:30:06+00:00,movie:resort-s01e45-48:219
1398,movie,Mix Movies,Vikram On Duty S01E53 56 Dual,FAIL,,Browser blocked the media response (ORB; invalid or cross-origin media response),readyState=0; video=0x0; currentTime=0.00s; playing=False; progressed=False,2,2026-08-29T16:30:04+00:00,movie:vikram-on-duty-s01e53-56-dual:221
1399,movie,Mix Movies,If Wishes Could Kill S01 Dual,FAIL,,Browser blocked the media response (ORB; invalid or cross-origin media response),readyState=0; video=0x0; currentTime=0.00s; playing=False; progressed=False,2,2026-08-29T16:30:58+00:00,movie:if-wishes-could-kill-s01-dual:222
1400,movie,Mix Movies,Hotspot 2 Much (2026) Dual,FAIL,,Browser blocked the media response (ORB; invalid or cross-origin media response),readyState=0; video=0x0; currentTime=0.00s; playing=False; progressed=False,2,2026-08-29T16:30:56+00:00,movie:hotspot-2-much-2026-dual:224
1401,movie,Mix Movies,Telusu Kada (2025) ESub,FAIL,,Browser blocked the media response (ORB; invalid or cross-origin media response),readyState=0; video=0x0; currentTime=0.00s; playing=False; progressed=False,2,2026-08-29T16:31:18+00:00,movie:telusu-kada-2025-esub:225
1402,movie,Mix Movies,The Traitors (2025) S01E01 06,FAIL,,Browser blocked the media response (ORB; invalid or cross-origin media response),readyState=0; video=0x0; currentTime=0.00s; playing=False; progressed=False,2,2026-08-29T16:31:18+00:00,movie:the-traitors-2025-s01e01-06:226
1403,movie,Mix Movies,Myself Allen Swapan (2025) S02,FAIL,,Browser blocked the media response (ORB; invalid or cross-origin media response),readyState=0; video=0x0; currentTime=0.00s; playing=False; progressed=False,2,2026-08-29T16:32:03+00:00,movie:myself-allen-swapan-2025-s02:227
1404,movie,Mix Movies,Guruvayoor Ambalanadayil (2024) Dual,FAIL,,Browser blocked the media response (ORB; invalid or cross-origin media response),readyState=0; video=0x0; currentTime=0.00s; playing=False; progressed=False,2,2026-08-29T16:32:08+00:00,movie:guruvayoor-ambalanadayil-2024-dual:228
1405,movie,Mix Movies,Jai Ganesh (2024) ESub,FAIL,,Browser blocked the media response (ORB; invalid or cross-origin media response),readyState=0; video=0x0; currentTime=0.00s; playing=False; progressed=False,2,2026-08-29T16:32:26+00:00,movie:jai-ganesh-2024-esub:229
1406,movie,Mix Movies,Kitab Sijjin and Illiyyin 2024 Indonesian,FAIL,,Browser blocked the media response (ORB; invalid or cross-origin media response),readyState=0; video=0x0; currentTime=0.00s; playing=False; progressed=False,2,2026-08-29T16:32:32+00:00,movie:kitab-sijjin-and-illiyyin-2024-indonesian:230
1407,movie,Mix Movies,Migration (2023) Dual,FAIL,,Browser blocked the media response (ORB; invalid or cross-origin media response),readyState=0; video=0x0; currentTime=0.00s; playing=False; progressed=False,2,2026-08-29T16:33:10+00:00,movie:migration-2023-dual:206
1408,movie,Mix Movies,The Nun II 2023 Dual ORG,FAIL,,Browser blocked the media response (ORB; invalid or cross-origin media response),readyState=0; video=0x0; currentTime=0.00s; playing=False; progressed=False,2,2026-08-29T16:33:16+00:00,movie:the-nun-ii-2023-dual-org:208
1409,movie,Mix Movies,Eken Babu (2023) S07,FAIL,,Browser blocked the media response (ORB; invalid or cross-origin media response),readyState=0; video=0x0; currentTime=0.00s; playing=False; progressed=False,2,2026-08-29T16:37:50+00:00,movie:eken-babu-2023-s07:231
1410,movie,Mix Movies,Maharaja (2023) dual,FAIL,,Browser blocked the media response (ORB; invalid or cross-origin media response),readyState=0; video=0x0; currentTime=0.00s; playing=False; progressed=False,2,2026-08-29T16:37:59+00:00,movie:maharaja-2023-dual:232
1411,movie,Mix Movies,Loki (2023) S02E01 Dual,FAIL,,Browser blocked the media response (ORB; invalid or cross-origin media response),readyState=0; video=0x0; currentTime=0.00s; playing=False; progressed=False,2,2026-08-29T16:38:28+00:00,movie:loki-2023-s02e01-dual:233
1412,movie,Mix Movies,Memories 2023 Dual,FAIL,,Browser blocked the media response (ORB; invalid or cross-origin media response),readyState=0; video=0x0; currentTime=0.00s; playing=False; progressed=False,2,2026-08-29T16:38:35+00:00,movie:memories-2023-dual:234
1413,movie,Mix Movies,Rocky Aur Rani Kii Prem Kahaani 2023,FAIL,,Browser blocked the media response (ORB; invalid or cross-origin media response),readyState=0; video=0x0; currentTime=0.00s; playing=False; progressed=False,2,2026-08-29T16:38:55+00:00,movie:rocky-aur-rani-kii-prem-kahaani-2023:235
1414,movie,Mix Movies,Minio The Rise of Gru 2022 ORG Dual,FAIL,,Browser blocked the media response (ORB; invalid or cross-origin media response),readyState=0; video=0x0; currentTime=0.00s; playing=False; progressed=False,2,2026-08-29T16:39:05+00:00,movie:minio-the-rise-of-gru-2022-org-dual:236
1415,movie,Mix Movies,Jurassic World Dominion 2022 Dual ORG,FAIL,,Browser blocked the media response (ORB; invalid or cross-origin media response),readyState=0; video=0x0; currentTime=0.00s; playing=False; progressed=False,2,2026-08-29T16:39:43+00:00,movie:jurassic-world-dominion-2022-dual-org:237
1416,movie,Mix Movies,Kishmish (2022) new,FAIL,,Browser blocked the media response (ORB; invalid or cross-origin media response),readyState=0; video=0x0; currentTime=0.00s; playing=False; progressed=False,2,2026-08-29T16:39:43+00:00,movie:kishmish-2022-new:238
1417,movie,Mix Movies,Ratu Ilmu Hitam 2019,FAIL,,Browser blocked the media response (ORB; invalid or cross-origin media response),readyState=0; video=0x0; currentTime=0.00s; playing=False; progressed=False,2,2026-08-29T16:40:05+00:00,movie:ratu-ilmu-hitam-2019:239
1418,movie,Mix Movies,Kaithi 2019 BluRay Dual ORG,FAIL,,Browser blocked the media response (ORB; invalid or cross-origin media response),readyState=0; video=0x0; currentTime=0.00s; playing=False; progressed=False,2,2026-08-29T16:40:12+00:00,movie:kaithi-2019-bluray-dual-org:240
1419,movie,Mix Movies,The Revenant (2015) Dual,FAIL,,Browser blocked the media response (ORB; invalid or cross-origin media response),readyState=0; video=0x0; currentTime=0.00s; playing=False; progressed=False,2,2026-08-29T16:40:48+00:00,movie:the-revenant-2015-dual:241
1420,movie,Mix Movies,Dracula Untold 2014 BluRay Hin Eng,FAIL,,Browser blocked the media response (ORB; invalid or cross-origin media response),readyState=0; video=0x0; currentTime=0.00s; playing=False; progressed=False,2,2026-08-29T16:40:50+00:00,movie:dracula-untold-2014-bluray-hin-eng:242
1421,movie,Mix Movies,The Lost World Jurassic Park 1997,FAIL,,Browser blocked the media response (ORB; invalid or cross-origin media response),readyState=0; video=0x0; currentTime=0.00s; playing=False; progressed=False,2,2026-08-29T16:41:10+00:00,movie:the-lost-world-jurassic-park-1997:243
1422,movie,Mix Movies,From S04E01 Dual,FAIL,,Browser blocked the media response (ORB; invalid or cross-origin media response),readyState=0; video=0x0; currentTime=0.00s; playing=False; progressed=False,2,2026-08-29T16:41:16+00:00,movie:from-s04e01-dual:214
1423,movie,Mix Movies,Kurulus Osman S04E42,FAIL,,Browser blocked the media response (ORB; invalid or cross-origin media response),readyState=0; video=0x0; currentTime=0.00s; playing=False; progressed=False,2,2026-08-29T16:41:54+00:00,movie:kurulus-osman-s04e42:215
1424,movie,Mix Movies,My Demon S01 E01 08WebRip Korean,FAIL,,Browser blocked the media response (ORB; invalid or cross-origin media response),readyState=0; video=0x0; currentTime=0.00s; playing=False; progressed=False,2,2026-08-29T16:41:55+00:00,movie:my-demon-s01-e01-08webrip-korean:216
1425,movie,Mix Movies,Resort S01E69 72,FAIL,,Browser blocked the media response (ORB; invalid or cross-origin media response),readyState=0; video=0x0; currentTime=0.00s; playing=False; progressed=False,2,2026-08-29T16:42:16+00:00,movie:resort-s01e69-72:220
1426,movie,Mix Movies,Kurulus Osman S04E128,FAIL,,Browser blocked the media response (ORB; invalid or cross-origin media response),readyState=0; video=0x0; currentTime=0.00s; playing=False; progressed=False,2,2026-08-29T16:42:23+00:00,movie:kurulus-osman-s04e128:223
1427,movie,Mix Movies,Family Matters S01E01 06 ESub,FAIL,,Browser blocked the media response (ORB; invalid or cross-origin media response),readyState=0; video=0x0; currentTime=0.00s; playing=False; progressed=False,2,2026-08-29T16:43:02+00:00,movie:family-matters-s01e01-06-esub:244
1428,movie,Mix Movies,From S04E02 Dual,FAIL,,Browser blocked the media response (ORB; invalid or cross-origin media response),readyState=0; video=0x0; currentTime=0.00s; playing=False; progressed=False,2,2026-08-29T16:28:58+00:00,movie:from-s04e02-dual:245
1429,movie,Mix Movies,Kurulus Osman S01E16 20,FAIL,,Browser blocked the media response (ORB; invalid or cross-origin media response),readyState=0; video=0x0; currentTime=0.00s; playing=False; progressed=False,2,2026-08-29T16:28:57+00:00,movie:kurulus-osman-s01e16-20:246
1430,movie,Mix Movies,My Bias My Boss S01E03 Dual,FAIL,,Browser blocked the media response (ORB; invalid or cross-origin media response),readyState=0; video=0x0; currentTime=0.00s; playing=False; progressed=False,2,2026-08-29T16:29:53+00:00,movie:my-bias-my-boss-s01e03-dual:247
1431,movie,Mix Movies,Peaky Blinders S06E04 Dual,FAIL,,Browser blocked the media response (ORB; invalid or cross-origin media response),readyState=0; video=0x0; currentTime=0.00s; playing=False; progressed=False,2,2026-08-29T16:29:52+00:00,movie:peaky-blinders-s06e04-dual:248
1432,movie,Mix Movies,Resort S01E57 60,FAIL,,Browser blocked the media response (ORB; invalid or cross-origin media response),readyState=0; video=0x0; currentTime=0.00s; playing=False; progressed=False,2,2026-08-29T16:30:08+00:00,movie:resort-s01e57-60:249
1433,movie,Mix Movies,Sultan Salahuddin Ayyubi S01E08,FAIL,,Browser blocked the media response (ORB; invalid or cross-origin media response),readyState=0; video=0x0; currentTime=0.00s; playing=False; progressed=False,2,2026-08-29T16:30:08+00:00,movie:sultan-salahuddin-ayyubi-s01e08:250
1434,movie,Mix Movies,Dui Shaw S02E02,FAIL,,Browser blocked the media response (ORB; invalid or cross-origin media response),readyState=0; video=0x0; currentTime=0.00s; playing=False; progressed=False,2,2026-08-29T16:31:01+00:00,movie:dui-shaw-s02e02:251
1435,movie,Mix Movies,Naa Peru Surya ORG Hndi,FAIL,,Browser blocked the media response (ORB; invalid or cross-origin media response),readyState=0; video=0x0; currentTime=0.00s; playing=False; progressed=False,2,2026-08-29T16:30:59+00:00,movie:naa-peru-surya-org-hndi:252
1436,movie,Mix Movies,Pocong the Origin,FAIL,,Browser blocked the media response (ORB; invalid or cross-origin media response),readyState=0; video=0x0; currentTime=0.00s; playing=False; progressed=False,2,2026-08-29T16:31:21+00:00,movie:pocong-the-origin:253
1437,movie,Mix Movies,Star Trek Strange New Worlds S04E01 Dual,FAIL,,Browser blocked the media response (ORB; invalid or cross-origin media response),readyState=0; video=0x0; currentTime=0.00s; playing=False; progressed=False,2,2026-08-29T16:31:21+00:00,movie:star-trek-strange-new-worlds-s04e01-dual:254
1438,movie,Mix Movies,Mrithyunjay (2026) Dual,FAIL,,Browser blocked the media response (ORB; invalid or cross-origin media response),readyState=0; video=0x0; currentTime=0.00s; playing=False; progressed=False,2,2026-08-29T16:32:05+00:00,movie:mrithyunjay-2026-dual:255
1439,movie,Mix Movies,Parimala and Co (2026) Dual,FAIL,,Browser blocked the media response (ORB; invalid or cross-origin media response),readyState=0; video=0x0; currentTime=0.00s; playing=False; progressed=False,2,2026-08-29T16:32:11+00:00,movie:parimala-and-co-2026-dual:256
1440,movie,Mix Movies,Sambavam Adhyayam Onnu (2026) Dual,FAIL,,Browser blocked the media response (ORB; invalid or cross-origin media response),readyState=0; video=0x0; currentTime=0.00s; playing=False; progressed=False,2,2026-08-29T16:32:28+00:00,movie:sambavam-adhyayam-onnu-2026-dual:257
1441,movie,Mix Movies,Star Wars The Mandalorian and Grogu (2026) Dual New,FAIL,,Browser blocked the media response (ORB; invalid or cross-origin media response),readyState=0; video=0x0; currentTime=0.00s; playing=False; progressed=False,2,2026-08-29T16:32:35+00:00,movie:star-wars-the-mandalorian-and-grogu-2026-dual-new:258
1442,movie,Mix Movies,Second Case Of Seetharam 2026 Dual,FAIL,,Browser blocked the media response (ORB; invalid or cross-origin media response),readyState=0; video=0x0; currentTime=0.00s; playing=False; progressed=False,2,2026-08-29T16:33:13+00:00,movie:second-case-of-seetharam-2026-dual:259
1443,movie,Mix Movies,Valathu Vashathe Kallan 2026 Dual,FAIL,,Browser blocked the media response (ORB; invalid or cross-origin media response),readyState=0; video=0x0; currentTime=0.00s; playing=False; progressed=False,2,2026-08-29T16:33:19+00:00,movie:valathu-vashathe-kallan-2026-dual:260
1444,movie,Mix Movies,Youth (2026) Dual,FAIL,,Browser blocked the media response (ORB; invalid or cross-origin media response),readyState=0; video=0x0; currentTime=0.00s; playing=False; progressed=False,2,2026-08-29T16:37:52+00:00,movie:youth-2026-dual:261
1445,movie,Mix Movies,Creation Of The Gods II Demon Force 2025 Dual,FAIL,,Browser blocked the media response (ORB; invalid or cross-origin media response),readyState=0; video=0x0; currentTime=0.00s; playing=False; progressed=False,2,2026-08-29T16:38:01+00:00,movie:creation-of-the-gods-ii-demon-force-2025-dual:262
1446,movie,Mix Movies,Fibwatch Com]Reacher (2025) S03E04,FAIL,,Browser blocked the media response (ORB; invalid or cross-origin media response),readyState=0; video=0x0; currentTime=0.00s; playing=False; progressed=False,2,2026-08-29T16:38:31+00:00,movie:fibwatch-comreacher-2025-s03e04:263
1447,movie,Mix Movies,Fibwatch Com]Reacher (2025) S03E05,FAIL,,Browser blocked the media response (ORB; invalid or cross-origin media response),readyState=0; video=0x0; currentTime=0.00s; playing=False; progressed=False,2,2026-08-29T16:38:38+00:00,movie:fibwatch-comreacher-2025-s03e05:264
1448,movie,Mix Movies,Good Bad Ugly (2025) Dual,FAIL,,Browser blocked the media response (ORB; invalid or cross-origin media response),readyState=0; video=0x0; currentTime=0.00s; playing=False; progressed=False,2,2026-08-29T16:38:58+00:00,movie:good-bad-ugly-2025-dual:265
1449,movie,Mix Movies,Kis Kisko Pyaar Karoon 2 2025,FAIL,,Browser blocked the media response (ORB; invalid or cross-origin media response),readyState=0; video=0x0; currentTime=0.00s; playing=False; progressed=False,2,2026-08-29T16:39:08+00:00,movie:kis-kisko-pyaar-karoon-2-2025:266
1450,movie,Mix Movies,Stranger Things (2025) S05E05 07 Dual,FAIL,,Browser blocked the media response (ORB; invalid or cross-origin media response),readyState=0; video=0x0; currentTime=0.00s; playing=False; progressed=False,2,2026-08-29T16:39:45+00:00,movie:stranger-things-2025-s05e05-07-dual:267
1451,movie,Mix Movies,Honeymoon Photographer 2024 S01 Dual,FAIL,,Browser blocked the media response (ORB; invalid or cross-origin media response),readyState=0; video=0x0; currentTime=0.00s; playing=False; progressed=False,2,2026-08-29T16:39:46+00:00,movie:honeymoon-photographer-2024-s01-dual:268
1452,movie,Mix Movies,Manjummel Boys (2024) Dual,FAIL,,Browser blocked the media response (ORB; invalid or cross-origin media response),readyState=0; video=0x0; currentTime=0.00s; playing=False; progressed=False,2,2026-08-29T16:40:07+00:00,movie:manjummel-boys-2024-dual:269
1453,movie,Mix Movies,Queen of Tears (2024) S01E09 10 Dual,FAIL,,Browser blocked the media response (ORB; invalid or cross-origin media response),readyState=0; video=0x0; currentTime=0.00s; playing=False; progressed=False,2,2026-08-29T16:40:14+00:00,movie:queen-of-tears-2024-s01e09-10-dual:270
1454,movie,Mix Movies,The Marvels (2024) Dual,FAIL,,Browser blocked the media response (ORB; invalid or cross-origin media response),readyState=0; video=0x0; currentTime=0.00s; playing=False; progressed=False,2,2026-08-29T16:40:51+00:00,movie:the-marvels-2024-dual:271
1455,movie,Mix Movies,The Sabarmati Report (2024) ZEE5,FAIL,,Browser blocked the media response (ORB; invalid or cross-origin media response),readyState=0; video=0x0; currentTime=0.00s; playing=False; progressed=False,2,2026-08-29T16:40:52+00:00,movie:the-sabarmati-report-2024-zee5:272
1456,movie,Mix Movies,Guntur Kaaram (2024) Dual,FAIL,,Browser blocked the media response (ORB; invalid or cross-origin media response),readyState=0; video=0x0; currentTime=0.00s; playing=False; progressed=False,2,2026-08-29T16:41:12+00:00,movie:guntur-kaaram-2024-dual:273
1457,movie,Mix Movies,Hello Mummy (2024) Dual,FAIL,,Browser blocked the media response (ORB; invalid or cross-origin media response),readyState=0; video=0x0; currentTime=0.00s; playing=False; progressed=False,2,2026-08-29T16:41:19+00:00,movie:hello-mummy-2024-dual:274
1458,movie,Mix Movies,Queen of Tears (2024) S01E11 12,FAIL,,Browser blocked the media response (ORB; invalid or cross-origin media response),readyState=0; video=0x0; currentTime=0.00s; playing=False; progressed=False,2,2026-08-29T16:41:56+00:00,movie:queen-of-tears-2024-s01e11-12:275
1459,movie,Mix Movies,Dirilis Ertugrul (2023) S01E09 10,FAIL,,Browser blocked the media response (ORB; invalid or cross-origin media response),readyState=0; video=0x0; currentTime=0.00s; playing=False; progressed=False,2,2026-08-29T16:41:58+00:00,movie:dirilis-ertugrul-2023-s01e09-10:276
1460,movie,Mix Movies,The Eken Ruddhaswas Rajasthan (2023),FAIL,,Browser blocked the media response (ORB; invalid or cross-origin media response),readyState=0; video=0x0; currentTime=0.00s; playing=False; progressed=False,2,2026-08-29T16:42:18+00:00,movie:the-eken-ruddhaswas-rajasthan-2023:277
1461,movie,Mix Movies,Virupaksha (2023) Dual,FAIL,,Browser blocked the media response (ORB; invalid or cross-origin media response),readyState=0; video=0x0; currentTime=0.00s; playing=False; progressed=False,2,2026-08-29T16:42:25+00:00,movie:virupaksha-2023-dual:278
1462,movie,Mix Movies,Yaariyan 2 (2023),FAIL,,Browser blocked the media response (ORB; invalid or cross-origin media response),readyState=0; video=0x0; currentTime=0.00s; playing=False; progressed=False,2,2026-08-29T16:43:04+00:00,movie:yaariyan-2-2023:279
1463,movie,Mix Movies,Fast X 2023 ORG,FAIL,,Browser blocked the media response (ORB; invalid or cross-origin media response),readyState=0; video=0x0; currentTime=0.00s; playing=False; progressed=False,2,2026-08-29T16:29:01+00:00,movie:fast-x-2023-org:280
1464,movie,Mix Movies,Vikram Vedha (2023) BengaliDubbed ORG,FAIL,,Browser blocked the media response (ORB; invalid or cross-origin media response),readyState=0; video=0x0; currentTime=0.00s; playing=False; progressed=False,2,2026-08-29T16:28:59+00:00,movie:vikram-vedha-2023-bengalidubbed-org:281
1465,movie,Mix Movies,Eken Babu 2022 S06,FAIL,,Browser blocked the media response (ORB; invalid or cross-origin media response),readyState=0; video=0x0; currentTime=0.00s; playing=False; progressed=False,2,2026-08-29T16:29:55+00:00,movie:eken-babu-2022-s06:282
1466,movie,Mix Movies,Satans Slaves Communion 2022,FAIL,,Browser blocked the media response (ORB; invalid or cross-origin media response),readyState=0; video=0x0; currentTime=0.00s; playing=False; progressed=False,2,2026-08-29T16:29:54+00:00,movie:satans-slaves-communion-2022:283
1467,movie,Mix Movies,Day Shift (2022) Dual,FAIL,,Browser blocked the media response (ORB; invalid or cross-origin media response),readyState=0; video=0x0; currentTime=0.00s; playing=False; progressed=False,2,2026-08-29T16:30:11+00:00,movie:day-shift-2022-dual:284
1468,movie,Mix Movies,The Witch Part 2 The Other One 2022 ORG Dual,FAIL,,Browser blocked the media response (ORB; invalid or cross-origin media response),readyState=0; video=0x0; currentTime=0.00s; playing=False; progressed=False,2,2026-08-29T16:30:10+00:00,movie:the-witch-part-2-the-other-one-2022-org-dual:285
1469,movie,Mix Movies,Eternals 2021 new,FAIL,,Browser blocked the media response (ORB; invalid or cross-origin media response),readyState=0; video=0x0; currentTime=0.00s; playing=False; progressed=False,2,2026-08-29T16:31:03+00:00,movie:eternals-2021-new:286
1470,movie,Mix Movies,Sarileru Neekevvaru 2020 Dual New,FAIL,,Browser blocked the media response (ORB; invalid or cross-origin media response),readyState=0; video=0x0; currentTime=0.00s; playing=False; progressed=False,2,2026-08-29T16:31:02+00:00,movie:sarileru-neekevvaru-2020-dual-new:287
1471,movie,Mix Movies,Triple Frontier (2019) NF,FAIL,,Browser blocked the media response (ORB; invalid or cross-origin media response),readyState=0; video=0x0; currentTime=0.00s; playing=False; progressed=False,2,2026-08-29T16:31:23+00:00,movie:triple-frontier-2019-nf:288
1472,movie,Mix Movies,Lion King (2019) Dual,FAIL,,Browser blocked the media response (ORB; invalid or cross-origin media response),readyState=0; video=0x0; currentTime=0.00s; playing=False; progressed=False,2,2026-08-29T16:31:23+00:00,movie:lion-king-2019-dual:289
1473,movie,Mix Movies,Passengers 2016 BluRay,FAIL,,Browser blocked the media response (ORB; invalid or cross-origin media response),readyState=0; video=0x0; currentTime=0.00s; playing=False; progressed=False,2,2026-08-29T16:32:08+00:00,movie:passengers-2016-bluray:290
1474,movie,Mix Movies,Rustom 2016 BluRay,FAIL,,Browser blocked the media response (ORB; invalid or cross-origin media response),readyState=0; video=0x0; currentTime=0.00s; playing=False; progressed=False,2,2026-08-29T16:32:13+00:00,movie:rustom-2016-bluray:291
1475,movie,Mix Movies,Insurgent 2015 BluRay HIN ENG,FAIL,,Browser blocked the media response (ORB; invalid or cross-origin media response),readyState=0; video=0x0; currentTime=0.00s; playing=False; progressed=False,2,2026-08-29T16:32:31+00:00,movie:insurgent-2015-bluray-hin-eng:292
1476,movie,Mix Movies,Dum Laga Ke Haisha 2015 BluRay,FAIL,,Browser blocked the media response (ORB; invalid or cross-origin media response),readyState=0; video=0x0; currentTime=0.00s; playing=False; progressed=False,2,2026-08-29T16:32:37+00:00,movie:dum-laga-ke-haisha-2015-bluray:293
1477,movie,Mix Movies,Ek Villain 2014 BluRay,FAIL,,Browser blocked the media response (ORB; invalid or cross-origin media response),readyState=0; video=0x0; currentTime=0.00s; playing=False; progressed=False,2,2026-08-29T16:33:15+00:00,movie:ek-villain-2014-bluray:294
1478,movie,Mix Movies,The Raid 2 (2014) Dual new,FAIL,,Browser blocked the media response (ORB; invalid or cross-origin media response),readyState=0; video=0x0; currentTime=0.00s; playing=False; progressed=False,2,2026-08-29T16:33:22+00:00,movie:the-raid-2-2014-dual-new:295
1479,movie,Mix Movies,Prisoners 2013 Daul Audio,FAIL,,Browser blocked the media response (ORB; invalid or cross-origin media response),readyState=0; video=0x0; currentTime=0.00s; playing=False; progressed=False,2,2026-08-29T16:37:55+00:00,movie:prisoners-2013-daul-audio:296
1480,movie,Mix Movies,Ghost Rider 2 Spirit of Vengeance 2011 BluRay Dua Audio,FAIL,,Browser blocked the media response (ORB; invalid or cross-origin media response),readyState=0; video=0x0; currentTime=0.00s; playing=False; progressed=False,2,2026-08-29T16:38:05+00:00,movie:ghost-rider-2-spirit-of-vengeance-2011-bluray-dua-audio:297
1481,movie,Mix Movies,Flipped 2010 BluRay,FAIL,,Browser blocked the media response (ORB; invalid or cross-origin media response),readyState=0; video=0x0; currentTime=0.00s; playing=False; progressed=False,2,2026-08-29T16:38:34+00:00,movie:flipped-2010-bluray:298
1482,movie,Mix Movies,Little Children 2006 WEB,FAIL,,Browser blocked the media response (ORB; invalid or cross-origin media response),readyState=0; video=0x0; currentTime=0.00s; playing=False; progressed=False,2,2026-08-29T16:38:40+00:00,movie:little-children-2006-web:299
1483,movie,Mix Movies,Dil to Pagal Hai,FAIL,,Browser blocked the media response (ORB; invalid or cross-origin media response),readyState=0; video=0x0; currentTime=0.00s; playing=False; progressed=False,2,2026-08-29T16:39:00+00:00,movie:dil-to-pagal-hai:300
1484,movie,Mix Movies,Hello! S01 Complete,FAIL,,Browser blocked the media response (ORB; invalid or cross-origin media response),readyState=0; video=0x0; currentTime=0.00s; playing=False; progressed=False,2,2026-08-29T16:39:11+00:00,movie:hello-s01-complete:301
1485,movie,Mix Movies,Housefull 5A,FAIL,,Browser blocked the media response (ORB; invalid or cross-origin media response),readyState=0; video=0x0; currentTime=0.00s; playing=False; progressed=False,2,2026-08-29T16:39:47+00:00,movie:housefull-5a:302
1486,movie,Mix Movies,Khoka 420,FAIL,,Browser blocked the media response (ORB; invalid or cross-origin media response),readyState=0; video=0x0; currentTime=0.00s; playing=False; progressed=False,2,2026-08-29T16:39:48+00:00,movie:khoka-420:303
1487,movie,Mix Movies,Kurulus Osman S01E03 04,FAIL,,Browser blocked the media response (ORB; invalid or cross-origin media response),readyState=0; video=0x0; currentTime=0.00s; playing=False; progressed=False,2,2026-08-29T16:40:10+00:00,movie:kurulus-osman-s01e03-04:304
1488,movie,Mix Movies,ONE PIECE S02 Dual,FAIL,,Browser blocked the media response (ORB; invalid or cross-origin media response),readyState=0; video=0x0; currentTime=0.00s; playing=False; progressed=False,2,2026-08-29T16:40:17+00:00,movie:one-piece-s02-dual:305
1489,movie,Mix Movies,Panchayat S03,FAIL,,Browser blocked the media response (ORB; invalid or cross-origin media response),readyState=0; video=0x0; currentTime=0.00s; playing=False; progressed=False,2,2026-08-29T16:40:53+00:00,movie:panchayat-s03:306
1490,movie,Mix Movies,Queen of Tears S01E01 08 NF MULTI,FAIL,,Browser blocked the media response (ORB; invalid or cross-origin media response),readyState=0; video=0x0; currentTime=0.00s; playing=False; progressed=False,2,2026-08-29T16:40:55+00:00,movie:queen-of-tears-s01e01-08-nf-multi:307
1491,movie,Mix Movies,Ragini MMS Returns S1,FAIL,,Browser blocked the media response (ORB; invalid or cross-origin media response),readyState=0; video=0x0; currentTime=0.00s; playing=False; progressed=False,2,2026-08-29T16:41:14+00:00,movie:ragini-mms-returns-s1:308
1492,movie,Mix Movies,Resort S01E53 56,FAIL,,Browser blocked the media response (ORB; invalid or cross-origin media response),readyState=0; video=0x0; currentTime=0.00s; playing=False; progressed=False,2,2026-08-29T16:41:21+00:00,movie:resort-s01e53-56:309
1493,movie,Mix Movies,Resort S01E61 64,FAIL,,Browser blocked the media response (ORB; invalid or cross-origin media response),readyState=0; video=0x0; currentTime=0.00s; playing=False; progressed=False,2,2026-08-29T16:41:58+00:00,movie:resort-s01e61-64:310
1494,movie,Mix Movies,Resort S01E65 68,FAIL,,Browser blocked the media response (ORB; invalid or cross-origin media response),readyState=0; video=0x0; currentTime=0.00s; playing=False; progressed=False,2,2026-08-29T16:42:00+00:00,movie:resort-s01e65-68:311
1495,movie,Mix Movies,Sultan Salahuddin Ayyubi S01E07,FAIL,,Browser blocked the media response (ORB; invalid or cross-origin media response),readyState=0; video=0x0; currentTime=0.00s; playing=False; progressed=False,2,2026-08-29T16:42:21+00:00,movie:sultan-salahuddin-ayyubi-s01e07:312
1496,movie,Mix Movies,Tulsa King S1 Hind,FAIL,,Browser blocked the media response (ORB; invalid or cross-origin media response),readyState=0; video=0x0; currentTime=0.00s; playing=False; progressed=False,2,2026-08-29T16:42:28+00:00,movie:tulsa-king-s1-hind:313
1497,movie,Mix Movies,Vikings S04,FAIL,,Browser blocked the media response (ORB; invalid or cross-origin media response),readyState=0; video=0x0; currentTime=0.00s; playing=False; progressed=False,2,2026-08-29T16:43:07+00:00,movie:vikings-s04:314
1498,movie,Mix Movies,Family Feud S02E24,FAIL,,Browser blocked the media response (ORB; invalid or cross-origin media response),readyState=0; video=0x0; currentTime=0.00s; playing=False; progressed=False,2,2026-08-29T16:29:03+00:00,movie:family-feud-s02e24:315
1499,movie,Mix Movies,Feludar Goyendagiri S03,FAIL,,Browser blocked the media response (ORB; invalid or cross-origin media response),readyState=0; video=0x0; currentTime=0.00s; playing=False; progressed=False,2,2026-08-29T16:29:02+00:00,movie:feludar-goyendagiri-s03:316
1500,movie,Mix Movies,Indias Got Latent S02 Bonus E01,FAIL,,Browser blocked the media response (ORB; invalid or cross-origin media response),readyState=0; video=0x0; currentTime=0.00s; playing=False; progressed=False,2,2026-08-29T16:29:58+00:00,movie:indias-got-latent-s02-bonus-e01:317
1501,movie,Mix Movies,Japani Toy S02E01 07,FAIL,,Browser blocked the media response (ORB; invalid or cross-origin media response),readyState=0; video=0x0; currentTime=0.00s; playing=False; progressed=False,2,2026-08-29T16:29:57+00:00,movie:japani-toy-s02e01-07:318
1502,movie,Mix Movies,Muthu Alias Kaattaan S01 Dual,FAIL,,Browser blocked the media response (ORB; invalid or cross-origin media response),readyState=0; video=0x0; currentTime=0.00s; playing=False; progressed=False,2,2026-08-29T16:30:13+00:00,movie:muthu-alias-kaattaan-s01-dual:319
1503,movie,Mix Movies,Resort S01E01 04,FAIL,,Browser blocked the media response (ORB; invalid or cross-origin media response),readyState=0; video=0x0; currentTime=0.00s; playing=False; progressed=False,2,2026-08-29T16:30:13+00:00,movie:resort-s01e01-04:320
1504,movie,Mix Movies,Resort S01E05 08,FAIL,,Browser blocked the media response (ORB; invalid or cross-origin media response),readyState=0; video=0x0; currentTime=0.00s; playing=False; progressed=False,2,2026-08-29T16:31:06+00:00,movie:resort-s01e05-08:321
1505,movie,Mix Movies,Resort S01E09 12,FAIL,,Browser blocked the media response (ORB; invalid or cross-origin media response),readyState=0; video=0x0; currentTime=0.00s; playing=False; progressed=False,2,2026-08-29T16:31:04+00:00,movie:resort-s01e09-12:322
1506,movie,Mix Movies,Youth of May S01 Dual,FAIL,,Browser blocked the media response (ORB; invalid or cross-origin media response),readyState=0; video=0x0; currentTime=0.00s; playing=False; progressed=False,2,2026-08-29T16:31:26+00:00,movie:youth-of-may-s01-dual:323
1507,movie,Mix Movies,House Of The Dragon (2026) S03E08 Dual,FAIL,,Browser blocked the media response (ORB; invalid or cross-origin media response),readyState=0; video=0x0; currentTime=0.00s; playing=False; progressed=False,2,2026-08-29T16:31:26+00:00,movie:house-of-the-dragon-2026-s03e08-dual:331
1508,movie,Mix Movies,MRP Neekentha Naakentha 2026 Dual,FAIL,,Browser blocked the media response (ORB; invalid or cross-origin media response),readyState=0; video=0x0; currentTime=0.00s; playing=False; progressed=False,2,2026-08-29T16:32:10+00:00,movie:mrp-neekentha-naakentha-2026-dual:333
1509,movie,Mix Movies,One Hundred Years of Solitude (2026) S02 Dual New,FAIL,,Browser blocked the media response (ORB; invalid or cross-origin media response),readyState=0; video=0x0; currentTime=0.00s; playing=False; progressed=False,2,2026-08-29T16:32:16+00:00,movie:one-hundred-years-of-solitude-2026-s02-dual-new:335
1510,movie,Mix Movies,Over Your Dead Body 2026 Dual,FAIL,,Browser blocked the media response (ORB; invalid or cross-origin media response),readyState=0; video=0x0; currentTime=0.00s; playing=False; progressed=False,2,2026-08-29T16:32:33+00:00,movie:over-your-dead-body-2026-dual:336
1511,movie,Mix Movies,Spider Man Brand New Day (2026) Dual,FAIL,,Browser blocked the media response (ORB; invalid or cross-origin media response),readyState=0; video=0x0; currentTime=0.00s; playing=False; progressed=False,2,2026-08-29T16:32:42+00:00,movie:spider-man-brand-new-day-2026-dual:339
1512,movie,Mix Movies,Desire 2026 Multi,FAIL,,Browser blocked the media response (ORB; invalid or cross-origin media response),readyState=0; video=0x0; currentTime=0.00s; playing=False; progressed=False,2,2026-08-29T16:33:18+00:00,movie:desire-2026-multi:349
1513,movie,Mix Movies,Mercy For None (2025) S01,FAIL,,Browser blocked the media response (ORB; invalid or cross-origin media response),readyState=0; video=0x0; currentTime=0.00s; playing=False; progressed=False,2,2026-08-29T16:33:24+00:00,movie:mercy-for-none-2025-s01:357
1514,movie,Mix Movies,Our Fault (2025) Amazon,FAIL,,Browser blocked the media response (ORB; invalid or cross-origin media response),readyState=0; video=0x0; currentTime=0.00s; playing=False; progressed=False,2,2026-08-29T16:37:58+00:00,movie:our-fault-2025-amazon:359
1515,movie,Mix Movies,Raid 2 2025 NF,FAIL,,Browser blocked the media response (ORB; invalid or cross-origin media response),readyState=0; video=0x0; currentTime=0.00s; playing=False; progressed=False,2,2026-08-29T16:38:07+00:00,movie:raid-2-2025-nf:360
1516,movie,Mix Movies,Retro (2025) NF,FAIL,,Browser blocked the media response (ORB; invalid or cross-origin media response),readyState=0; video=0x0; currentTime=0.00s; playing=False; progressed=False,2,2026-08-29T16:38:36+00:00,movie:retro-2025-nf:361
1517,movie,Mix Movies,Zootopia 2 (2025) Dual BluRay,FAIL,,Browser blocked the media response (ORB; invalid or cross-origin media response),readyState=0; video=0x0; currentTime=0.00s; playing=False; progressed=False,2,2026-08-29T16:38:43+00:00,movie:zootopia-2-2025-dual-bluray:365
1518,movie,Mix Movies,House Of The Dragon (2024) S02E03 Dual,FAIL,,Browser blocked the media response (ORB; invalid or cross-origin media response),readyState=0; video=0x0; currentTime=0.00s; playing=False; progressed=False,2,2026-08-29T16:39:03+00:00,movie:house-of-the-dragon-2024-s02e03-dual:373
1519,movie,Mix Movies,House Of The Dragon (2024) S02E04 dual,FAIL,,Browser blocked the media response (ORB; invalid or cross-origin media response),readyState=0; video=0x0; currentTime=0.00s; playing=False; progressed=False,2,2026-08-29T16:39:13+00:00,movie:house-of-the-dragon-2024-s02e04-dual:374
1520,movie,Mix Movies,House Of The Dragon (2024) S02E06 dual,FAIL,,Browser blocked the media response (ORB; invalid or cross-origin media response),readyState=0; video=0x0; currentTime=0.00s; playing=False; progressed=False,2,2026-08-29T16:39:50+00:00,movie:house-of-the-dragon-2024-s02e06-dual:375
1521,movie,Mix Movies,House Of The Dragon (2024) S02E07 Dual,FAIL,,Browser blocked the media response (ORB; invalid or cross-origin media response),readyState=0; video=0x0; currentTime=0.00s; playing=False; progressed=False,2,2026-08-29T16:39:51+00:00,movie:house-of-the-dragon-2024-s02e07-dual:376
1522,movie,Mix Movies,Sumala (2024) NF Bsub,FAIL,,Browser blocked the media response (ORB; invalid or cross-origin media response),readyState=0; video=0x0; currentTime=0.00s; playing=False; progressed=False,2,2026-08-29T16:40:12+00:00,movie:sumala-2024-nf-bsub:378
1523,movie,Mix Movies,Transformers Rise of the Beasts 2023 Dual ORG,FAIL,,Browser blocked the media response (ORB; invalid or cross-origin media response),readyState=0; video=0x0; currentTime=0.00s; playing=False; progressed=False,2,2026-08-29T16:40:20+00:00,movie:transformers-rise-of-the-beasts-2023-dual-org:383
1524,movie,Mix Movies,Extraction 2 2023 Dual ORG,FAIL,,Browser blocked the media response (ORB; invalid or cross-origin media response),readyState=0; video=0x0; currentTime=0.00s; playing=False; progressed=False,2,2026-08-29T16:40:56+00:00,movie:extraction-2-2023-dual-org:384
1525,movie,Mix Movies,Gaslight 2023,FAIL,,Browser blocked the media response (ORB; invalid or cross-origin media response),readyState=0; video=0x0; currentTime=0.00s; playing=False; progressed=False,2,2026-08-29T16:40:57+00:00,movie:gaslight-2023:385
1526,movie,Mix Movies,Gora (2023) S02,FAIL,,Browser blocked the media response (ORB; invalid or cross-origin media response),readyState=0; video=0x0; currentTime=0.00s; playing=False; progressed=False,2,2026-08-29T16:41:17+00:00,movie:gora-2023-s02:386
1527,movie,Mix Movies,Insidious The Red Door (2023) Dual new,FAIL,,Browser blocked the media response (ORB; invalid or cross-origin media response),readyState=0; video=0x0; currentTime=0.00s; playing=False; progressed=False,2,2026-08-29T16:41:24+00:00,movie:insidious-the-red-door-2023-dual-new:387
1528,movie,Mix Movies,Lust Stories 2 2023,FAIL,,Browser blocked the media response (ORB; invalid or cross-origin media response),readyState=0; video=0x0; currentTime=0.00s; playing=False; progressed=False,2,2026-08-29T16:42:01+00:00,movie:lust-stories-2-2023:389
1529,movie,Mix Movies,Gangubai Kathiawadi 2022,FAIL,,Browser blocked the media response (ORB; invalid or cross-origin media response),readyState=0; video=0x0; currentTime=0.00s; playing=False; progressed=False,2,2026-08-29T16:42:02+00:00,movie:gangubai-kathiawadi-2022:395
1530,movie,Mix Movies,Money Heist Korea Joint Economic Area Part 2 (2022) S01 Dual,FAIL,,Browser blocked the media response (ORB; invalid or cross-origin media response),readyState=0; video=0x0; currentTime=0.00s; playing=False; progressed=False,2,2026-08-29T16:42:23+00:00,movie:money-heist-korea-joint-economic-area-part-2-2022-s01-dual:403
1531,movie,Mix Movies,Yumis Cells (2021) S01 Korean,FAIL,,Browser blocked the media response (ORB; invalid or cross-origin media response),readyState=0; video=0x0; currentTime=0.00s; playing=False; progressed=False,2,2026-08-29T16:42:30+00:00,movie:yumis-cells-2021-s01-korean:407
1532,movie,Mix Movies,World Famous Lover 2020,FAIL,,Browser blocked the media response (ORB; invalid or cross-origin media response),readyState=0; video=0x0; currentTime=0.00s; playing=False; progressed=False,2,2026-08-29T16:43:09+00:00,movie:world-famous-lover-2020:410
1533,movie,Mix Movies,Lucifer 2019 S04 dual,FAIL,,Browser blocked the media response (ORB; invalid or cross-origin media response),readyState=0; video=0x0; currentTime=0.00s; playing=False; progressed=False,2,2026-08-29T16:29:05+00:00,movie:lucifer-2019-s04-dual:413
1534,movie,Mix Movies,The Fast of T Furious 8 2017,FAIL,,Browser blocked the media response (ORB; invalid or cross-origin media response),readyState=0; video=0x0; currentTime=0.00s; playing=False; progressed=False,2,2026-08-29T16:29:04+00:00,movie:the-fast-of-t-furious-8-2017:419
1535,movie,Mix Movies,Geostorm 2017 BluRay,FAIL,,Browser blocked the media response (ORB; invalid or cross-origin media response),readyState=0; video=0x0; currentTime=0.00s; playing=False; progressed=False,2,2026-08-29T16:30:00+00:00,movie:geostorm-2017-bluray:420
1536,movie,Mix Movies,Dilwale 2015 REPACK AUDIO BluRay,FAIL,,Browser blocked the media response (ORB; invalid or cross-origin media response),readyState=0; video=0x0; currentTime=0.00s; playing=False; progressed=False,2,2026-08-29T16:29:59+00:00,movie:dilwale-2015-repack-audio-bluray:426
1537,movie,Mix Movies,How to Train Your Dragon 2 2014 BluRay,FAIL,,Browser blocked the media response (ORB; invalid or cross-origin media response),readyState=0; video=0x0; currentTime=0.00s; playing=False; progressed=False,2,2026-08-29T16:30:16+00:00,movie:how-to-train-your-dragon-2-2014-bluray:427
1538,movie,Mix Movies,Maleficent (2014) BluRay Dual,FAIL,,Browser blocked the media response (ORB; invalid or cross-origin media response),readyState=0; video=0x0; currentTime=0.00s; playing=False; progressed=False,2,2026-08-29T16:30:16+00:00,movie:maleficent-2014-bluray-dual:429
1539,movie,Mix Movies,X Men Days of Future Past 2014,FAIL,,Browser blocked the media response (ORB; invalid or cross-origin media response),readyState=0; video=0x0; currentTime=0.00s; playing=False; progressed=False,2,2026-08-29T16:31:08+00:00,movie:x-men-days-of-future-past-2014:432
1540,movie,Mix Movies,WWZ (2013) Dual,FAIL,,Browser blocked the media response (ORB; invalid or cross-origin media response),readyState=0; video=0x0; currentTime=0.00s; playing=False; progressed=False,2,2026-08-29T16:31:06+00:00,movie:wwz-2013-dual:437
1541,movie,Mix Movies,Kung Fu Panda 2 2011 dual,FAIL,,Browser blocked the media response (ORB; invalid or cross-origin media response),readyState=0; video=0x0; currentTime=0.00s; playing=False; progressed=False,2,2026-08-29T16:31:29+00:00,movie:kung-fu-panda-2-2011-dual:441
1542,movie,Mix Movies,The Hangover Part II (2011) Dual,FAIL,,Browser blocked the media response (ORB; invalid or cross-origin media response),readyState=0; video=0x0; currentTime=0.00s; playing=False; progressed=False,2,2026-08-29T16:31:29+00:00,movie:the-hangover-part-ii-2011-dual:443
1543,movie,Mix Movies,The Chronicles of Narnia The Voyage of the Dawn Treader (2010) Dual Audi BluRay,FAIL,,Browser blocked the media response (ORB; invalid or cross-origin media response),readyState=0; video=0x0; currentTime=0.00s; playing=False; progressed=False,2,2026-08-29T16:32:13+00:00,movie:the-chronicles-of-narnia-the-voyage-of-the-dawn-treader-2010-dual-audi-bluray:447
1544,movie,Mix Movies,Ghajini 2008 BluRay,FAIL,,Browser blocked the media response (ORB; invalid or cross-origin media response),readyState=0; video=0x0; currentTime=0.00s; playing=False; progressed=False,2,2026-08-29T16:32:19+00:00,movie:ghajini-2008-bluray:448
1545,movie,Mix Movies,The Dark Knight (2008) BluRay,FAIL,,Browser blocked the media response (ORB; invalid or cross-origin media response),readyState=0; video=0x0; currentTime=0.00s; playing=False; progressed=False,2,2026-08-29T16:32:36+00:00,movie:the-dark-knight-2008-bluray:450
1546,movie,Mix Movies,Spider Man 2 2004 Dual,FAIL,,Browser blocked the media response (ORB; invalid or cross-origin media response),readyState=0; video=0x0; currentTime=0.00s; playing=False; progressed=False,2,2026-08-29T16:32:44+00:00,movie:spider-man-2-2004-dual:455
1547,movie,Mix Movies,Dadagiri Unlimited S11E11,FAIL,,Browser blocked the media response (ORB; invalid or cross-origin media response),readyState=0; video=0x0; currentTime=0.00s; playing=False; progressed=False,2,2026-08-29T16:33:20+00:00,movie:dadagiri-unlimited-s11e11:463
1548,movie,Mix Movies,From S04E10 Dual,FAIL,,Browser blocked the media response (ORB; invalid or cross-origin media response),readyState=0; video=0x0; currentTime=0.00s; playing=False; progressed=False,2,2026-08-29T16:33:27+00:00,movie:from-s04e10-dual:465
1549,movie,Mix Movies,Kurulus Osman S02E11 15,FAIL,,Browser blocked the media response (ORB; invalid or cross-origin media response),readyState=0; video=0x0; currentTime=0.00s; playing=False; progressed=False,2,2026-08-29T16:38:00+00:00,movie:kurulus-osman-s02e11-15:468
1550,movie,Mix Movies,Mirzapur S01,FAIL,,Browser blocked the media response (ORB; invalid or cross-origin media response),readyState=0; video=0x0; currentTime=0.00s; playing=False; progressed=False,2,2026-08-29T16:38:10+00:00,movie:mirzapur-s01:471
1551,movie,Mix Movies,Money Heist S05 Vol 1 dual Complete,FAIL,,Browser blocked the media response (ORB; invalid or cross-origin media response),readyState=0; video=0x0; currentTime=0.00s; playing=False; progressed=False,2,2026-08-29T16:38:39+00:00,movie:money-heist-s05-vol-1-dual-complete:475
1552,movie,Mix Movies,Our Sticky Love S01 Dual,FAIL,,Browser blocked the media response (ORB; invalid or cross-origin media response),readyState=0; video=0x0; currentTime=0.00s; playing=False; progressed=False,2,2026-08-29T16:38:45+00:00,movie:our-sticky-love-s01-dual:480
1553,movie,Mix Movies,Peaky Blinders S05E02 Dual,FAIL,,Browser blocked the media response (ORB; invalid or cross-origin media response),readyState=0; video=0x0; currentTime=0.00s; playing=False; progressed=False,2,2026-08-29T16:39:06+00:00,movie:peaky-blinders-s05e02-dual:481
1554,movie,Mix Movies,Sacred Games S02 dual,FAIL,,Browser blocked the media response (ORB; invalid or cross-origin media response),readyState=0; video=0x0; currentTime=0.00s; playing=False; progressed=False,2,2026-08-29T16:39:16+00:00,movie:sacred-games-s02-dual:487
1555,movie,Mix Movies,Sex Education S01 Dual,FAIL,,Browser blocked the media response (ORB; invalid or cross-origin media response),readyState=0; video=0x0; currentTime=0.00s; playing=False; progressed=False,2,2026-08-29T16:39:52+00:00,movie:sex-education-s01-dual:490
1556,movie,Mix Movies,Spooky in Love S01E07 Dual,FAIL,,Browser blocked the media response (ORB; invalid or cross-origin media response),readyState=0; video=0x0; currentTime=0.00s; playing=False; progressed=False,2,2026-08-29T16:39:53+00:00,movie:spooky-in-love-s01e07-dual:492
1557,movie,Mix Movies,Sultan Salahuddin Ayyubi S01E05,FAIL,,Browser blocked the media response (ORB; invalid or cross-origin media response),readyState=0; video=0x0; currentTime=0.00s; playing=False; progressed=False,2,2026-08-29T16:40:15+00:00,movie:sultan-salahuddin-ayyubi-s01e05:499
1558,movie,Mix Movies,Sultan Salahuddin Ayyubi S01E06,FAIL,,Browser blocked the media response (ORB; invalid or cross-origin media response),readyState=0; video=0x0; currentTime=0.00s; playing=False; progressed=False,2,2026-08-29T16:40:22+00:00,movie:sultan-salahuddin-ayyubi-s01e06:500
1559,movie,Mix Movies,The Summer I Turned Pretty S01 dual,FAIL,,Browser blocked the media response (ORB; invalid or cross-origin media response),readyState=0; video=0x0; currentTime=0.00s; playing=False; progressed=False,2,2026-08-29T16:40:58+00:00,movie:the-summer-i-turned-pretty-s01-dual:505
1560,movie,Mix Movies,Vadhandhi S02 Dual,FAIL,,Browser blocked the media response (ORB; invalid or cross-origin media response),readyState=0; video=0x0; currentTime=0.00s; playing=False; progressed=False,2,2026-08-29T16:41:02+00:00,movie:vadhandhi-s02-dual:510
1561,movie,Mix Movies,[The Apartment Job S01E05 Dual,FAIL,,Browser blocked the media response (ORB; invalid or cross-origin media response),readyState=0; video=0x0; currentTime=0.00s; playing=False; progressed=False,2,2026-08-29T16:41:19+00:00,movie:the-apartment-job-s01e05-dual:516
1562,movie,Mix Movies,[The Apartment Job S01E06 Dual,FAIL,,Browser blocked the media response (ORB; invalid or cross-origin media response),readyState=0; video=0x0; currentTime=0.00s; playing=False; progressed=False,2,2026-08-29T16:41:27+00:00,movie:the-apartment-job-s01e06-dual:517
1563,movie,Mix Movies,Damayant S01,FAIL,,Browser blocked the media response (ORB; invalid or cross-origin media response),readyState=0; video=0x0; currentTime=0.00s; playing=False; progressed=False,2,2026-08-29T16:42:03+00:00,movie:damayant-s01:518
1564,movie,Mix Movies,House of the Dragon S02 E01,FAIL,,Browser blocked the media response (ORB; invalid or cross-origin media response),readyState=0; video=0x0; currentTime=0.00s; playing=False; progressed=False,2,2026-08-29T16:42:05+00:00,movie:house-of-the-dragon-s02-e01:519
1565,movie,Mix Movies,Money Heist S02 dual Complete,FAIL,,Browser blocked the media response (ORB; invalid or cross-origin media response),readyState=0; video=0x0; currentTime=0.00s; playing=False; progressed=False,2,2026-08-29T16:42:25+00:00,movie:money-heist-s02-dual-complete:523
1566,movie,Mix Movies,Resort S01E41 44,FAIL,,Browser blocked the media response (ORB; invalid or cross-origin media response),readyState=0; video=0x0; currentTime=0.00s; playing=False; progressed=False,2,2026-08-29T16:42:32+00:00,movie:resort-s01e41-44:527
1567,movie,Mix Movies,Sex Education S03 dual,FAIL,,Browser blocked the media response (ORB; invalid or cross-origin media response),readyState=0; video=0x0; currentTime=0.00s; playing=False; progressed=False,2,2026-08-29T16:43:12+00:00,movie:sex-education-s03-dual:529
1568,movie,Mix Movies,Spooky in Love S01E08 Dual,FAIL,,Browser blocked the media response (ORB; invalid or cross-origin media response),readyState=0; video=0x0; currentTime=0.00s; playing=False; progressed=False,2,2026-08-29T16:29:08+00:00,movie:spooky-in-love-s01e08-dual:532
1569,movie,Mix Movies,The Apartment Job S01E09 Dual,FAIL,,Browser blocked the media response (ORB; invalid or cross-origin media response),readyState=0; video=0x0; currentTime=0.00s; playing=False; progressed=False,2,2026-08-29T16:29:06+00:00,movie:the-apartment-job-s01e09-dual:537
1570,movie,Mix Movies,The Apartment Job S01E10 Dual,FAIL,,Browser blocked the media response (ORB; invalid or cross-origin media response),readyState=0; video=0x0; currentTime=0.00s; playing=False; progressed=False,2,2026-08-29T16:30:03+00:00,movie:the-apartment-job-s01e10-dual:538
1571,movie,Mix Movies,28 Years Later The Bone Temple 2026 Dual,FAIL,,Browser blocked the media response (ORB; invalid or cross-origin media response),readyState=0; video=0x0; currentTime=0.00s; playing=False; progressed=False,2,2026-08-29T16:30:02+00:00,movie:28-years-later-the-bone-temple-2026-dual:324
1572,movie,Mix Movies,Beast Race 2026 Dual,FAIL,,Browser blocked the media response (ORB; invalid or cross-origin media response),readyState=0; video=0x0; currentTime=0.00s; playing=False; progressed=False,2,2026-08-29T16:30:18+00:00,movie:beast-race-2026-dual:325
1573,movie,Mix Movies,Disclosure Day (2026) Dual,FAIL,,Browser blocked the media response (ORB; invalid or cross-origin media response),readyState=0; video=0x0; currentTime=0.00s; playing=False; progressed=False,2,2026-08-29T16:30:20+00:00,movie:disclosure-day-2026-dual:326
1574,movie,Mix Movies,Find Your Friends 2026 Dual,FAIL,,Browser blocked the media response (ORB; invalid or cross-origin media response),readyState=0; video=0x0; currentTime=0.00s; playing=False; progressed=False,2,2026-08-29T16:31:11+00:00,movie:find-your-friends-2026-dual:327
1575,movie,Mix Movies,House Of The Dragon (2026) S03E04 Dual,FAIL,,Browser blocked the media response (ORB; invalid or cross-origin media response),readyState=0; video=0x0; currentTime=0.00s; playing=False; progressed=False,2,2026-08-29T16:31:09+00:00,movie:house-of-the-dragon-2026-s03e04-dual:328
1576,movie,Mix Movies,House Of The Dragon (2026) S03E05 Dual,FAIL,,Browser blocked the media response (ORB; invalid or cross-origin media response),readyState=0; video=0x0; currentTime=0.00s; playing=False; progressed=False,2,2026-08-29T16:31:32+00:00,movie:house-of-the-dragon-2026-s03e05-dual:329
1577,movie,Mix Movies,House Of The Dragon (2026) S03E06 Dual,FAIL,,Browser blocked the media response (ORB; invalid or cross-origin media response),readyState=0; video=0x0; currentTime=0.00s; playing=False; progressed=False,2,2026-08-29T16:31:31+00:00,movie:house-of-the-dragon-2026-s03e06-dual:330
1578,movie,Mix Movies,Masters of the Universe 2026 Dual,FAIL,,Browser blocked the media response (ORB; invalid or cross-origin media response),readyState=0; video=0x0; currentTime=0.00s; playing=False; progressed=False,2,2026-08-29T16:32:17+00:00,movie:masters-of-the-universe-2026-dual:332
1579,movie,Mix Movies,Muthassi (2026) S01,FAIL,,Browser blocked the media response (ORB; invalid or cross-origin media response),readyState=0; video=0x0; currentTime=0.00s; playing=False; progressed=False,2,2026-08-29T16:32:21+00:00,movie:muthassi-2026-s01:334
1580,movie,Mix Movies,Peddi (2026) Dual,FAIL,,Browser blocked the media response (ORB; invalid or cross-origin media response),readyState=0; video=0x0; currentTime=0.00s; playing=False; progressed=False,2,2026-08-29T16:32:40+00:00,movie:peddi-2026-dual:337
1581,movie,Mix Movies,Perfect Crown (2026) S01 Dual,FAIL,,Browser blocked the media response (ORB; invalid or cross-origin media response),readyState=0; video=0x0; currentTime=0.00s; playing=False; progressed=False,2,2026-08-29T16:32:47+00:00,movie:perfect-crown-2026-s01-dual:338
1582,movie,Mix Movies,Sterling Point (2026) S01 Dual,FAIL,,Browser blocked the media response (ORB; invalid or cross-origin media response),readyState=0; video=0x0; currentTime=0.00s; playing=False; progressed=False,2,2026-08-29T16:33:25+00:00,movie:sterling-point-2026-s01-dual:340
1583,movie,Mix Movies,Supergirl (2026) Dual,FAIL,,Browser blocked the media response (ORB; invalid or cross-origin media response),readyState=0; video=0x0; currentTime=0.00s; playing=False; progressed=False,2,2026-08-29T16:33:29+00:00,movie:supergirl-2026-dual:341
1584,movie,Mix Movies,Swapped 2026 Dual,FAIL,,Browser blocked the media response (ORB; invalid or cross-origin media response),readyState=0; video=0x0; currentTime=0.00s; playing=False; progressed=False,2,2026-08-29T16:38:03+00:00,movie:swapped-2026-dual:342
1585,movie,Mix Movies,The Devil's Mouth (2026) Dual,FAIL,,Browser blocked the media response (ORB; invalid or cross-origin media response),readyState=0; video=0x0; currentTime=0.00s; playing=False; progressed=False,2,2026-08-29T16:38:12+00:00,movie:the-devils-mouth-2026-dual:343
1586,movie,Mix Movies,The Dinosaurs (2026) S01 Dual,FAIL,,Browser blocked the media response (ORB; invalid or cross-origin media response),readyState=0; video=0x0; currentTime=0.00s; playing=False; progressed=False,2,2026-08-29T16:38:41+00:00,movie:the-dinosaurs-2026-s01-dual:344
1587,movie,Mix Movies,The Odyssey 2026 Dual HDTS,FAIL,,Browser blocked the media response (ORB; invalid or cross-origin media response),readyState=0; video=0x0; currentTime=0.00s; playing=False; progressed=False,2,2026-08-29T16:38:50+00:00,movie:the-odyssey-2026-dual-hdts:345
1588,movie,Mix Movies,The Sheep Detectives (2026) Dual,FAIL,,Browser blocked the media response (ORB; invalid or cross-origin media response),readyState=0; video=0x0; currentTime=0.00s; playing=False; progressed=False,2,2026-08-29T16:39:08+00:00,movie:the-sheep-detectives-2026-dual:346
1589,movie,Mix Movies,With Love 2026 Dual,FAIL,,Browser blocked the media response (ORB; invalid or cross-origin media response),readyState=0; video=0x0; currentTime=0.00s; playing=False; progressed=False,2,2026-08-29T16:39:18+00:00,movie:with-love-2026-dual:347
1590,movie,Mix Movies,Your Fault London 2026 Dual,FAIL,,Browser blocked the media response (ORB; invalid or cross-origin media response),readyState=0; video=0x0; currentTime=0.00s; playing=False; progressed=False,2,2026-08-29T16:39:55+00:00,movie:your-fault-london-2026-dual:348
1591,movie,Mix Movies,Double Politics 2026,FAIL,,Browser blocked the media response (ORB; invalid or cross-origin media response),readyState=0; video=0x0; currentTime=0.00s; playing=False; progressed=False,2,2026-08-29T16:39:58+00:00,movie:double-politics-2026:350
1592,movie,Mix Movies,Kung Fu Soccer 2026 Chinese HDTC,FAIL,,Browser blocked the media response (ORB; invalid or cross-origin media response),readyState=0; video=0x0; currentTime=0.00s; playing=False; progressed=False,2,2026-08-29T16:40:19+00:00,movie:kung-fu-soccer-2026-chinese-hdtc:351
1593,movie,Mix Movies,Michael (2026) Dual,FAIL,,Browser blocked the media response (ORB; invalid or cross-origin media response),readyState=0; video=0x0; currentTime=0.00s; playing=False; progressed=False,2,2026-08-29T16:40:25+00:00,movie:michael-2026-dual:352
1594,movie,Mix Movies,Shelter 2026 Dual,FAIL,,Browser blocked the media response (ORB; invalid or cross-origin media response),readyState=0; video=0x0; currentTime=0.00s; playing=False; progressed=False,2,2026-08-29T16:41:00+00:00,movie:shelter-2026-dual:353
1595,movie,Mix Movies,Ustaad Bhagat Singh (2026) Dual,FAIL,,Browser blocked the media response (ORB; invalid or cross-origin media response),readyState=0; video=0x0; currentTime=0.00s; playing=False; progressed=False,2,2026-08-29T16:41:04+00:00,movie:ustaad-bhagat-singh-2026-dual:354
1596,movie,Mix Movies,Demon Slayer Kimetsu no Yaiba Infinity Castle (2025) Dual ORG,FAIL,,Browser blocked the media response (ORB; invalid or cross-origin media response),readyState=0; video=0x0; currentTime=0.00s; playing=False; progressed=False,2,2026-08-29T16:41:24+00:00,movie:demon-slayer-kimetsu-no-yaiba-infinity-castle-2025-dual-org:355
1597,movie,Mix Movies,HIT The Third Case 2025 Dual,FAIL,,Browser blocked the media response (ORB; invalid or cross-origin media response),readyState=0; video=0x0; currentTime=0.00s; playing=False; progressed=False,2,2026-08-29T16:41:29+00:00,movie:hit-the-third-case-2025-dual:356
1598,movie,Mix Movies,Ne Zha 2 (2025) iT ESub,FAIL,,Browser blocked the media response (ORB; invalid or cross-origin media response),readyState=0; video=0x0; currentTime=0.00s; playing=False; progressed=False,2,2026-08-29T16:42:06+00:00,movie:ne-zha-2-2025-it-esub:358
1599,movie,Mix Movies,The Shadows Edge (2025) Chinese,FAIL,,Browser blocked the media response (ORB; invalid or cross-origin media response),readyState=0; video=0x0; currentTime=0.00s; playing=False; progressed=False,2,2026-08-29T16:42:07+00:00,movie:the-shadows-edge-2025-chinese:362
1600,movie,Mix Movies,Waktu Maghrib 2 2025 Indonesian ESub,FAIL,,Browser blocked the media response (ORB; invalid or cross-origin media response),readyState=0; video=0x0; currentTime=0.00s; playing=False; progressed=False,2,2026-08-29T16:42:28+00:00,movie:waktu-maghrib-2-2025-indonesian-esub:363
1601,movie,Mix Movies,War 2 2025 NF,FAIL,,Browser blocked the media response (ORB; invalid or cross-origin media response),readyState=0; video=0x0; currentTime=0.00s; playing=False; progressed=False,2,2026-08-29T16:42:35+00:00,movie:war-2-2025-nf:364
1602,movie,Mix Movies,Kishkindhapuri 2025,FAIL,,Browser blocked the media response (ORB; invalid or cross-origin media response),readyState=0; video=0x0; currentTime=0.00s; playing=False; progressed=False,2,2026-08-29T16:43:14+00:00,movie:kishkindhapuri-2025:366
1603,movie,Mix Movies,Madharaasi (2025) Dual,FAIL,,Browser blocked the media response (ORB; invalid or cross-origin media response),readyState=0; video=0x0; currentTime=0.00s; playing=False; progressed=False,2,2026-08-29T16:29:10+00:00,movie:madharaasi-2025-dual:367
1604,movie,Mix Movies,Sarvam Maya (2025) Dual,FAIL,,Browser blocked the media response (ORB; invalid or cross-origin media response),readyState=0; video=0x0; currentTime=0.00s; playing=False; progressed=False,2,2026-08-29T16:29:09+00:00,movie:sarvam-maya-2025-dual:368
1605,movie,Mix Movies,House Of The Dragon (2024) S02E08 dual,FAIL,,Browser blocked the media response (ORB; invalid or cross-origin media response),readyState=0; video=0x0; currentTime=0.00s; playing=False; progressed=False,2,2026-08-29T16:30:05+00:00,movie:house-of-the-dragon-2024-s02e08-dual:369
1606,movie,Mix Movies,Moana 2 2024 Dual ORG,FAIL,,Browser blocked the media response (ORB; invalid or cross-origin media response),readyState=0; video=0x0; currentTime=0.00s; playing=False; progressed=False,2,2026-08-29T16:30:04+00:00,movie:moana-2-2024-dual-org:370
1607,movie,Mix Movies,Three Body (2024) S01E01 02,FAIL,,Browser blocked the media response (ORB; invalid or cross-origin media response),readyState=0; video=0x0; currentTime=0.00s; playing=False; progressed=False,2,2026-08-29T16:30:20+00:00,movie:three-body-2024-s01e01-02:371
1608,movie,Mix Movies,Female 4 (2024),FAIL,,Browser blocked the media response (ORB; invalid or cross-origin media response),readyState=0; video=0x0; currentTime=0.00s; playing=False; progressed=False,2,2026-08-29T16:30:23+00:00,movie:female-4-2024:372
1609,movie,Mix Movies,Paddington in Peru (2024) BluRay,FAIL,,Browser blocked the media response (ORB; invalid or cross-origin media response),readyState=0; video=0x0; currentTime=0.00s; playing=False; progressed=False,2,2026-08-29T16:31:14+00:00,movie:paddington-in-peru-2024-bluray:377
1610,movie,Mix Movies,Dasara 2023 Dual ORG,FAIL,,Browser blocked the media response (ORB; invalid or cross-origin media response),readyState=0; video=0x0; currentTime=0.00s; playing=False; progressed=False,2,2026-08-29T16:31:12+00:00,movie:dasara-2023-dual-org:379
1611,movie,Mix Movies,Evil Dead Rise 2023 Dual,FAIL,,Browser blocked the media response (ORB; invalid or cross-origin media response),readyState=0; video=0x0; currentTime=0.00s; playing=False; progressed=False,2,2026-08-29T16:31:35+00:00,movie:evil-dead-rise-2023-dual:380
1612,movie,Mix Movies,Por Thozhil (2023) Dual,FAIL,,Browser blocked the media response (ORB; invalid or cross-origin media response),readyState=0; video=0x0; currentTime=0.00s; playing=False; progressed=False,2,2026-08-29T16:31:34+00:00,movie:por-thozhil-2023-dual:381
1613,movie,Mix Movies,Surongo (2023),FAIL,,Browser blocked the media response (ORB; invalid or cross-origin media response),readyState=0; video=0x0; currentTime=0.00s; playing=False; progressed=False,2,2026-08-29T16:32:20+00:00,movie:surongo-2023:382
1614,movie,Mix Movies,Khyapa (2023) S04,FAIL,,Browser blocked the media response (ORB; invalid or cross-origin media response),readyState=0; video=0x0; currentTime=0.00s; playing=False; progressed=False,2,2026-08-29T16:32:24+00:00,movie:khyapa-2023-s04:388
1615,movie,Mix Movies,Mohanagar (2023) S02,FAIL,,Browser blocked the media response (ORB; invalid or cross-origin media response),readyState=0; video=0x0; currentTime=0.00s; playing=False; progressed=False,2,2026-08-29T16:32:43+00:00,movie:mohanagar-2023-s02:390
1616,movie,Mix Movies,My Fault (2023) Dual,FAIL,,Browser blocked the media response (ORB; invalid or cross-origin media response),readyState=0; video=0x0; currentTime=0.00s; playing=False; progressed=False,2,2026-08-29T16:32:50+00:00,movie:my-fault-2023-dual:391
1617,movie,Mix Movies,Olokkhis In Goa (2023) S01,FAIL,,Browser blocked the media response (ORB; invalid or cross-origin media response),readyState=0; video=0x0; currentTime=0.00s; playing=False; progressed=False,2,2026-08-29T16:33:27+00:00,movie:olokkhis-in-goa-2023-s01:392
1618,movie,Mix Movies,Thunivu (2023),FAIL,,Browser blocked the media response (ORB; invalid or cross-origin media response),readyState=0; video=0x0; currentTime=0.00s; playing=False; progressed=False,2,2026-08-29T16:33:32+00:00,movie:thunivu-2023:393
1619,movie,Mix Movies,Waktu Maghrib (2023) Indonesian,FAIL,,Browser blocked the media response (ORB; invalid or cross-origin media response),readyState=0; video=0x0; currentTime=0.00s; playing=False; progressed=False,2,2026-08-29T16:38:05+00:00,movie:waktu-maghrib-2023-indonesian:394
1620,movie,Mix Movies,House of the Dragon (2022) S01E01 03,FAIL,,Browser blocked the media response (ORB; invalid or cross-origin media response),readyState=0; video=0x0; currentTime=0.00s; playing=False; progressed=False,2,2026-08-29T16:38:14+00:00,movie:house-of-the-dragon-2022-s01e01-03:396
1621,movie,Mix Movies,Kaiser 2022 S01,FAIL,,Browser blocked the media response (ORB; invalid or cross-origin media response),readyState=0; video=0x0; currentTime=0.00s; playing=False; progressed=False,2,2026-08-29T16:38:44+00:00,movie:kaiser-2022-s01:397
1622,movie,Mix Movies,Thiruchitrambalam 2022 Dual ORG,FAIL,,Browser blocked the media response (ORB; invalid or cross-origin media response),readyState=0; video=0x0; currentTime=0.00s; playing=False; progressed=False,2,2026-08-29T16:38:52+00:00,movie:thiruchitrambalam-2022-dual-org:398
1623,movie,Mix Movies,DS 2 2022 Dual,FAIL,,Browser blocked the media response (ORB; invalid or cross-origin media response),readyState=0; video=0x0; currentTime=0.00s; playing=False; progressed=False,2,2026-08-29T16:39:11+00:00,movie:ds-2-2022-dual:399
1624,movie,Mix Movies,Gatta Kusthi (2022) Dual ORG,FAIL,,Browser blocked the media response (ORB; invalid or cross-origin media response),readyState=0; video=0x0; currentTime=0.00s; playing=False; progressed=False,2,2026-08-29T16:39:21+00:00,movie:gatta-kusthi-2022-dual-org:400
1625,movie,Mix Movies,Hey Sinamika (2022) Dual,FAIL,,Browser blocked the media response (ORB; invalid or cross-origin media response),readyState=0; video=0x0; currentTime=0.00s; playing=False; progressed=False,2,2026-08-29T16:39:57+00:00,movie:hey-sinamika-2022-dual:401
1626,movie,Mix Movies,Mahaan (2022) Dual,FAIL,,Browser blocked the media response (ORB; invalid or cross-origin media response),readyState=0; video=0x0; currentTime=0.00s; playing=False; progressed=False,2,2026-08-29T16:40:00+00:00,movie:mahaan-2022-dual:402
1627,movie,Mix Movies,Mohanagar (2021) S01,FAIL,,Browser blocked the media response (ORB; invalid or cross-origin media response),readyState=0; video=0x0; currentTime=0.00s; playing=False; progressed=False,2,2026-08-29T16:40:22+00:00,movie:mohanagar-2021-s01:404
1628,movie,Mix Movies,Morichika 2021 S01,FAIL,,Browser blocked the media response (ORB; invalid or cross-origin media response),readyState=0; video=0x0; currentTime=0.00s; playing=False; progressed=False,2,2026-08-29T16:40:27+00:00,movie:morichika-2021-s01:405
1629,movie,Mix Movies,SNW (2021),FAIL,,Browser blocked the media response (ORB; invalid or cross-origin media response),readyState=0; video=0x0; currentTime=0.00s; playing=False; progressed=False,2,2026-08-29T16:41:03+00:00,movie:snw-2021:406
1630,movie,Mix Movies,True Beauty (2021) S01E09 16 Dual,FAIL,,Browser blocked the media response (ORB; invalid or cross-origin media response),readyState=0; video=0x0; currentTime=0.00s; playing=False; progressed=False,2,2026-08-29T16:41:06+00:00,movie:true-beauty-2021-s01e09-16-dual:408
1631,movie,Mix Movies,Hacked 2020,FAIL,,Browser blocked the media response (ORB; invalid or cross-origin media response),readyState=0; video=0x0; currentTime=0.00s; playing=False; progressed=False,2,2026-08-29T16:41:27+00:00,movie:hacked-2020:409
1632,movie,Mix Movies,John Wick Chapter 3 (2019) Dual,FAIL,,Browser blocked the media response (ORB; invalid or cross-origin media response),readyState=0; video=0x0; currentTime=0.00s; playing=False; progressed=False,2,2026-08-29T16:41:32+00:00,movie:john-wick-chapter-3-2019-dual:411
1633,movie,Mix Movies,Khyapa (2019) S02 Complete,FAIL,,Browser blocked the media response (ORB; invalid or cross-origin media response),readyState=0; video=0x0; currentTime=0.00s; playing=False; progressed=False,2,2026-08-29T16:42:08+00:00,movie:khyapa-2019-s02-complete:412
1634,movie,Mix Movies,Khyapa (2018) S01 Complete,FAIL,,Browser blocked the media response (ORB; invalid or cross-origin media response),readyState=0; video=0x0; currentTime=0.00s; playing=False; progressed=False,2,2026-08-29T16:42:10+00:00,movie:khyapa-2018-s01-complete:414
1635,movie,Mix Movies,Ratsasan 2018 Dual ORG,FAIL,,Browser blocked the media response (ORB; invalid or cross-origin media response),readyState=0; video=0x0; currentTime=0.00s; playing=False; progressed=False,2,2026-08-29T16:42:30+00:00,movie:ratsasan-2018-dual-org:415
1636,movie,Mix Movies,The Farm 2018,FAIL,,Browser blocked the media response (ORB; invalid or cross-origin media response),readyState=0; video=0x0; currentTime=0.00s; playing=False; progressed=False,2,2026-08-29T16:42:37+00:00,movie:the-farm-2018:416
1637,movie,Mix Movies,My Cousin Rachel 2017 BluRay HIN ENG,FAIL,,Browser blocked the media response (ORB; invalid or cross-origin media response),readyState=0; video=0x0; currentTime=0.00s; playing=False; progressed=False,2,2026-08-29T16:43:17+00:00,movie:my-cousin-rachel-2017-bluray-hin-eng:417
1638,movie,Mix Movies,Spider Man Homecoming 2017 Dual,FAIL,,Browser blocked the media response (ORB; invalid or cross-origin media response),readyState=0; video=0x0; currentTime=0.00s; playing=False; progressed=False,2,2026-08-29T16:29:12+00:00,movie:spider-man-homecoming-2017-dual:418
1639,movie,Mix Movies,Secret Superstar 2017,FAIL,,Browser blocked the media response (ORB; invalid or cross-origin media response),readyState=0; video=0x0; currentTime=0.00s; playing=False; progressed=False,2,2026-08-29T16:29:11+00:00,movie:secret-superstar-2017:421
1640,movie,Mix Movies,Train To Busan (2016) Dual,FAIL,,Browser blocked the media response (ORB; invalid or cross-origin media response),readyState=0; video=0x0; currentTime=0.00s; playing=False; progressed=False,2,2026-08-29T16:30:07+00:00,movie:train-to-busan-2016-dual:422
1641,movie,Mix Movies,Mad Max Fury Road 2015 Daul Bluray,FAIL,,Browser blocked the media response (ORB; invalid or cross-origin media response),readyState=0; video=0x0; currentTime=0.00s; playing=False; progressed=False,2,2026-08-29T16:30:06+00:00,movie:mad-max-fury-road-2015-daul-bluray:423
1642,movie,Mix Movies,Reply 1988 (2015) S01E26 30,FAIL,,Browser blocked the media response (ORB; invalid or cross-origin media response),readyState=0; video=0x0; currentTime=0.00s; playing=False; progressed=False,2,2026-08-29T16:30:23+00:00,movie:reply-1988-2015-s01e26-30:424
1643,movie,Mix Movies,Tamasha (2015),FAIL,,Browser blocked the media response (ORB; invalid or cross-origin media response),readyState=0; video=0x0; currentTime=0.00s; playing=False; progressed=False,2,2026-08-29T16:30:25+00:00,movie:tamasha-2015:425
1644,movie,Mix Movies,Interstellar 2014 Dual,FAIL,,Browser blocked the media response (ORB; invalid or cross-origin media response),readyState=0; video=0x0; currentTime=0.00s; playing=False; progressed=False,2,2026-08-29T16:31:16+00:00,movie:interstellar-2014-dual:428
1645,movie,Mix Movies,The Invisible Boy (2014) Dual,FAIL,,Browser blocked the media response (ORB; invalid or cross-origin media response),readyState=0; video=0x0; currentTime=0.00s; playing=False; progressed=False,2,2026-08-29T16:31:14+00:00,movie:the-invisible-boy-2014-dual:430
1646,movie,Mix Movies,Transformers 4 2014 Dual,FAIL,,Browser blocked the media response (ORB; invalid or cross-origin media response),readyState=0; video=0x0; currentTime=0.00s; playing=False; progressed=False,2,2026-08-29T16:31:37+00:00,movie:transformers-4-2014-dual:431
1647,movie,Mix Movies,Fast And Furious 6 (2013),FAIL,,Browser blocked the media response (ORB; invalid or cross-origin media response),readyState=0; video=0x0; currentTime=0.00s; playing=False; progressed=False,2,2026-08-29T16:31:37+00:00,movie:fast-and-furious-6-2013:433
1648,movie,Mix Movies,Iron Man 3 2013 Dual,FAIL,,Browser blocked the media response (ORB; invalid or cross-origin media response),readyState=0; video=0x0; currentTime=0.00s; playing=False; progressed=False,2,2026-08-29T16:32:22+00:00,movie:iron-man-3-2013-dual:434
1649,movie,Mix Movies,Nymphomaniac Vol 1 2013 BluRay,FAIL,,Browser blocked the media response (ORB; invalid or cross-origin media response),readyState=0; video=0x0; currentTime=0.00s; playing=False; progressed=False,2,2026-08-29T16:32:26+00:00,movie:nymphomaniac-vol-1-2013-bluray:435
1650,movie,Mix Movies,Nymphomaniac VolII 2013 BluRay,FAIL,,Browser blocked the media response (ORB; invalid or cross-origin media response),readyState=0; video=0x0; currentTime=0.00s; playing=False; progressed=False,2,2026-08-29T16:32:46+00:00,movie:nymphomaniac-volii-2013-bluray:436
1651,movie,Mix Movies,The Dark Knight Rises (2012),FAIL,,Browser blocked the media response (ORB; invalid or cross-origin media response),readyState=0; video=0x0; currentTime=0.00s; playing=False; progressed=False,2,2026-08-29T16:32:52+00:00,movie:the-dark-knight-rises-2012:438
1652,movie,Mix Movies,The Dictator (2012),FAIL,,Browser blocked the media response (ORB; invalid or cross-origin media response),readyState=0; video=0x0; currentTime=0.00s; playing=False; progressed=False,2,2026-08-29T16:33:30+00:00,movie:the-dictator-2012:439
1653,movie,Mix Movies,Gangs of Wasseypur Part2 2012,FAIL,,Browser blocked the media response (ORB; invalid or cross-origin media response),readyState=0; video=0x0; currentTime=0.00s; playing=False; progressed=False,2,2026-08-29T16:33:34+00:00,movie:gangs-of-wasseypur-part2-2012:440
1654,movie,Mix Movies,Pirates of the Caribbean 4 2011 dual,FAIL,,Browser blocked the media response (ORB; invalid or cross-origin media response),readyState=0; video=0x0; currentTime=0.00s; playing=False; progressed=False,2,2026-08-29T16:38:08+00:00,movie:pirates-of-the-caribbean-4-2011-dual:442
1655,movie,Mix Movies,Crazy Stupid Love 2011 BluRay,FAIL,,Browser blocked the media response (ORB; invalid or cross-origin media response),readyState=0; video=0x0; currentTime=0.00s; playing=False; progressed=False,2,2026-08-29T16:38:17+00:00,movie:crazy-stupid-love-2011-bluray:444
1656,movie,Mix Movies,Thor 2011 Dual,FAIL,,Browser blocked the media response (ORB; invalid or cross-origin media response),readyState=0; video=0x0; currentTime=0.00s; playing=False; progressed=False,2,2026-08-29T16:38:46+00:00,movie:thor-2011-dual:445
1657,movie,Mix Movies,Iron Man 2 2010 Dual,FAIL,,Browser blocked the media response (ORB; invalid or cross-origin media response),readyState=0; video=0x0; currentTime=0.00s; playing=False; progressed=False,2,2026-08-29T16:38:55+00:00,movie:iron-man-2-2010-dual:446
1658,movie,Mix Movies,Kung Fu Panda 2008 dual,FAIL,,Browser blocked the media response (ORB; invalid or cross-origin media response),readyState=0; video=0x0; currentTime=0.00s; playing=False; progressed=False,2,2026-08-29T16:39:14+00:00,movie:kung-fu-panda-2008-dual:449
1659,movie,Mix Movies,The Reader 2008 BluRay,FAIL,,Browser blocked the media response (ORB; invalid or cross-origin media response),readyState=0; video=0x0; currentTime=0.00s; playing=False; progressed=False,2,2026-08-29T16:39:23+00:00,movie:the-reader-2008-bluray:451
1660,movie,Mix Movies,Doraemon Nobitas New Great Adventure Into the Underworld The Seven Magic Users (2007) Dual,FAIL,,Browser blocked the media response (ORB; invalid or cross-origin media response),readyState=0; video=0x0; currentTime=0.00s; playing=False; progressed=False,2,2026-08-29T16:40:00+00:00,movie:doraemon-nobitas-new-great-adventure-into-the-underworld-the-seven-magic-users-2007-dual:452
1661,movie,Mix Movies,F4nt4st1c F0ur R1s3 0f Th3 S11v3r Surf3r (2007) dual,FAIL,,Browser blocked the media response (ORB; invalid or cross-origin media response),readyState=0; video=0x0; currentTime=0.00s; playing=False; progressed=False,2,2026-08-29T16:40:03+00:00,movie:f4nt4st1c-f0ur-r1s3-0f-th3-s11v3r-surf3r-2007-dual:453
1662,movie,Mix Movies,Pirates of the Caribbean 3 2007 dual,FAIL,,Browser blocked the media response (ORB; invalid or cross-origin media response),readyState=0; video=0x0; currentTime=0.00s; playing=False; progressed=False,2,2026-08-29T16:40:25+00:00,movie:pirates-of-the-caribbean-3-2007-dual:454
1663,movie,Mix Movies,The Notebook 2004 BluRay HIN ENG,FAIL,,Browser blocked the media response (ORB; invalid or cross-origin media response),readyState=0; video=0x0; currentTime=0.00s; playing=False; progressed=False,2,2026-08-29T16:40:30+00:00,movie:the-notebook-2004-bluray-hin-eng:456
1664,movie,Mix Movies,Oldboy 2003 Dual,FAIL,,Browser blocked the media response (ORB; invalid or cross-origin media response),readyState=0; video=0x0; currentTime=0.00s; playing=False; progressed=False,2,2026-08-29T16:41:05+00:00,movie:oldboy-2003-dual:457
1665,movie,Mix Movies,The Dreamers 2003 BluRay,FAIL,,Browser blocked the media response (ORB; invalid or cross-origin media response),readyState=0; video=0x0; currentTime=0.00s; playing=False; progressed=False,2,2026-08-29T16:41:09+00:00,movie:the-dreamers-2003-bluray:458
1666,movie,Mix Movies,Underworld (2003) Dual,FAIL,,Browser blocked the media response (ORB; invalid or cross-origin media response),readyState=0; video=0x0; currentTime=0.00s; playing=False; progressed=False,2,2026-08-29T16:41:29+00:00,movie:underworld-2003-dual:459
1667,movie,Mix Movies,Paprika 1991,FAIL,,Browser blocked the media response (ORB; invalid or cross-origin media response),readyState=0; video=0x0; currentTime=0.00s; playing=False; progressed=False,2,2026-08-29T16:41:34+00:00,movie:paprika-1991:460
1668,movie,Mix Movies,Dadagiri Unlimited S11E01,FAIL,,Browser blocked the media response (ORB; invalid or cross-origin media response),readyState=0; video=0x0; currentTime=0.00s; playing=False; progressed=False,2,2026-08-29T16:42:12+00:00,movie:dadagiri-unlimited-s11e01:461
1669,movie,Mix Movies,Dadagiri Unlimited S11E09,FAIL,,Browser blocked the media response (ORB; invalid or cross-origin media response),readyState=0; video=0x0; currentTime=0.00s; playing=False; progressed=False,2,2026-08-29T16:42:12+00:00,movie:dadagiri-unlimited-s11e09:462
1670,movie,Mix Movies,Delhi Crime S01,FAIL,,Browser blocked the media response (ORB; invalid or cross-origin media response),readyState=0; video=0x0; currentTime=0.00s; playing=False; progressed=False,2,2026-08-29T16:42:33+00:00,movie:delhi-crime-s01:464
1671,movie,Mix Movies,Hotel Relax S01,FAIL,,Browser blocked the media response (ORB; invalid or cross-origin media response),readyState=0; video=0x0; currentTime=0.00s; playing=False; progressed=False,2,2026-08-29T16:42:40+00:00,movie:hotel-relax-s01:466
1672,movie,Mix Movies,Inception dual,FAIL,,Browser blocked the media response (ORB; invalid or cross-origin media response),readyState=0; video=0x0; currentTime=0.00s; playing=False; progressed=False,2,2026-08-29T16:43:19+00:00,movie:inception-dual:467
1673,movie,Mix Movies,Loki S01,FAIL,,Browser blocked the media response (ORB; invalid or cross-origin media response),readyState=0; video=0x0; currentTime=0.00s; playing=False; progressed=False,2,2026-08-29T16:29:15+00:00,movie:loki-s01:469
1674,movie,Mix Movies,Loki S02 Dual,FAIL,,Browser blocked the media response (ORB; invalid or cross-origin media response),readyState=0; video=0x0; currentTime=0.00s; playing=False; progressed=False,2,2026-08-29T16:29:14+00:00,movie:loki-s02-dual:470
1675,movie,Mix Movies,Money Heist Korea Joint Economic Area S01,FAIL,,Browser blocked the media response (ORB; invalid or cross-origin media response),readyState=0; video=0x0; currentTime=0.00s; playing=False; progressed=False,2,2026-08-29T16:30:10+00:00,movie:money-heist-korea-joint-economic-area-s01:472
1676,movie,Mix Movies,Money Heist S01 dual Complete,FAIL,,Browser blocked the media response (ORB; invalid or cross-origin media response),readyState=0; video=0x0; currentTime=0.00s; playing=False; progressed=False,2,2026-08-29T16:30:09+00:00,movie:money-heist-s01-dual-complete:473
1677,movie,Mix Movies,Money Heist S04 dual Complete,FAIL,,Browser blocked the media response (ORB; invalid or cross-origin media response),readyState=0; video=0x0; currentTime=0.00s; playing=False; progressed=False,2,2026-08-29T16:30:26+00:00,movie:money-heist-s04-dual-complete:474
1678,movie,Mix Movies,My Bias My Boss S01E01 Dual,FAIL,,Browser blocked the media response (ORB; invalid or cross-origin media response),readyState=0; video=0x0; currentTime=0.00s; playing=False; progressed=False,2,2026-08-29T16:30:28+00:00,movie:my-bias-my-boss-s01e01-dual:476
1679,movie,Mix Movies,My Bias My Boss S01E02 Dual,FAIL,,Browser blocked the media response (ORB; invalid or cross-origin media response),readyState=0; video=0x0; currentTime=0.00s; playing=False; progressed=False,2,2026-08-29T16:31:19+00:00,movie:my-bias-my-boss-s01e02-dual:477
1680,movie,Mix Movies,Off Campus S01 Dual,FAIL,,Browser blocked the media response (ORB; invalid or cross-origin media response),readyState=0; video=0x0; currentTime=0.00s; playing=False; progressed=False,2,2026-08-29T16:31:16+00:00,movie:off-campus-s01-dual:478
1681,movie,Mix Movies,One Piece S01 E01 08 Dual,FAIL,,Browser blocked the media response (ORB; invalid or cross-origin media response),readyState=0; video=0x0; currentTime=0.00s; playing=False; progressed=False,2,2026-08-29T16:31:40+00:00,movie:one-piece-s01-e01-08-dual:479
1682,movie,Mix Movies,Pritam and Pedro S01E01 06 Dual,FAIL,,Browser blocked the media response (ORB; invalid or cross-origin media response),readyState=0; video=0x0; currentTime=0.00s; playing=False; progressed=False,2,2026-08-29T16:31:42+00:00,movie:pritam-and-pedro-s01e01-06-dual:482
1683,movie,Mix Movies,Resort S01E73 76,FAIL,,Browser blocked the media response (ORB; invalid or cross-origin media response),readyState=0; video=0x0; currentTime=0.00s; playing=False; progressed=False,2,2026-08-29T16:32:25+00:00,movie:resort-s01e73-76:483
1684,movie,Mix Movies,Resort S01E77 80,FAIL,,Browser blocked the media response (ORB; invalid or cross-origin media response),readyState=0; video=0x0; currentTime=0.00s; playing=False; progressed=False,2,2026-08-29T16:32:29+00:00,movie:resort-s01e77-80:484
1685,movie,Mix Movies,Resort S01E81 84,FAIL,,Browser blocked the media response (ORB; invalid or cross-origin media response),readyState=0; video=0x0; currentTime=0.00s; playing=False; progressed=False,2,2026-08-29T16:32:48+00:00,movie:resort-s01e81-84:485
1686,movie,Mix Movies,Resort S01E85 88,FAIL,,Browser blocked the media response (ORB; invalid or cross-origin media response),readyState=0; video=0x0; currentTime=0.00s; playing=False; progressed=False,2,2026-08-29T16:32:55+00:00,movie:resort-s01e85-88:486
1687,movie,Mix Movies,See You at Work Tomorrow S01E11 Dual,FAIL,,Browser blocked the media response (ORB; invalid or cross-origin media response),readyState=0; video=0x0; currentTime=0.00s; playing=False; progressed=False,2,2026-08-29T16:33:32+00:00,movie:see-you-at-work-tomorrow-s01e11-dual:488
1688,movie,Mix Movies,See You at Work Tomorrow S01E12 Dual,FAIL,,Browser blocked the media response (ORB; invalid or cross-origin media response),readyState=0; video=0x0; currentTime=0.00s; playing=False; progressed=False,2,2026-08-29T16:33:37+00:00,movie:see-you-at-work-tomorrow-s01e12-dual:489
1689,movie,Mix Movies,Spider Noir S01 Dual,FAIL,,Browser blocked the media response (ORB; invalid or cross-origin media response),readyState=0; video=0x0; currentTime=0.00s; playing=False; progressed=False,2,2026-08-29T16:38:10+00:00,movie:spider-noir-s01-dual:491
1690,movie,Mix Movies,Stranger Things S01,FAIL,,Browser blocked the media response (ORB; invalid or cross-origin media response),readyState=0; video=0x0; currentTime=0.00s; playing=False; progressed=False,2,2026-08-29T16:38:19+00:00,movie:stranger-things-s01:493
1691,movie,Mix Movies,Stranger Things Tales From 85 S01 Dual,FAIL,,Browser blocked the media response (ORB; invalid or cross-origin media response),readyState=0; video=0x0; currentTime=0.00s; playing=False; progressed=False,2,2026-08-29T16:38:49+00:00,movie:stranger-things-tales-from-85-s01-dual:494
1692,movie,Mix Movies,Sultan Salahuddin Ayyubi S01E01,FAIL,,Browser blocked the media response (ORB; invalid or cross-origin media response),readyState=0; video=0x0; currentTime=0.00s; playing=False; progressed=False,2,2026-08-29T16:38:57+00:00,movie:sultan-salahuddin-ayyubi-s01e01:495
1693,movie,Mix Movies,Sultan Salahuddin Ayyubi S01E02,FAIL,,Browser blocked the media response (ORB; invalid or cross-origin media response),readyState=0; video=0x0; currentTime=0.00s; playing=False; progressed=False,2,2026-08-29T16:39:18+00:00,movie:sultan-salahuddin-ayyubi-s01e02:496
1694,movie,Mix Movies,Sultan Salahuddin Ayyubi S01E03,FAIL,,Browser blocked the media response (ORB; invalid or cross-origin media response),readyState=0; video=0x0; currentTime=0.00s; playing=False; progressed=False,2,2026-08-29T16:39:27+00:00,movie:sultan-salahuddin-ayyubi-s01e03:497
1695,movie,Mix Movies,Sultan Salahuddin Ayyubi S01E04,FAIL,,Browser blocked the media response (ORB; invalid or cross-origin media response),readyState=0; video=0x0; currentTime=0.00s; playing=False; progressed=False,2,2026-08-29T16:40:02+00:00,movie:sultan-salahuddin-ayyubi-s01e04:498
1696,movie,Mix Movies,Taqdeer S01 Complete,FAIL,,Browser blocked the media response (ORB; invalid or cross-origin media response),readyState=0; video=0x0; currentTime=0.00s; playing=False; progressed=False,2,2026-08-29T16:40:05+00:00,movie:taqdeer-s01-complete:501
1697,movie,Mix Movies,The Apartment Job S01E02 03 Dual,FAIL,,Browser blocked the media response (ORB; invalid or cross-origin media response),readyState=0; video=0x0; currentTime=0.00s; playing=False; progressed=False,2,2026-08-29T16:40:27+00:00,movie:the-apartment-job-s01e02-03-dual:502
1698,movie,Mix Movies,The Big Bang Theory S01 Complete,FAIL,,Browser blocked the media response (ORB; invalid or cross-origin media response),readyState=0; video=0x0; currentTime=0.00s; playing=False; progressed=False,2,2026-08-29T16:40:32+00:00,movie:the-big-bang-theory-s01-complete:503
1699,movie,Mix Movies,The Falcon and The Winter Soldier S01,FAIL,,Browser blocked the media response (ORB; invalid or cross-origin media response),readyState=0; video=0x0; currentTime=0.00s; playing=False; progressed=False,2,2026-08-29T16:41:08+00:00,movie:the-falcon-and-the-winter-soldier-s01:504
1700,movie,Mix Movies,The Tudors S01 Dual,FAIL,,Browser blocked the media response (ORB; invalid or cross-origin media response),readyState=0; video=0x0; currentTime=0.00s; playing=False; progressed=False,2,2026-08-29T16:41:11+00:00,movie:the-tudors-s01-dual:506
1701,movie,Mix Movies,Thukra Ke Mera Pyaar S02E01 04 Dual,FAIL,,Browser blocked the media response (ORB; invalid or cross-origin media response),readyState=0; video=0x0; currentTime=0.00s; playing=False; progressed=False,2,2026-08-29T16:41:32+00:00,movie:thukra-ke-mera-pyaar-s02e01-04-dual:507
1702,movie,Mix Movies,Thukra Ke Mera Pyaar S02E17 20 Dual,FAIL,,Browser blocked the media response (ORB; invalid or cross-origin media response),readyState=0; video=0x0; currentTime=0.00s; playing=False; progressed=False,2,2026-08-29T16:41:37+00:00,movie:thukra-ke-mera-pyaar-s02e17-20-dual:508
1703,movie,Mix Movies,Trigger NF ESub,FAIL,,Browser blocked the media response (ORB; invalid or cross-origin media response),readyState=0; video=0x0; currentTime=0.00s; playing=False; progressed=False,2,2026-08-29T16:42:17+00:00,movie:trigger-nf-esub:509
1704,movie,Mix Movies,Vikings S01,FAIL,,Browser blocked the media response (ORB; invalid or cross-origin media response),readyState=0; video=0x0; currentTime=0.00s; playing=False; progressed=False,2,2026-08-29T16:42:14+00:00,movie:vikings-s01:511
1705,movie,Mix Movies,Vikings S02,FAIL,,Browser blocked the media response (ORB; invalid or cross-origin media response),readyState=0; video=0x0; currentTime=0.00s; playing=False; progressed=False,2,2026-08-29T16:42:35+00:00,movie:vikings-s02:512
1706,movie,Mix Movies,Vikings S05,FAIL,,Browser blocked the media response (ORB; invalid or cross-origin media response),readyState=0; video=0x0; currentTime=0.00s; playing=False; progressed=False,2,2026-08-29T16:42:42+00:00,movie:vikings-s05:513
1707,movie,Mix Movies,[The Apartment Job S01E01 Dual,FAIL,,Browser blocked the media response (ORB; invalid or cross-origin media response),readyState=0; video=0x0; currentTime=0.00s; playing=False; progressed=False,2,2026-08-29T16:43:22+00:00,movie:the-apartment-job-s01e01-dual:514
1708,movie,Mix Movies,[The Apartment Job S01E04 Dual,FAIL,,Browser blocked the media response (ORB; invalid or cross-origin media response),readyState=0; video=0x0; currentTime=0.00s; playing=False; progressed=False,2,2026-08-29T16:29:18+00:00,movie:the-apartment-job-s01e04-dual:515
1709,movie,Mix Movies,House of the Dragon S02 E02 Dual,FAIL,,Browser blocked the media response (ORB; invalid or cross-origin media response),readyState=0; video=0x0; currentTime=0.00s; playing=False; progressed=False,2,2026-08-29T16:29:16+00:00,movie:house-of-the-dragon-s02-e02-dual:520
1710,movie,Mix Movies,Japani Toy S01E01 07,FAIL,,Browser blocked the media response (ORB; invalid or cross-origin media response),readyState=0; video=0x0; currentTime=0.00s; playing=False; progressed=False,2,2026-08-29T16:30:12+00:00,movie:japani-toy-s01e01-07:521
1711,movie,Mix Movies,John Wick Chapter 2 Dual,FAIL,,Browser blocked the media response (ORB; invalid or cross-origin media response),readyState=0; video=0x0; currentTime=0.00s; playing=False; progressed=False,2,2026-08-29T16:30:11+00:00,movie:john-wick-chapter-2-dual:522
1712,movie,Mix Movies,Money Heist S05 Vol 2 dual Complete new,FAIL,,Browser blocked the media response (ORB; invalid or cross-origin media response),readyState=0; video=0x0; currentTime=0.00s; playing=False; progressed=False,2,2026-08-29T16:30:28+00:00,movie:money-heist-s05-vol-2-dual-complete-new:524
1713,movie,Mix Movies,Narcos S01 E01 10,FAIL,,Browser blocked the media response (ORB; invalid or cross-origin media response),readyState=0; video=0x0; currentTime=0.00s; playing=False; progressed=False,2,2026-08-29T16:30:30+00:00,movie:narcos-s01-e01-10:525
1714,movie,Mix Movies,Paatal Lok S1,FAIL,,Browser blocked the media response (ORB; invalid or cross-origin media response),readyState=0; video=0x0; currentTime=0.00s; playing=False; progressed=False,2,2026-08-29T16:31:21+00:00,movie:paatal-lok-s1:526
1715,movie,Mix Movies,See You at Work Tomorrow S01E09 Dual,FAIL,,Browser blocked the media response (ORB; invalid or cross-origin media response),readyState=0; video=0x0; currentTime=0.00s; playing=False; progressed=False,2,2026-08-29T16:31:19+00:00,movie:see-you-at-work-tomorrow-s01e09-dual:528
1716,movie,Mix Movies,Something In The Rain S01 Complete AMZN,FAIL,,Browser blocked the media response (ORB; invalid or cross-origin media response),readyState=0; video=0x0; currentTime=0.00s; playing=False; progressed=False,2,2026-08-29T16:31:42+00:00,movie:something-in-the-rain-s01-complete-amzn:530
1717,movie,Mix Movies,Spider Man 1,FAIL,,Browser blocked the media response (ORB; invalid or cross-origin media response),readyState=0; video=0x0; currentTime=0.00s; playing=False; progressed=False,2,2026-08-29T16:31:44+00:00,movie:spider-man-1:531
1718,movie,Mix Movies,taare zameen par,FAIL,,Browser blocked the media response (ORB; invalid or cross-origin media response),readyState=0; video=0x0; currentTime=0.00s; playing=False; progressed=False,2,2026-08-29T16:32:27+00:00,movie:taare-zameen-par:533
1719,movie,Mix Movies,Teach You a Lesson S01 Dual,FAIL,,Browser blocked the media response (ORB; invalid or cross-origin media response),readyState=0; video=0x0; currentTime=0.00s; playing=False; progressed=False,2,2026-08-29T16:32:31+00:00,movie:teach-you-a-lesson-s01-dual:534
1720,movie,Mix Movies,The Apartment Job S01E07 Dual,FAIL,,Browser blocked the media response (ORB; invalid or cross-origin media response),readyState=0; video=0x0; currentTime=0.00s; playing=False; progressed=False,2,2026-08-29T16:32:51+00:00,movie:the-apartment-job-s01e07-dual:535
1721,movie,Mix Movies,The Apartment Job S01E08 Dual,FAIL,,Browser blocked the media response (ORB; invalid or cross-origin media response),readyState=0; video=0x0; currentTime=0.00s; playing=False; progressed=False,2,2026-08-29T16:32:58+00:00,movie:the-apartment-job-s01e08-dual:536
1722,movie,Mix Movies,The East Palace S01E01 04 Dual,FAIL,,Browser blocked the media response (ORB; invalid or cross-origin media response),readyState=0; video=0x0; currentTime=0.00s; playing=False; progressed=False,2,2026-08-29T16:33:35+00:00,movie:the-east-palace-s01e01-04-dual:539
1723,movie,Mix Movies,The East Palace S01E05 08 Dual,FAIL,,Browser blocked the media response (ORB; invalid or cross-origin media response),readyState=0; video=0x0; currentTime=0.00s; playing=False; progressed=False,2,2026-08-29T16:33:39+00:00,movie:the-east-palace-s01e05-08-dual:540
1724,movie,Mix Movies,Thukra Ke Mera Pyaar S01,FAIL,,Browser blocked the media response (ORB; invalid or cross-origin media response),readyState=0; video=0x0; currentTime=0.00s; playing=False; progressed=False,2,2026-08-29T16:38:13+00:00,movie:thukra-ke-mera-pyaar-s01:541
1725,movie,Mix Movies,Thukra Ke Mera Pyaar S02E05 08 Dual,FAIL,,Browser blocked the media response (ORB; invalid or cross-origin media response),readyState=0; video=0x0; currentTime=0.00s; playing=False; progressed=False,2,2026-08-29T16:38:22+00:00,movie:thukra-ke-mera-pyaar-s02e05-08-dual:542
1726,movie,Mix Movies,Thukra Ke Mera Pyaar S02E09 12 Dual,FAIL,,Browser blocked the media response (ORB; invalid or cross-origin media response),readyState=0; video=0x0; currentTime=0.00s; playing=False; progressed=False,2,2026-08-29T16:38:51+00:00,movie:thukra-ke-mera-pyaar-s02e09-12-dual:543
1727,movie,Mix Movies,Thukra Ke Mera Pyaar S02E21 25 Dual,FAIL,,Browser blocked the media response (ORB; invalid or cross-origin media response),readyState=0; video=0x0; currentTime=0.00s; playing=False; progressed=False,2,2026-08-29T16:39:00+00:00,movie:thukra-ke-mera-pyaar-s02e21-25-dual:544
1728,movie,Mix Movies,Thukra Ke Mera Pyaar S02E26 29 Dual,FAIL,,Browser blocked the media response (ORB; invalid or cross-origin media response),readyState=0; video=0x0; currentTime=0.00s; playing=False; progressed=False,2,2026-08-29T16:39:20+00:00,movie:thukra-ke-mera-pyaar-s02e26-29-dual:545
1729,movie,Mix Movies,Vikings S03,FAIL,,Browser blocked the media response (ORB; invalid or cross-origin media response),readyState=0; video=0x0; currentTime=0.00s; playing=False; progressed=False,2,2026-08-29T16:39:30+00:00,movie:vikings-s03:546
1730,movie,Mix Movies,Advocate Achinta Aich (2025) S02,FAIL,,Browser blocked the media response (ORB; invalid or cross-origin media response),readyState=0; video=0x0; currentTime=0.00s; playing=False; progressed=False,2,2026-08-29T16:40:05+00:00,movie:advocate-achinta-aich-2025-s02:547
1731,movie,Mix Movies,Ballerina 2025 HIN ENG ESub,FAIL,,Browser blocked the media response (ORB; invalid or cross-origin media response),readyState=0; video=0x0; currentTime=0.00s; playing=False; progressed=False,2,2026-08-29T16:40:07+00:00,movie:ballerina-2025-hin-eng-esub:548
1732,movie,Mix Movies,Bohemian Ghora 2025 S01,FAIL,,Browser blocked the media response (ORB; invalid or cross-origin media response),readyState=0; video=0x0; currentTime=0.00s; playing=False; progressed=False,2,2026-08-29T16:40:30+00:00,movie:bohemian-ghora-2025-s01:549
1733,movie,Mix Movies,Amaran (2024) Dual,FAIL,,Browser blocked the media response (ORB; invalid or cross-origin media response),readyState=0; video=0x0; currentTime=0.00s; playing=False; progressed=False,2,2026-08-29T16:40:35+00:00,movie:amaran-2024-dual:550
1734,movie,Mix Movies,Brave Citizen (2023) Dual,FAIL,,Browser blocked the media response (ORB; invalid or cross-origin media response),readyState=0; video=0x0; currentTime=0.00s; playing=False; progressed=False,2,2026-08-29T16:41:10+00:00,movie:brave-citizen-2023-dual:551
1735,movie,Mix Movies,Abhay 2019 S01,FAIL,,Browser blocked the media response (ORB; invalid or cross-origin media response),readyState=0; video=0x0; currentTime=0.00s; playing=False; progressed=False,2,2026-08-29T16:41:14+00:00,movie:abhay-2019-s01:552
1736,movie,Mix Movies,100 percent Love (2012),FAIL,,Browser blocked the media response (ORB; invalid or cross-origin media response),readyState=0; video=0x0; currentTime=0.00s; playing=False; progressed=False,2,2026-08-29T16:41:35+00:00,movie:100-percent-love-2012:553
1737,movie,Mix Movies,Baand Baaja Baraat 2010 BluRay,FAIL,,Browser blocked the media response (ORB; invalid or cross-origin media response),readyState=0; video=0x0; currentTime=0.00s; playing=False; progressed=False,2,2026-08-29T16:41:39+00:00,movie:baand-baaja-baraat-2010-bluray:554
1738,movie,Mix Movies,Alchemy Of Souls S01,FAIL,,Browser blocked the media response (ORB; invalid or cross-origin media response),readyState=0; video=0x0; currentTime=0.00s; playing=False; progressed=False,2,2026-08-29T16:42:19+00:00,movie:alchemy-of-souls-s01:555
1739,movie,Mix Movies,Aspirants S02 new,FAIL,,Browser blocked the media response (ORB; invalid or cross-origin media response),readyState=0; video=0x0; currentTime=0.00s; playing=False; progressed=False,2,2026-08-29T16:42:17+00:00,movie:aspirants-s02-new:556
1740,movie,Mix Movies,Bad Boy Billionaires India S01 Dual,FAIL,,Browser blocked the media response (ORB; invalid or cross-origin media response),readyState=0; video=0x0; currentTime=0.00s; playing=False; progressed=False,2,2026-08-29T16:42:38+00:00,movie:bad-boy-billionaires-india-s01-dual:557
1741,movie,Mix Movies,Bon Appetit Your Majesty S01E12 final Dual,FAIL,,Browser blocked the media response (ORB; invalid or cross-origin media response),readyState=0; video=0x0; currentTime=0.00s; playing=False; progressed=False,2,2026-08-29T16:42:44+00:00,movie:bon-appetit-your-majesty-s01e12-final-dual:558
1742,movie,Mix Movies,Breaking Bad S05,FAIL,,Browser blocked the media response (ORB; invalid or cross-origin media response),readyState=0; video=0x0; currentTime=0.00s; playing=False; progressed=False,2,2026-08-29T16:43:24+00:00,movie:breaking-bad-s05:559
1743,movie,Mix Movies,Byomkesh S6,FAIL,,Browser blocked the media response (ORB; invalid or cross-origin media response),readyState=0; video=0x0; currentTime=0.00s; playing=False; progressed=False,2,2026-08-29T16:29:20+00:00,movie:byomkesh-s6:560
1744,movie,Mix Movies,Agent Kim Reactivated S01E07 Dual,FAIL,,Browser blocked the media response (ORB; invalid or cross-origin media response),readyState=0; video=0x0; currentTime=0.00s; playing=False; progressed=False,2,2026-08-29T16:29:19+00:00,movie:agent-kim-reactivated-s01e07-dual:561
1745,movie,Mix Movies,Bachelor Point S05E01,FAIL,,Browser blocked the media response (ORB; invalid or cross-origin media response),readyState=0; video=0x0; currentTime=0.00s; playing=False; progressed=False,2,2026-08-29T16:30:15+00:00,movie:bachelor-point-s05e01:562
1746,movie,Mix Movies,Bon Appetit Your Majesty S01E05 Dual,FAIL,,Browser blocked the media response (ORB; invalid or cross-origin media response),readyState=0; video=0x0; currentTime=0.00s; playing=False; progressed=False,2,2026-08-29T16:30:14+00:00,movie:bon-appetit-your-majesty-s01e05-dual:563
1747,movie,Mix Movies,Bon Appetit Your Majesty S01E06 Dual,FAIL,,Browser blocked the media response (ORB; invalid or cross-origin media response),readyState=0; video=0x0; currentTime=0.00s; playing=False; progressed=False,2,2026-08-29T16:30:31+00:00,movie:bon-appetit-your-majesty-s01e06-dual:564
1748,movie,Mix Movies,Breaking Bad S04 E13 Dual,FAIL,,Browser blocked the media response (ORB; invalid or cross-origin media response),readyState=0; video=0x0; currentTime=0.00s; playing=False; progressed=False,2,2026-08-29T16:30:33+00:00,movie:breaking-bad-s04-e13-dual:565
1749,movie,Mix Movies,Breaking Bad S04E12 Dual,FAIL,,Browser blocked the media response (ORB; invalid or cross-origin media response),readyState=0; video=0x0; currentTime=0.00s; playing=False; progressed=False,2,2026-08-29T16:31:24+00:00,movie:breaking-bad-s04e12-dual:566
1750,movie,Mix Movies,Byomkesh S2,FAIL,,Browser blocked the media response (ORB; invalid or cross-origin media response),readyState=0; video=0x0; currentTime=0.00s; playing=False; progressed=False,2,2026-08-29T16:31:21+00:00,movie:byomkesh-s2:567
1751,movie,Mix Movies,Can This Love Be Translated (2026) S01 Dual,FAIL,,Browser blocked the media response (ORB; invalid or cross-origin media response),readyState=0; video=0x0; currentTime=0.00s; playing=False; progressed=False,2,2026-08-29T16:31:45+00:00,movie:can-this-love-be-translated-2026-s01-dual:568
1752,movie,Mix Movies,72 HOURS (2026) Dual,FAIL,,Browser blocked the media response (ORB; invalid or cross-origin media response),readyState=0; video=0x0; currentTime=0.00s; playing=False; progressed=False,2,2026-08-29T16:31:47+00:00,movie:72-hours-2026-dual:569
1753,movie,Mix Movies,Apex (2026) Dual,FAIL,,Browser blocked the media response (ORB; invalid or cross-origin media response),readyState=0; video=0x0; currentTime=0.00s; playing=False; progressed=False,2,2026-08-29T16:32:30+00:00,movie:apex-2026-dual:570
1754,movie,Mix Movies,Rockstar 2026,FAIL,,Browser blocked the media response (ORB; invalid or cross-origin media response),readyState=0; video=0x0; currentTime=0.00s; playing=False; progressed=False,2,2026-08-29T16:32:36+00:00,movie:rockstar-2026:571
1755,movie,Mix Movies,Dhumketu 2025,FAIL,,Browser blocked the media response (ORB; invalid or cross-origin media response),readyState=0; video=0x0; currentTime=0.00s; playing=False; progressed=False,2,2026-08-29T16:32:54+00:00,movie:dhumketu-2025:572
1756,movie,Mix Movies,83 2021 DSNP New,FAIL,,Browser blocked the media response (ORB; invalid or cross-origin media response),readyState=0; video=0x0; currentTime=0.00s; playing=False; progressed=False,2,2026-08-29T16:33:00+00:00,movie:83-2021-dsnp-new:573
1757,movie,Mix Movies,6 Underground (2019) NF,FAIL,,Browser blocked the media response (ORB; invalid or cross-origin media response),readyState=0; video=0x0; currentTime=0.00s; playing=False; progressed=False,2,2026-08-29T16:33:37+00:00,movie:6-underground-2019-nf:574
1758,movie,Mix Movies,Darkroom 2013 Dual,FAIL,,Browser blocked the media response (ORB; invalid or cross-origin media response),readyState=0; video=0x0; currentTime=0.00s; playing=False; progressed=False,2,2026-08-29T16:33:42+00:00,movie:darkroom-2013-dual:575
1759,movie,Mix Movies,2 Fast 2 Furious 2 2003 dual,FAIL,,Browser blocked the media response (ORB; invalid or cross-origin media response),readyState=0; video=0x0; currentTime=0.00s; playing=False; progressed=False,2,2026-08-29T16:38:15+00:00,movie:2-fast-2-furious-2-2003-dual:576
1760,movie,Mix Movies,Aashram S02,FAIL,,Browser blocked the media response (ORB; invalid or cross-origin media response),readyState=0; video=0x0; currentTime=0.00s; playing=False; progressed=False,2,2026-08-29T16:38:25+00:00,movie:aashram-s02:577
1761,movie,Mix Movies,Andh,FAIL,,Browser blocked the media response (ORB; invalid or cross-origin media response),readyState=0; video=0x0; currentTime=0.00s; playing=False; progressed=False,2,2026-08-29T16:38:54+00:00,movie:andh:578
1762,movie,Mix Movies,Byomkesh S4,FAIL,,Browser blocked the media response (ORB; invalid or cross-origin media response),readyState=0; video=0x0; currentTime=0.00s; playing=False; progressed=False,2,2026-08-29T16:39:03+00:00,movie:byomkesh-s4:579
1763,movie,Mix Movies,Breaking Bad S04E11 Dual,FAIL,,Browser blocked the media response (ORB; invalid or cross-origin media response),readyState=0; video=0x0; currentTime=0.00s; playing=False; progressed=False,2,2026-08-29T16:39:23+00:00,movie:breaking-bad-s04e11-dual:580
1764,movie,Mix Movies,Cheekatilo (2026),FAIL,,Browser blocked the media response (ORB; invalid or cross-origin media response),readyState=0; video=0x0; currentTime=0.00s; playing=False; progressed=False,2,2026-08-29T16:39:33+00:00,movie:cheekatilo-2026:581
1765,movie,Mix Movies,Arco 2026 Dual,FAIL,,Browser blocked the media response (ORB; invalid or cross-origin media response),readyState=0; video=0x0; currentTime=0.00s; playing=False; progressed=False,2,2026-08-29T16:40:07+00:00,movie:arco-2026-dual:582
1766,movie,Mix Movies,Chiraiya (2026) S01 Dual,FAIL,,Browser blocked the media response (ORB; invalid or cross-origin media response),readyState=0; video=0x0; currentTime=0.00s; playing=False; progressed=False,2,2026-08-29T16:40:10+00:00,movie:chiraiya-2026-s01-dual:583
1767,movie,Mix Movies,Chokro (2026) S02,FAIL,,Browser blocked the media response (ORB; invalid or cross-origin media response),readyState=0; video=0x0; currentTime=0.00s; playing=False; progressed=False,2,2026-08-29T16:40:32+00:00,movie:chokro-2026-s02:584
1768,movie,Mix Movies,Andhra King Thaluka (2025) Dual NF,FAIL,,Browser blocked the media response (ORB; invalid or cross-origin media response),readyState=0; video=0x0; currentTime=0.00s; playing=False; progressed=False,2,2026-08-29T16:40:37+00:00,movie:andhra-king-thaluka-2025-dual-nf:585
1769,movie,Mix Movies,Adv Achinta Aich (2024) S01,FAIL,,Browser blocked the media response (ORB; invalid or cross-origin media response),readyState=0; video=0x0; currentTime=0.00s; playing=False; progressed=False,2,2026-08-29T16:41:12+00:00,movie:adv-achinta-aich-2024-s01:586
1770,movie,Mix Movies,Crew 2024,FAIL,,Browser blocked the media response (ORB; invalid or cross-origin media response),readyState=0; video=0x0; currentTime=0.00s; playing=False; progressed=False,2,2026-08-29T16:41:16+00:00,movie:crew-2024:587
1771,movie,Mix Movies,36 Ghanta (2024) S01,FAIL,,Browser blocked the media response (ORB; invalid or cross-origin media response),readyState=0; video=0x0; currentTime=0.00s; playing=False; progressed=False,2,2026-08-29T16:41:37+00:00,movie:36-ghanta-2024-s01:588
1772,movie,Mix Movies,Alp Arsalan The Great Seljuk (2023) S01E01 10,FAIL,,Browser blocked the media response (ORB; invalid or cross-origin media response),readyState=0; video=0x0; currentTime=0.00s; playing=False; progressed=False,2,2026-08-29T16:41:42+00:00,movie:alp-arsalan-the-great-seljuk-2023-s01e01-10:589
1773,movie,Mix Movies,Bloodhounds (2023) S01 Dual,FAIL,,Browser blocked the media response (ORB; invalid or cross-origin media response),readyState=0; video=0x0; currentTime=0.00s; playing=False; progressed=False,2,2026-08-29T16:42:22+00:00,movie:bloodhounds-2023-s01-dual:590
1774,movie,Mix Movies,Cartel 2021 S1 Altbalaji,FAIL,,Browser blocked the media response (ORB; invalid or cross-origin media response),readyState=0; video=0x0; currentTime=0.00s; playing=False; progressed=False,2,2026-08-29T16:42:19+00:00,movie:cartel-2021-s1-altbalaji:591
1775,movie,Mix Movies,Aashram S01 2020,FAIL,,Browser blocked the media response (ORB; invalid or cross-origin media response),readyState=0; video=0x0; currentTime=0.00s; playing=False; progressed=False,2,2026-08-29T16:42:40+00:00,movie:aashram-s01-2020:592
1776,movie,Mix Movies,Cheeni (2020),FAIL,,Browser blocked the media response (ORB; invalid or cross-origin media response),readyState=0; video=0x0; currentTime=0.00s; playing=False; progressed=False,2,2026-08-29T16:42:47+00:00,movie:cheeni-2020:593
1777,movie,Mix Movies,Befikre (2016) BluRay,FAIL,,Browser blocked the media response (ORB; invalid or cross-origin media response),readyState=0; video=0x0; currentTime=0.00s; playing=False; progressed=False,2,2026-08-29T16:43:27+00:00,movie:befikre-2016-bluray:594
1778,movie,Mix Movies,Bajrangi Bhaijaan 2015,FAIL,,Browser blocked the media response (ORB; invalid or cross-origin media response),readyState=0; video=0x0; currentTime=0.00s; playing=False; progressed=False,2,2026-08-29T16:29:22+00:00,movie:bajrangi-bhaijaan-2015:595
1779,movie,Mix Movies,Chander Pahar 2013 AMZN new,FAIL,,Browser blocked the media response (ORB; invalid or cross-origin media response),readyState=0; video=0x0; currentTime=0.00s; playing=False; progressed=False,2,2026-08-29T16:29:21+00:00,movie:chander-pahar-2013-amzn-new:596
1780,movie,Mix Movies,Chup Chup Ke (2006),FAIL,,Browser blocked the media response (ORB; invalid or cross-origin media response),readyState=0; video=0x0; currentTime=0.00s; playing=False; progressed=False,2,2026-08-29T16:30:17+00:00,movie:chup-chup-ke-2006:597
1781,movie,Mix Movies,9 Songs 2004 BluRay,FAIL,,Browser blocked the media response (ORB; invalid or cross-origin media response),readyState=0; video=0x0; currentTime=0.00s; playing=False; progressed=False,2,2026-08-29T16:30:16+00:00,movie:9-songs-2004-bluray:598
1782,movie,Mix Movies,Chalte Chalte (2003) NF,FAIL,,Browser blocked the media response (ORB; invalid or cross-origin media response),readyState=0; video=0x0; currentTime=0.00s; playing=False; progressed=False,2,2026-08-29T16:30:33+00:00,movie:chalte-chalte-2003-nf:599
1783,movie,Mix Movies,Cannibal Holocaust 1980 DC BluRay,FAIL,,Browser blocked the media response (ORB; invalid or cross-origin media response),readyState=0; video=0x0; currentTime=0.00s; playing=False; progressed=False,2,2026-08-29T16:30:36+00:00,movie:cannibal-holocaust-1980-dc-bluray:600
1784,movie,Mix Movies,Byomkesh S3,FAIL,,Browser blocked the media response (ORB; invalid or cross-origin media response),readyState=0; video=0x0; currentTime=0.00s; playing=False; progressed=False,2,2026-08-29T16:31:26+00:00,movie:byomkesh-s3:601
1785,movie,Mix Movies,Byomkesh S5,FAIL,,Browser blocked the media response (ORB; invalid or cross-origin media response),readyState=0; video=0x0; currentTime=0.00s; playing=False; progressed=False,2,2026-08-29T16:31:24+00:00,movie:byomkesh-s5:602
1786,movie,Mix Movies,ACHoME BR ORG,FAIL,,Browser blocked the media response (ORB; invalid or cross-origin media response),readyState=0; video=0x0; currentTime=0.00s; playing=False; progressed=False,2,2026-08-29T16:31:47+00:00,movie:achome-br-org:603
1787,movie,Mix Movies,Bachelor Point S05E93,FAIL,,Browser blocked the media response (ORB; invalid or cross-origin media response),readyState=0; video=0x0; currentTime=0.00s; playing=False; progressed=False,2,2026-08-29T16:31:49+00:00,movie:bachelor-point-s05e93:604
1788,movie,Mix Movies,Better Call Saul S02 dual,FAIL,,Browser blocked the media response (ORB; invalid or cross-origin media response),readyState=0; video=0x0; currentTime=0.00s; playing=False; progressed=False,2,2026-08-29T16:32:32+00:00,movie:better-call-saul-s02-dual:605
1789,movie,Mix Movies,Breaking Bad S04 dual E01 02,FAIL,,Browser blocked the media response (ORB; invalid or cross-origin media response),readyState=0; video=0x0; currentTime=0.00s; playing=False; progressed=False,2,2026-08-29T16:32:38+00:00,movie:breaking-bad-s04-dual-e01-02:606
1790,movie,Mix Movies,Breaking Bad S04 E06 Dual,FAIL,,Browser blocked the media response (ORB; invalid or cross-origin media response),readyState=0; video=0x0; currentTime=0.00s; playing=False; progressed=False,2,2026-08-29T16:32:56+00:00,movie:breaking-bad-s04-e06-dual:607
1791,movie,Mix Movies,Breaking Bad S04 E09 Dual,FAIL,,Browser blocked the media response (ORB; invalid or cross-origin media response),readyState=0; video=0x0; currentTime=0.00s; playing=False; progressed=False,2,2026-08-29T16:33:02+00:00,movie:breaking-bad-s04-e09-dual:608
1792,movie,Mix Movies,Breaking Bad S04E03 Dual,FAIL,,Browser blocked the media response (ORB; invalid or cross-origin media response),readyState=0; video=0x0; currentTime=0.00s; playing=False; progressed=False,2,2026-08-29T16:33:40+00:00,movie:breaking-bad-s04e03-dual:609
1793,movie,Mix Movies,Breaking Bad S04E04 Dual,FAIL,,Browser blocked the media response (ORB; invalid or cross-origin media response),readyState=0; video=0x0; currentTime=0.00s; playing=False; progressed=False,2,2026-08-29T16:33:44+00:00,movie:breaking-bad-s04e04-dual:610
1794,movie,Mix Movies,Breaking Bad S04E05 Dual,FAIL,,Browser blocked the media response (ORB; invalid or cross-origin media response),readyState=0; video=0x0; currentTime=0.00s; playing=False; progressed=False,2,2026-08-29T16:38:18+00:00,movie:breaking-bad-s04e05-dual:611
1795,movie,Mix Movies,Breaking Bad S04E07 Dual,FAIL,,Browser blocked the media response (ORB; invalid or cross-origin media response),readyState=0; video=0x0; currentTime=0.00s; playing=False; progressed=False,2,2026-08-29T16:38:27+00:00,movie:breaking-bad-s04e07-dual:612
1796,movie,Mix Movies,Breaking Bad S04E08 Dual,FAIL,,Browser blocked the media response (ORB; invalid or cross-origin media response),readyState=0; video=0x0; currentTime=0.00s; playing=False; progressed=False,2,2026-08-29T16:38:56+00:00,movie:breaking-bad-s04e08-dual:613
1797,movie,Mix Movies,Breaking Bad S04E10 Dual,FAIL,,Browser blocked the media response (ORB; invalid or cross-origin media response),readyState=0; video=0x0; currentTime=0.00s; playing=False; progressed=False,2,2026-08-29T16:39:05+00:00,movie:breaking-bad-s04e10-dual:614
1798,movie,Mix Movies,Dadagiri Unlimited S11E03,FAIL,,Browser blocked the media response (ORB; invalid or cross-origin media response),readyState=0; video=0x0; currentTime=0.00s; playing=False; progressed=False,2,2026-08-29T16:39:25+00:00,movie:dadagiri-unlimited-s11e03:615
1799,movie,Mix Movies,Daredevil Dual S01 E01 13,FAIL,,Browser blocked the media response (ORB; invalid or cross-origin media response),readyState=0; video=0x0; currentTime=0.00s; playing=False; progressed=False,2,2026-08-29T16:39:35+00:00,movie:daredevil-dual-s01-e01-13:616
1800,movie,Mix Movies,28 Years Later 2025 Dual,FAIL,,Browser blocked the media response (ORB; invalid or cross-origin media response),readyState=0; video=0x0; currentTime=0.00s; playing=False; progressed=False,2,2026-08-29T16:40:09+00:00,movie:28-years-later-2025-dual:617
1801,movie,Mix Movies,AKA S01,FAIL,,Browser blocked the media response (ORB; invalid or cross-origin media response),readyState=0; video=0x0; currentTime=0.00s; playing=False; progressed=False,2,2026-08-29T16:40:12+00:00,movie:aka-s01:618
1802,movie,Mix Movies,Bachelor Point S05E02,FAIL,,Browser blocked the media response (ORB; invalid or cross-origin media response),readyState=0; video=0x0; currentTime=0.00s; playing=False; progressed=False,2,2026-08-29T16:40:34+00:00,movie:bachelor-point-s05e02:619
1803,movie,Mix Movies,Avatar Aang The Last Airbender (2026) Dual,FAIL,,Browser blocked the media response (ORB; invalid or cross-origin media response),readyState=0; video=0x0; currentTime=0.00s; playing=False; progressed=False,2,2026-08-29T16:40:40+00:00,movie:avatar-aang-the-last-airbender-2026-dual:620
1804,movie,Mix Movies,Avatar The Last Airbender (2026) S02E01 07 Dual,FAIL,,Browser blocked the media response (ORB; invalid or cross-origin media response),readyState=0; video=0x0; currentTime=0.00s; playing=False; progressed=False,2,2026-08-29T16:41:14+00:00,movie:avatar-the-last-airbender-2026-s02e01-07-dual:621
1805,movie,Mix Movies,Boulevard (2026) Dual,FAIL,,Browser blocked the media response (ORB; invalid or cross-origin media response),readyState=0; video=0x0; currentTime=0.00s; playing=False; progressed=False,2,2026-08-29T16:41:18+00:00,movie:boulevard-2026-dual:622
1806,movie,Mix Movies,Arjun Son Of Vyjayanthi (2025) Dual,FAIL,,Browser blocked the media response (ORB; invalid or cross-origin media response),readyState=0; video=0x0; currentTime=0.00s; playing=False; progressed=False,2,2026-08-29T16:41:39+00:00,movie:arjun-son-of-vyjayanthi-2025-dual:623
1807,movie,Mix Movies,Avatar Fire and Ash (2025) Dual BluRay,FAIL,,Browser blocked the media response (ORB; invalid or cross-origin media response),readyState=0; video=0x0; currentTime=0.00s; playing=False; progressed=False,2,2026-08-29T16:41:44+00:00,movie:avatar-fire-and-ash-2025-dual-bluray:624
1808,movie,Mix Movies,3BHK (2025) ESub,FAIL,,Browser blocked the media response (ORB; invalid or cross-origin media response),readyState=0; video=0x0; currentTime=0.00s; playing=False; progressed=False,2,2026-08-29T16:42:24+00:00,movie:3bhk-2025-esub:625
1809,movie,Mix Movies,Beast of War (2025) Dual,FAIL,,Browser blocked the media response (ORB; invalid or cross-origin media response),readyState=0; video=0x0; currentTime=0.00s; playing=False; progressed=False,2,2026-08-29T16:42:21+00:00,movie:beast-of-war-2025-dual:626
1810,movie,Mix Movies,Cashero (2025) S01,FAIL,,Browser blocked the media response (ORB; invalid or cross-origin media response),readyState=0; video=0x0; currentTime=0.00s; playing=False; progressed=False,2,2026-08-29T16:42:42+00:00,movie:cashero-2025-s01:627
1811,movie,Mix Movies,Ajogyo 2024,FAIL,,Browser blocked the media response (ORB; invalid or cross-origin media response),readyState=0; video=0x0; currentTime=0.00s; playing=False; progressed=False,2,2026-08-29T16:42:49+00:00,movie:ajogyo-2024:628
1812,movie,Mix Movies,Ant Man and the Wasp Quantumania (2023) Dual,FAIL,,Browser blocked the media response (ORB; invalid or cross-origin media response),readyState=0; video=0x0; currentTime=0.00s; playing=False; progressed=False,2,2026-08-29T16:43:29+00:00,movie:ant-man-and-the-wasp-quantumania-2023-dual:629
1813,movie,Mix Movies,Beautiful Disaster (2023) Dual ORG,FAIL,,Browser blocked the media response (ORB; invalid or cross-origin media response),readyState=0; video=0x0; currentTime=0.00s; playing=False; progressed=False,2,2026-08-29T16:29:25+00:00,movie:beautiful-disaster-2023-dual-org:630
1814,movie,Mix Movies,Alice in Borderland (2022) S02 Dual,FAIL,,Browser blocked the media response (ORB; invalid or cross-origin media response),readyState=0; video=0x0; currentTime=0.00s; playing=False; progressed=False,2,2026-08-29T16:29:23+00:00,movie:alice-in-borderland-2022-s02-dual:631
1815,movie,Mix Movies,Anjaam Pathiraa 2022 Dual,FAIL,,Browser blocked the media response (ORB; invalid or cross-origin media response),readyState=0; video=0x0; currentTime=0.00s; playing=False; progressed=False,2,2026-08-29T16:30:19+00:00,movie:anjaam-pathiraa-2022-dual:632
1816,movie,Mix Movies,Cadaver (2022) Dual,FAIL,,Browser blocked the media response (ORB; invalid or cross-origin media response),readyState=0; video=0x0; currentTime=0.00s; playing=False; progressed=False,2,2026-08-29T16:30:18+00:00,movie:cadaver-2022-dual:633
1817,movie,Mix Movies,Alice in Borderland 2022 S01 Dual,FAIL,,Browser blocked the media response (ORB; invalid or cross-origin media response),readyState=0; video=0x0; currentTime=0.00s; playing=False; progressed=False,2,2026-08-29T16:30:36+00:00,movie:alice-in-borderland-2022-s01-dual:634
1818,movie,Mix Movies,365 Days 2020 Dual,FAIL,,Browser blocked the media response (ORB; invalid or cross-origin media response),readyState=0; video=0x0; currentTime=0.00s; playing=False; progressed=False,2,2026-08-29T16:30:38+00:00,movie:365-days-2020-dual:635
1819,movie,Mix Movies,Avengers Endgame 2019 dual new,FAIL,,Browser blocked the media response (ORB; invalid or cross-origin media response),readyState=0; video=0x0; currentTime=0.00s; playing=False; progressed=False,2,2026-08-29T16:31:29+00:00,movie:avengers-endgame-2019-dual-new:636
1820,movie,Mix Movies,Avengers Infinity War (2018),FAIL,,Browser blocked the media response (ORB; invalid or cross-origin media response),readyState=0; video=0x0; currentTime=0.00s; playing=False; progressed=False,2,2026-08-29T16:31:26+00:00,movie:avengers-infinity-war-2018:637
1821,movie,Mix Movies,Badhaai Ho 2018,FAIL,,Browser blocked the media response (ORB; invalid or cross-origin media response),readyState=0; video=0x0; currentTime=0.00s; playing=False; progressed=False,2,2026-08-29T16:31:50+00:00,movie:badhaai-ho-2018:638
1822,movie,Mix Movies,Besh Korechi Prem Korechi 2015 new,FAIL,,Browser blocked the media response (ORB; invalid or cross-origin media response),readyState=0; video=0x0; currentTime=0.00s; playing=False; progressed=False,2,2026-08-29T16:31:52+00:00,movie:besh-korechi-prem-korechi-2015-new:639
1823,movie,Mix Movies,Cosmic Sex (2015),FAIL,,Browser blocked the media response (ORB; invalid or cross-origin media response),readyState=0; video=0x0; currentTime=0.00s; playing=False; progressed=False,2,2026-08-29T16:32:34+00:00,movie:cosmic-sex-2015:640
1824,movie,Mix Movies,Captain America The Winter Soldier (2014) BluRa new,FAIL,,Browser blocked the media response (ORB; invalid or cross-origin media response),readyState=0; video=0x0; currentTime=0.00s; playing=False; progressed=False,2,2026-08-29T16:32:40+00:00,movie:captain-america-the-winter-soldier-2014-blura-new:641
1825,movie,Mix Movies,Aashiqui 2 2013,FAIL,,Browser blocked the media response (ORB; invalid or cross-origin media response),readyState=0; video=0x0; currentTime=0.00s; playing=False; progressed=False,2,2026-08-29T16:32:59+00:00,movie:aashiqui-2-2013:642
1826,movie,Mix Movies,Chennai Express 2013,FAIL,,Browser blocked the media response (ORB; invalid or cross-origin media response),readyState=0; video=0x0; currentTime=0.00s; playing=False; progressed=False,2,2026-08-29T16:33:05+00:00,movie:chennai-express-2013:643
1827,movie,Mix Movies,3 Idiots 2009 new,FAIL,,Browser blocked the media response (ORB; invalid or cross-origin media response),readyState=0; video=0x0; currentTime=0.00s; playing=False; progressed=False,2,2026-08-29T16:33:42+00:00,movie:3-idiots-2009-new:644
1828,movie,Mix Movies,Breaking Bad (2008) S01E01 Dual new,FAIL,,Browser blocked the media response (ORB; invalid or cross-origin media response),readyState=0; video=0x0; currentTime=0.00s; playing=False; progressed=False,2,2026-08-29T16:33:46+00:00,movie:breaking-bad-2008-s01e01-dual-new:645
1829,movie,Mix Movies,Awarapan 2007,FAIL,,Browser blocked the media response (ORB; invalid or cross-origin media response),readyState=0; video=0x0; currentTime=0.00s; playing=False; progressed=False,2,2026-08-29T16:38:20+00:00,movie:awarapan-2007:646
1830,movie,Mix Movies,Atonement (2007) Dual,FAIL,,Browser blocked the media response (ORB; invalid or cross-origin media response),readyState=0; video=0x0; currentTime=0.00s; playing=False; progressed=False,2,2026-08-29T16:38:29+00:00,movie:atonement-2007-dual:647
1831,movie,Mix Movies,Casino Royale 2006 BluRay,FAIL,,Browser blocked the media response (ORB; invalid or cross-origin media response),readyState=0; video=0x0; currentTime=0.00s; playing=False; progressed=False,2,2026-08-29T16:38:58+00:00,movie:casino-royale-2006-bluray:648
1832,movie,Mix Movies,Arya Ki Prem Pratigya 2004 ZEE5,FAIL,,Browser blocked the media response (ORB; invalid or cross-origin media response),readyState=0; video=0x0; currentTime=0.00s; playing=False; progressed=False,2,2026-08-29T16:39:07+00:00,movie:arya-ki-prem-pratigya-2004-zee5:649
1833,movie,Mix Movies,A Shop For Killers S01,FAIL,,Browser blocked the media response (ORB; invalid or cross-origin media response),readyState=0; video=0x0; currentTime=0.00s; playing=False; progressed=False,2,2026-08-29T16:39:27+00:00,movie:a-shop-for-killers-s01:650
1834,movie,Mix Movies,Aashram S01,FAIL,,Browser blocked the media response (ORB; invalid or cross-origin media response),readyState=0; video=0x0; currentTime=0.00s; playing=False; progressed=False,2,2026-08-29T16:39:37+00:00,movie:aashram-s01:651
1835,movie,Mix Movies,Agent Kim Reactivated S01E06 Dual,FAIL,,Browser blocked the media response (ORB; invalid or cross-origin media response),readyState=0; video=0x0; currentTime=0.00s; playing=False; progressed=False,2,2026-08-29T16:40:11+00:00,movie:agent-kim-reactivated-s01e06-dual:652
1836,movie,Mix Movies,Agent Kim Reactivated S01E10 Dual,FAIL,,Browser blocked the media response (ORB; invalid or cross-origin media response),readyState=0; video=0x0; currentTime=0.00s; playing=False; progressed=False,2,2026-08-29T16:40:14+00:00,movie:agent-kim-reactivated-s01e10-dual:653
1837,movie,Mix Movies,Alice in Borderland S03 Dual,FAIL,,Browser blocked the media response (ORB; invalid or cross-origin media response),readyState=0; video=0x0; currentTime=0.00s; playing=False; progressed=False,2,2026-08-29T16:40:37+00:00,movie:alice-in-borderland-s03-dual:654
1838,movie,Mix Movies,Aspirants S01,FAIL,,Browser blocked the media response (ORB; invalid or cross-origin media response),readyState=0; video=0x0; currentTime=0.00s; playing=False; progressed=False,2,2026-08-29T16:40:42+00:00,movie:aspirants-s01:655
1839,movie,Mix Movies,Bachelor Point S05E100,FAIL,,Browser blocked the media response (ORB; invalid or cross-origin media response),readyState=0; video=0x0; currentTime=0.00s; playing=False; progressed=False,2,2026-08-29T16:41:19+00:00,movie:bachelor-point-s05e100:656
1840,movie,Mix Movies,Bachelor Point S05E101,FAIL,,Browser blocked the media response (ORB; invalid or cross-origin media response),readyState=0; video=0x0; currentTime=0.00s; playing=False; progressed=False,2,2026-08-29T16:41:22+00:00,movie:bachelor-point-s05e101:657
1841,movie,Mix Movies,Bachelor Point S05E101 104,FAIL,,Browser blocked the media response (ORB; invalid or cross-origin media response),readyState=0; video=0x0; currentTime=0.00s; playing=False; progressed=False,2,2026-08-29T16:41:43+00:00,movie:bachelor-point-s05e101-104:658
1842,movie,Mix Movies,Bachelor Point S05E102,FAIL,,Browser blocked the media response (ORB; invalid or cross-origin media response),readyState=0; video=0x0; currentTime=0.00s; playing=False; progressed=False,2,2026-08-29T16:41:48+00:00,movie:bachelor-point-s05e102:659
1843,movie,Mix Movies,Bachelor Point S05E103,FAIL,,Browser blocked the media response (ORB; invalid or cross-origin media response),readyState=0; video=0x0; currentTime=0.00s; playing=False; progressed=False,2,2026-08-29T16:42:28+00:00,movie:bachelor-point-s05e103:660
1844,movie,Mix Movies,Bachelor Point S05E104,FAIL,,Browser blocked the media response (ORB; invalid or cross-origin media response),readyState=0; video=0x0; currentTime=0.00s; playing=False; progressed=False,2,2026-08-29T16:42:24+00:00,movie:bachelor-point-s05e104:661
1845,movie,Mix Movies,Bachelor Point S05E89 96,FAIL,,Browser blocked the media response (ORB; invalid or cross-origin media response),readyState=0; video=0x0; currentTime=0.00s; playing=False; progressed=False,2,2026-08-29T16:42:45+00:00,movie:bachelor-point-s05e89-96:662
1846,movie,Mix Movies,Bachelor Point S05E90,FAIL,,Browser blocked the media response (ORB; invalid or cross-origin media response),readyState=0; video=0x0; currentTime=0.00s; playing=False; progressed=False,2,2026-08-29T16:42:52+00:00,movie:bachelor-point-s05e90:663
1847,movie,Mix Movies,Bachelor Point S05E91,FAIL,,Browser blocked the media response (ORB; invalid or cross-origin media response),readyState=0; video=0x0; currentTime=0.00s; playing=False; progressed=False,2,2026-08-29T16:43:32+00:00,movie:bachelor-point-s05e91:664
1848,movie,Mix Movies,Bachelor Point S05E94,FAIL,,Browser blocked the media response (ORB; invalid or cross-origin media response),readyState=0; video=0x0; currentTime=0.00s; playing=False; progressed=False,2,2026-08-29T16:29:27+00:00,movie:bachelor-point-s05e94:665
1849,movie,Mix Movies,Bachelor Point S05E95,FAIL,,Browser blocked the media response (ORB; invalid or cross-origin media response),readyState=0; video=0x0; currentTime=0.00s; playing=False; progressed=False,2,2026-08-29T16:29:25+00:00,movie:bachelor-point-s05e95:666
1850,movie,Mix Movies,Bachelor Point S05E96,FAIL,,Browser blocked the media response (ORB; invalid or cross-origin media response),readyState=0; video=0x0; currentTime=0.00s; playing=False; progressed=False,2,2026-08-29T16:30:21+00:00,movie:bachelor-point-s05e96:667
1851,movie,Mix Movies,Bachelor Point S05E97,FAIL,,Browser blocked the media response (ORB; invalid or cross-origin media response),readyState=0; video=0x0; currentTime=0.00s; playing=False; progressed=False,2,2026-08-29T16:30:22+00:00,movie:bachelor-point-s05e97:668
1852,movie,Mix Movies,Bachelor Point S05E97 100,FAIL,,Browser blocked the media response (ORB; invalid or cross-origin media response),readyState=0; video=0x0; currentTime=0.00s; playing=False; progressed=False,2,2026-08-29T16:30:40+00:00,movie:bachelor-point-s05e97-100:669
1853,movie,Mix Movies,Bachelor Point S05E98,FAIL,,Browser blocked the media response (ORB; invalid or cross-origin media response),readyState=0; video=0x0; currentTime=0.00s; playing=False; progressed=False,2,2026-08-29T16:30:42+00:00,movie:bachelor-point-s05e98:670
1854,movie,Mix Movies,Bachelor Point S05E99,FAIL,,Browser blocked the media response (ORB; invalid or cross-origin media response),readyState=0; video=0x0; currentTime=0.00s; playing=False; progressed=False,2,2026-08-29T16:31:33+00:00,movie:bachelor-point-s05e99:671
1855,movie,Mix Movies,Bhaukaal S2,FAIL,,Browser blocked the media response (ORB; invalid or cross-origin media response),readyState=0; video=0x0; currentTime=0.00s; playing=False; progressed=False,2,2026-08-29T16:31:28+00:00,movie:bhaukaal-s2:672
1856,movie,Mix Movies,Breaking Bad S05E16 Dual,FAIL,,Browser blocked the media response (ORB; invalid or cross-origin media response),readyState=0; video=0x0; currentTime=0.00s; playing=False; progressed=False,2,2026-08-29T16:31:52+00:00,movie:breaking-bad-s05e16-dual:673
1857,movie,Mix Movies,Chokro S01 iScreen,FAIL,,Browser blocked the media response (ORB; invalid or cross-origin media response),readyState=0; video=0x0; currentTime=0.00s; playing=False; progressed=False,2,2026-08-29T16:31:54+00:00,movie:chokro-s01-iscreen:674
1858,movie,Mix Movies,Agent Kim Reactivated S01E09 Dual,FAIL,,Browser blocked the media response (ORB; invalid or cross-origin media response),readyState=0; video=0x0; currentTime=0.00s; playing=False; progressed=False,2,2026-08-29T16:32:36+00:00,movie:agent-kim-reactivated-s01e09-dual:675
1859,movie,Mix Movies,Bachelor Point S05E09 16,FAIL,,Browser blocked the media response (ORB; invalid or cross-origin media response),readyState=0; video=0x0; currentTime=0.00s; playing=False; progressed=False,2,2026-08-29T16:32:43+00:00,movie:bachelor-point-s05e09-16:676
1860,movie,Mix Movies,Bachelor Point S05E13,FAIL,,Browser blocked the media response (ORB; invalid or cross-origin media response),readyState=0; video=0x0; currentTime=0.00s; playing=False; progressed=False,2,2026-08-29T16:33:01+00:00,movie:bachelor-point-s05e13:677
1861,movie,Mix Movies,Bachelor Point S05E81,FAIL,,Browser blocked the media response (ORB; invalid or cross-origin media response),readyState=0; video=0x0; currentTime=0.00s; playing=False; progressed=False,2,2026-08-29T16:33:07+00:00,movie:bachelor-point-s05e81:678
1862,movie,Mix Movies,Bachelor Point S05E81 88,FAIL,,Browser blocked the media response (ORB; invalid or cross-origin media response),readyState=0; video=0x0; currentTime=0.00s; playing=False; progressed=False,2,2026-08-29T16:33:44+00:00,movie:bachelor-point-s05e81-88:679
1863,movie,Mix Movies,Bachelor Point S05E92,FAIL,,Browser blocked the media response (ORB; invalid or cross-origin media response),readyState=0; video=0x0; currentTime=0.00s; playing=False; progressed=False,2,2026-08-29T16:33:49+00:00,movie:bachelor-point-s05e92:680
